checkpoint_episode,scenario_id,policy,n_nodes,slots,update_probability,target_tx_ratio,matched_rate_probability,policy_probability,mean_VAoI,actual_tx_ratio,action_prob_mean,action_prob_std,action_prob_min,action_prob_p10,action_prob_p50,action_prob_p90,action_prob_max,action_prob_node_std_mean,action_prob_global_std,action_prob_per_node_mean_std,topology,model,node_count
190,n050_s00,nn,50,200,0.2,0.1,0.10537497699260712,0.10537497699260712,4.159112244897957,0.1056,0.10537497699260712,0.06928000599145889,0.021458029747009277,0.02864268720149994,0.0952238142490387,0.19906033277511598,0.3173407316207886,0.06765346229076385,0.06928000599145889,0.02313503995537758,community,cross_model,50
190,n050_s00,matched_random,50,200,0.2,0.1,0.10537497699260712,0.10537497699260712,6.009293877551023,0.10619999999999999,0.10537496209144592,1.4901161193847656e-08,0.10537497699260712,0.10537497699260712,0.10537497699260712,0.10537497699260712,0.10537497699260712,0.0,1.4901161193847656e-08,7.450580596923828e-09,community,cross_model,50
190,n050_s01,nn,50,200,0.2,0.1,0.11407177895307541,0.11407177895307541,3.6763040816326544,0.1202,0.11407177895307541,0.07573805004358292,0.021516412496566772,0.03206736743450165,0.10120102763175964,0.2015677362680436,0.4033438265323639,0.07408694922924042,0.07573805004358292,0.02523251622915268,community,cross_model,50
190,n050_s01,matched_random,50,200,0.2,0.1,0.11407177895307541,0.11407177895307541,4.835165306122449,0.10980000000000001,0.11407175660133362,2.2351741790771484e-08,0.11407177895307541,0.11407177895307541,0.11407177895307541,0.11407177895307541,0.11407177895307541,0.0,2.2351741790771484e-08,7.450580596923828e-09,community,cross_model,50
190,n050_s02,nn,50,200,0.2,0.1,0.11071538180112839,0.11071538180112839,4.412806122448979,0.1118,0.11071538180112839,0.07252872735261917,0.02147132158279419,0.030463483929634095,0.09587684273719788,0.21568771302700043,0.3291287422180176,0.0709552988409996,0.07252872735261917,0.022944390773773193,community,cross_model,50
190,n050_s02,matched_random,50,200,0.2,0.1,0.11071538180112839,0.11071538180112839,5.462642857142859,0.1099,0.11071538180112839,0.0,0.11071538180112839,0.11071538180112839,0.11071538180112839,0.11071538180112839,0.11071538180112839,0.0,0.0,0.0,community,cross_model,50
190,n050_s03,nn,50,200,0.2,0.1,0.11723283678293228,0.11723283678293228,3.5071448979591837,0.11960000000000001,0.11723283678293228,0.07820696383714676,0.02151930332183838,0.03258562684059143,0.10365679860115051,0.2209234684705735,0.4032304286956787,0.07644564658403397,0.07820696383714676,0.02767116203904152,community,cross_model,50
190,n050_s03,matched_random,50,200,0.2,0.1,0.11723283678293228,0.11723283678293228,4.764220408163267,0.11599999999999999,0.11723282188177109,1.4901161193847656e-08,0.11723283678293228,0.11723283678293228,0.11723283678293228,0.11723283678293228,0.11723283678293228,0.0,1.4901161193847656e-08,0.0,community,cross_model,50
190,n050_s04,nn,50,200,0.2,0.1,0.11852430552244186,0.11852430552244186,3.997659183673467,0.1124,0.11852430552244186,0.0774967148900032,0.021550357341766357,0.03276866972446442,0.10605417191982269,0.22501393556594848,0.4034338593482971,0.07588385790586472,0.0774967148900032,0.025199970230460167,community,cross_model,50
190,n050_s04,matched_random,50,200,0.2,0.1,0.11852430552244186,0.11852430552244186,5.1168510204081645,0.1204,0.11852430552244186,0.0,0.11852430552244186,0.11852430552244186,0.11852430552244186,0.11852430552244186,0.11852430552244186,1.4901161193847656e-08,0.0,0.0,community,cross_model,50
190,n060_s00,nn,60,200,0.2,0.1,0.11118367314338684,0.11118367314338684,4.07491242937853,0.11416666666666667,0.11118367314338684,0.07439988106489182,0.021448880434036255,0.03067934513092041,0.10003803670406342,0.1987388491630554,0.403443843126297,0.07279840111732483,0.07439988106489182,0.025412542745471,community,cross_model,60
190,n060_s00,matched_random,60,200,0.2,0.1,0.11118367314338684,0.11118367314338684,6.3190070621468895,0.10841666666666666,0.11118365824222565,1.4901161193847656e-08,0.11118367314338684,0.11118367314338684,0.11118367314338684,0.11118367314338684,0.11118367314338684,1.4901161193847656e-08,1.4901161193847656e-08,0.0,community,cross_model,60
190,n060_s01,nn,60,200,0.2,0.1,0.11020592600107193,0.11020592600107193,4.373896892655366,0.10875,0.11020592600107193,0.07208862155675888,0.021458029747009277,0.030824518203735354,0.10052875801920891,0.20609310269355774,0.33806633949279785,0.07057763636112213,0.07208862155675888,0.023162666708230972,community,cross_model,60
190,n060_s01,matched_random,60,200,0.2,0.1,0.11020592600107193,0.11020592600107193,5.556992937853107,0.10858333333333332,0.11020592600107193,0.0,0.11020592600107193,0.11020592600107193,0.11020592600107193,0.11020592600107193,0.11020592600107193,1.4901161193847656e-08,0.0,7.450580596923828e-09,community,cross_model,60
190,n060_s02,nn,60,200,0.2,0.1,0.11262169480323792,0.11262169480323792,4.615333333333336,0.11366666666666667,0.11262169480323792,0.07387887686491013,0.021475033834576607,0.03161748051643371,0.0982239842414856,0.21296216845512395,0.4035152494907379,0.07241631299257278,0.07387887686491013,0.022608870640397072,community,cross_model,60
190,n060_s02,matched_random,60,200,0.2,0.1,0.11262169480323792,0.11262169480323792,7.496101694915251,0.11274999999999999,0.11262167245149612,2.2351741790771484e-08,0.11262169480323792,0.11262169480323792,0.11262169480323792,0.11262169480323792,0.11262169480323792,7.450580596923828e-09,2.2351741790771484e-08,7.450580596923828e-09,community,cross_model,60
190,n060_s03,nn,60,200,0.2,0.1,0.11798978596925735,0.11798978596925735,4.211016949152544,0.1165,0.11798978596925735,0.08201182633638382,0.021464288234710693,0.030628320574760438,0.09931303560733795,0.2307042241096497,0.4035109877586365,0.08072040230035782,0.08201182633638382,0.0328114777803421,community,cross_model,60
190,n060_s03,matched_random,60,200,0.2,0.1,0.11798978596925735,0.11798978596925735,5.752481638418079,0.12091666666666666,0.11798978596925735,0.0,0.11798978596925735,0.11798978596925735,0.11798978596925735,0.11798978596925735,0.11798978596925735,1.4901161193847656e-08,0.0,0.0,community,cross_model,60
190,n060_s04,nn,60,200,0.2,0.1,0.12575304508209229,0.12575304508209229,3.8819011299435022,0.12258333333333334,0.12575304508209229,0.08363473415374756,0.02160516381263733,0.03511809222400189,0.10982944071292877,0.22519755363464355,0.4031463861465454,0.08200564980506897,0.08363473415374756,0.029810726642608643,community,cross_model,60
190,n060_s04,matched_random,60,200,0.2,0.1,0.12575304508209229,0.12575304508209229,5.351435028248586,0.12558333333333332,0.12575304508209229,0.0,0.12575304508209229,0.12575304508209229,0.12575304508209229,0.12575304508209229,0.12575304508209229,1.4901161193847656e-08,0.0,1.4901161193847656e-08,community,cross_model,60
190,n070_s00,nn,70,200,0.2,0.1,0.11380971968173981,0.11380971968173981,4.419552795031056,0.11592857142857144,0.11380971968173981,0.0782916396856308,0.0214637890458107,0.028472098708152774,0.1005258709192276,0.21792927831411363,0.40326792001724243,0.07705184817314148,0.0782916396856308,0.031170211732387543,community,cross_model,70
190,n070_s00,matched_random,70,200,0.2,0.1,0.11380971968173981,0.11380971968173981,5.948246376811593,0.123,0.11380971223115921,7.450580596923828e-09,0.11380971968173981,0.11380971968173981,0.11380971968173981,0.11380971968173981,0.11380971968173981,1.4901161193847656e-08,7.450580596923828e-09,0.0,community,cross_model,70
190,n070_s01,nn,70,200,0.2,0.1,0.11651752889156342,0.11651752889156342,4.4552204968944125,0.11871428571428572,0.11651752889156342,0.07648322731256485,0.021509379148483276,0.034609469771385196,0.09607940912246704,0.21562542021274567,0.40297451615333557,0.0748976543545723,0.07648322731256485,0.02123538963496685,community,cross_model,70
190,n070_s01,matched_random,70,200,0.2,0.1,0.11651752889156342,0.11651752889156342,5.757533126294,0.11757142857142858,0.11651754379272461,1.4901161193847656e-08,0.11651752889156342,0.11651752889156342,0.11651752889156342,0.11651752889156342,0.11651752889156342,0.0,1.4901161193847656e-08,7.450580596923828e-09,community,cross_model,70
190,n070_s02,nn,70,200,0.2,0.1,0.1112472265958786,0.1112472265958786,4.851841614906833,0.11185714285714286,0.1112472265958786,0.07547323405742645,0.021487712860107422,0.030416539311409,0.09170873463153839,0.22365168035030364,0.3289438486099243,0.0740414634346962,0.07547323405742645,0.026405582204461098,community,cross_model,70
190,n070_s02,matched_random,70,200,0.2,0.1,0.1112472265958786,0.1112472265958786,6.781359213250522,0.10835714285714286,0.111247219145298,7.450580596923828e-09,0.1112472265958786,0.1112472265958786,0.1112472265958786,0.1112472265958786,0.1112472265958786,7.450580596923828e-09,7.450580596923828e-09,1.4901161193847656e-08,community,cross_model,70
190,n070_s03,nn,70,200,0.2,0.1,0.11735784262418747,0.11735784262418747,4.236064182194616,0.11557142857142857,0.11735784262418747,0.07557639479637146,0.02145606279373169,0.035616454482078556,0.10183048248291016,0.2155199557542801,0.3171910047531128,0.07413110882043839,0.07557639479637146,0.02052009105682373,community,cross_model,70
190,n070_s03,matched_random,70,200,0.2,0.1,0.11735784262418747,0.11735784262418747,5.206501035196691,0.12407142857142858,0.11735784262418747,0.0,0.11735784262418747,0.11735784262418747,0.11735784262418747,0.11735784262418747,0.11735784262418747,0.0,0.0,7.450580596923828e-09,community,cross_model,70
190,n070_s04,nn,70,200,0.2,0.1,0.10992473363876343,0.10992473363876343,4.836031055900619,0.11357142857142857,0.10992473363876343,0.07397263497114182,0.021469414234161377,0.02981325387954712,0.09738655388355255,0.20483338832855225,0.4033900797367096,0.07278591394424438,0.07397263497114182,0.027472365647554398,community,cross_model,70
190,n070_s04,matched_random,70,200,0.2,0.1,0.10992473363876343,0.10992473363876343,6.417346790890272,0.11321428571428571,0.10992474108934402,7.450580596923828e-09,0.10992473363876343,0.10992473363876343,0.10992473363876343,0.10992473363876343,0.10992473363876343,7.450580596923828e-09,7.450580596923828e-09,1.4901161193847656e-08,community,cross_model,70
190,n080_s00,nn,80,200,0.2,0.1,0.11610522121191025,0.11610522121191025,4.885669303797467,0.1149375,0.11610522121191025,0.07794064283370972,0.021546512842178345,0.0324343740940094,0.0992601066827774,0.2191896051168442,0.4034246504306793,0.07647422701120377,0.07794064283370972,0.027898194268345833,community,cross_model,80
190,n080_s00,matched_random,80,200,0.2,0.1,0.11610522121191025,0.11610522121191025,6.8485957278481,0.1183125,0.11610520631074905,1.4901161193847656e-08,0.11610522121191025,0.11610522121191025,0.11610522121191025,0.11610522121191025,0.11610522121191025,7.450580596923828e-09,1.4901161193847656e-08,7.450580596923828e-09,community,cross_model,80
190,n080_s01,nn,80,200,0.2,0.1,0.11966520547866821,0.11966520547866821,4.59573655063291,0.120875,0.11966520547866821,0.0845244973897934,0.021457970142364502,0.0316666454076767,0.10013061761856079,0.22618294656276702,0.4035264253616333,0.08321713656187057,0.0845244973897934,0.03642907738685608,community,cross_model,80
190,n080_s01,matched_random,80,200,0.2,0.1,0.11966520547866821,0.11966520547866821,6.446764240506327,0.118125,0.11966517567634583,2.9802322387695312e-08,0.11966520547866821,0.11966520547866821,0.11966520547866821,0.11966520547866821,0.11966520547866821,1.4901161193847656e-08,2.9802322387695312e-08,7.450580596923828e-09,community,cross_model,80
190,n080_s02,nn,80,200,0.2,0.1,0.11926237493753433,0.11926237493753433,4.830397151898734,0.1204375,0.11926237493753433,0.07851894199848175,0.02152770757675171,0.03626470565795899,0.0998574048280716,0.22463807463645935,0.4034934639930725,0.07685177028179169,0.07851894199848175,0.02368561550974846,community,cross_model,80
190,n080_s02,matched_random,80,200,0.2,0.1,0.11926237493753433,0.11926237493753433,6.266505537974682,0.11737500000000001,0.11926236003637314,1.4901161193847656e-08,0.11926237493753433,0.11926237493753433,0.11926237493753433,0.11926237493753433,0.11926237493753433,0.0,1.4901161193847656e-08,0.0,community,cross_model,80
190,n080_s03,nn,80,200,0.2,0.1,0.11866150051355362,0.11866150051355362,4.338675632911392,0.11587499999999999,0.11866150051355362,0.07818746566772461,0.02153298258781433,0.034002700448036195,0.10465484857559204,0.22286516427993774,0.4033997654914856,0.07662853598594666,0.07818746566772461,0.02621741220355034,community,cross_model,80
190,n080_s03,matched_random,80,200,0.2,0.1,0.11866150051355362,0.11866150051355362,5.454880537974685,0.117875,0.11866151541471481,1.4901161193847656e-08,0.11866150051355362,0.11866150051355362,0.11866150051355362,0.11866150051355362,0.11866150051355362,7.450580596923828e-09,1.4901161193847656e-08,1.4901161193847656e-08,community,cross_model,80
190,n080_s04,nn,80,200,0.2,0.1,0.11694969981908798,0.11694969981908798,4.180474683544303,0.120875,0.11694969981908798,0.07852142304182053,0.021508634090423584,0.03354277610778809,0.09805263578891754,0.2255742847919464,0.4033067226409912,0.07727310061454773,0.07852142304182053,0.02668824791908264,community,cross_model,80
190,n080_s04,matched_random,80,200,0.2,0.1,0.11694969981908798,0.11694969981908798,5.914548259493672,0.11937500000000001,0.11694968491792679,1.4901161193847656e-08,0.11694969981908798,0.11694969981908798,0.11694969981908798,0.11694969981908798,0.11694969981908798,7.450580596923828e-09,1.4901161193847656e-08,0.0,community,cross_model,80
190,n090_s00,nn,90,200,0.2,0.1,0.11817968636751175,0.11817968636751175,4.783765293383271,0.12183333333333334,0.11817968636751175,0.07773186266422272,0.02162848599255085,0.03512593507766724,0.10098731517791748,0.22899532020092012,0.4033142626285553,0.07633893936872482,0.07773186266422272,0.024042407050728798,community,cross_model,90
190,n090_s00,matched_random,90,200,0.2,0.1,0.11817968636751175,0.11817968636751175,5.965244694132335,0.11744444444444445,0.11817968636751175,0.0,0.11817968636751175,0.11817968636751175,0.11817968636751175,0.11817968636751175,0.11817968636751175,7.450580596923828e-09,0.0,2.2351741790771484e-08,community,cross_model,90
190,n090_s01,nn,90,200,0.2,0.1,0.11851825565099716,0.11851825565099716,5.086350187265918,0.11566666666666667,0.11851825565099716,0.07909778505563736,0.021559447050094604,0.036231419444084166,0.09645882248878479,0.23789368569850922,0.33783167600631714,0.07776043564081192,0.07909778505563736,0.02508237212896347,community,cross_model,90
190,n090_s01,matched_random,90,200,0.2,0.1,0.11851825565099716,0.11851825565099716,6.632410736579277,0.11488888888888889,0.11851824074983597,1.4901161193847656e-08,0.11851825565099716,0.11851825565099716,0.11851825565099716,0.11851825565099716,0.11851825565099716,2.2351741790771484e-08,1.4901161193847656e-08,0.0,community,cross_model,90
190,n090_s02,nn,90,200,0.2,0.1,0.10947947949171066,0.10947947949171066,5.251716604244698,0.10827777777777776,0.10947947949171066,0.07466704398393631,0.021532833576202393,0.02883600890636444,0.09688691794872284,0.204909148812294,0.403421550989151,0.07337751239538193,0.07466704398393631,0.029031476005911827,community,cross_model,90
190,n090_s02,matched_random,90,200,0.2,0.1,0.10947947949171066,0.10947947949171066,7.397016853932586,0.11105555555555555,0.10947945713996887,2.2351741790771484e-08,0.10947947949171066,0.10947947949171066,0.10947947949171066,0.10947947949171066,0.10947947949171066,0.0,2.2351741790771484e-08,1.4901161193847656e-08,community,cross_model,90
190,n090_s03,nn,90,200,0.2,0.1,0.11550794541835785,0.11550794541835785,4.967757802746567,0.11372222222222221,0.11550794541835785,0.07596662640571594,0.021558910608291626,0.033706218004226685,0.09809468686580658,0.22412134110927584,0.40339964628219604,0.07450100779533386,0.07596662640571594,0.023225918412208557,community,cross_model,90
190,n090_s03,matched_random,90,200,0.2,0.1,0.11550794541835785,0.11550794541835785,6.686681647940072,0.11666666666666667,0.11550794541835785,0.0,0.11550794541835785,0.11550794541835785,0.11550794541835785,0.11550794541835785,0.11550794541835785,7.450580596923828e-09,0.0,1.4901161193847656e-08,community,cross_model,90
190,n090_s04,nn,90,200,0.2,0.1,0.11430064588785172,0.11430064588785172,5.476681647940074,0.11705555555555555,0.11430064588785172,0.07941383868455887,0.021484404802322388,0.031189516186714172,0.09474313259124756,0.21508527547121048,0.4035031199455261,0.07808016240596771,0.07941383868455887,0.031248552724719048,community,cross_model,90
190,n090_s04,matched_random,90,200,0.2,0.1,0.11430064588785172,0.11430064588785172,7.00247191011236,0.11205555555555556,0.11430063098669052,1.4901161193847656e-08,0.11430064588785172,0.11430064588785172,0.11430064588785172,0.11430064588785172,0.11430064588785172,0.0,1.4901161193847656e-08,2.2351741790771484e-08,community,cross_model,90
190,n100_s00,nn,100,200,0.2,0.1,0.11967206001281738,0.11967206001281738,5.316734343434341,0.1188,0.11967206001281738,0.07938516139984131,0.02165970206260681,0.03465246856212616,0.0993373841047287,0.2293082237243653,0.4034561812877655,0.07799127697944641,0.07938516139984131,0.025015726685523987,community,cross_model,100
190,n100_s00,matched_random,100,200,0.2,0.1,0.11967206001281738,0.11967206001281738,7.482463131313129,0.1215,0.11967206001281738,0.0,0.11967206001281738,0.11967206001281738,0.11967206001281738,0.11967206001281738,0.11967206001281738,7.450580596923828e-09,0.0,1.4901161193847656e-08,community,cross_model,100
190,n100_s01,nn,100,200,0.2,0.1,0.11346369981765747,0.11346369981765747,5.718519191919192,0.11315,0.11346369981765747,0.07387065142393112,0.02153947949409485,0.03466666638851166,0.0948941707611084,0.2240647047758103,0.40303173661231995,0.07266770303249359,0.07387065142393112,0.020920544862747192,community,cross_model,100
190,n100_s01,matched_random,100,200,0.2,0.1,0.11346369981765747,0.11346369981765747,7.299302525252525,0.11295,0.11346367001533508,2.9802322387695312e-08,0.11346369981765747,0.11346369981765747,0.11346369981765747,0.11346369981765747,0.11346369981765747,2.9802322387695312e-08,2.9802322387695312e-08,2.9802322387695312e-08,community,cross_model,100
190,n100_s02,nn,100,200,0.2,0.1,0.10890832543373108,0.10890832543373108,5.793548484848489,0.1104,0.10890832543373108,0.07140962034463882,0.021463219076395035,0.03333576321601868,0.09071477130055428,0.20898603200912483,0.301273912191391,0.07008521258831024,0.07140962034463882,0.02142847143113613,community,cross_model,100
190,n100_s02,matched_random,100,200,0.2,0.1,0.10890832543373108,0.10890832543373108,7.637355050505053,0.10565,0.10890830308198929,2.2351741790771484e-08,0.10890832543373108,0.10890832543373108,0.10890832543373108,0.10890832543373108,0.10890832543373108,7.450580596923828e-09,2.2351741790771484e-08,2.2351741790771484e-08,community,cross_model,100
190,n100_s03,nn,100,200,0.2,0.1,0.12127889692783356,0.12127889692783356,5.476050505050508,0.12135,0.12127889692783356,0.08192091435194016,0.02151826024055481,0.036057972908020014,0.09994594752788544,0.238974729180336,0.40336093306541443,0.08076555281877518,0.08192091435194016,0.029172474518418312,community,cross_model,100
190,n100_s03,matched_random,100,200,0.2,0.1,0.12127889692783356,0.12127889692783356,7.237733333333329,0.1232,0.12127889692783356,0.0,0.12127889692783356,0.12127889692783356,0.12127889692783356,0.12127889692783356,0.12127889692783356,7.450580596923828e-09,0.0,2.2351741790771484e-08,community,cross_model,100
190,n100_s04,nn,100,200,0.2,0.1,0.11847794055938721,0.11847794055938721,5.4064489898989905,0.11505000000000001,0.11847794055938721,0.07975790649652481,0.02151004783809185,0.03455133438110352,0.09632262587547302,0.2427994251251221,0.40345698595046997,0.07847347855567932,0.07975790649652481,0.02650536596775055,community,cross_model,100
190,n100_s04,matched_random,100,200,0.2,0.1,0.11847794055938721,0.11847794055938721,6.986198484848488,0.11725,0.11847794055938721,0.0,0.11847794055938721,0.11847794055938721,0.11847794055938721,0.11847794055938721,0.11847794055938721,7.450580596923828e-09,0.0,7.450580596923828e-09,community,cross_model,100
190,n110_s00,nn,110,200,0.2,0.1,0.12041503936052322,0.12041503936052322,6.42101125938282,0.11827272727272727,0.12041503936052322,0.07956703007221222,0.021572202444076538,0.03657474815845489,0.09740041196346283,0.23623529672622687,0.40351614356040955,0.07832016795873642,0.07956703007221222,0.02587897889316082,community,cross_model,110
190,n110_s00,matched_random,110,200,0.2,0.1,0.12041503936052322,0.12041503936052322,7.578747289407844,0.12063636363636364,0.12041506171226501,2.2351741790771484e-08,0.12041503936052322,0.12041503936052322,0.12041503936052322,0.12041503936052322,0.12041503936052322,0.0,2.2351741790771484e-08,7.450580596923828e-09,community,cross_model,110
190,n110_s01,nn,110,200,0.2,0.1,0.11644593626260757,0.11644593626260757,5.827689324437028,0.11763636363636364,0.11644593626260757,0.07719207555055618,0.021581053733825684,0.03478357195854187,0.09360773861408234,0.23014616370201116,0.40306466817855835,0.075688436627388,0.07719207555055618,0.02245311625301838,community,cross_model,110
190,n110_s01,matched_random,110,200,0.2,0.1,0.11644593626260757,0.11644593626260757,7.651940783986657,0.11395454545454546,0.11644592136144638,1.4901161193847656e-08,0.11644593626260757,0.11644593626260757,0.11644593626260757,0.11644593626260757,0.11644593626260757,2.9802322387695312e-08,1.4901161193847656e-08,2.9802322387695312e-08,community,cross_model,110
190,n110_s02,nn,110,200,0.2,0.1,0.12065345048904419,0.12065345048904419,5.274389074228521,0.12363636363636363,0.12065345048904419,0.0806661918759346,0.021563023328781128,0.03822310864925385,0.09748512506484985,0.23622882664203648,0.4034443795681,0.07938430458307266,0.0806661918759346,0.025982161983847618,community,cross_model,110
190,n110_s02,matched_random,110,200,0.2,0.1,0.12065345048904419,0.12065345048904419,7.215355713094244,0.12168181818181818,0.1206534281373024,2.2351741790771484e-08,0.12065345048904419,0.12065345048904419,0.12065345048904419,0.12065345048904419,0.12065345048904419,3.725290298461914e-08,2.2351741790771484e-08,7.450580596923828e-09,community,cross_model,110
190,n110_s03,nn,110,200,0.2,0.1,0.11215150356292725,0.11215150356292725,6.160107589658046,0.11140909090909092,0.11215150356292725,0.07299459725618362,0.02151837944984436,0.03308546841144562,0.09500378370285034,0.2154740750789642,0.33380207419395447,0.07164616882801056,0.07299459725618362,0.02130507491528988,community,cross_model,110
190,n110_s03,matched_random,110,200,0.2,0.1,0.11215150356292725,0.11215150356292725,7.9848590492076745,0.11318181818181818,0.11215150356292725,0.0,0.11215150356292725,0.11215150356292725,0.11215150356292725,0.11215150356292725,0.11215150356292725,2.2351741790771484e-08,0.0,1.4901161193847656e-08,community,cross_model,110
190,n110_s04,nn,110,200,0.2,0.1,0.11869437992572784,0.11869437992572784,5.268716847372811,0.11495454545454545,0.11869437992572784,0.07724319398403168,0.021454721689224243,0.03579208552837372,0.09860372543334961,0.22986338436603548,0.40308207273483276,0.07591738551855087,0.07724319398403168,0.02206110768020153,community,cross_model,110
190,n110_s04,matched_random,110,200,0.2,0.1,0.11869437992572784,0.11869437992572784,6.286114678899082,0.12113636363636363,0.11869439482688904,1.4901161193847656e-08,0.11869437992572784,0.11869437992572784,0.11869437992572784,0.11869437992572784,0.11869437992572784,0.0,1.4901161193847656e-08,0.0,community,cross_model,110
190,n120_s00,nn,120,200,0.2,0.1,0.11395076662302017,0.11395076662302017,5.944904061624649,0.11674999999999999,0.11395076662302017,0.07556632161140442,0.02156040072441101,0.03405344784259796,0.0928204208612442,0.21781079471111306,0.40299898386001587,0.07412490248680115,0.07556632161140442,0.02220938168466091,community,cross_model,120
190,n120_s00,matched_random,120,200,0.2,0.1,0.11395076662302017,0.11395076662302017,7.570221988795523,0.115,0.11395075172185898,1.4901161193847656e-08,0.11395076662302017,0.11395076662302017,0.11395076662302017,0.11395076662302017,0.11395076662302017,1.4901161193847656e-08,1.4901161193847656e-08,0.0,community,cross_model,120
190,n120_s01,nn,120,200,0.2,0.1,0.11626400798559189,0.11626400798559189,5.710589285714288,0.11495833333333333,0.11626400798559189,0.07567405700683594,0.021555334329605103,0.03592856526374817,0.09728917479515076,0.22310476899147036,0.34502649307250977,0.07444417476654053,0.07567405700683594,0.022028736770153046,community,cross_model,120
190,n120_s01,matched_random,120,200,0.2,0.1,0.11626400798559189,0.11626400798559189,7.362160714285713,0.11758333333333333,0.11626400053501129,7.450580596923828e-09,0.11626400798559189,0.11626400798559189,0.11626400798559189,0.11626400798559189,0.11626400798559189,1.4901161193847656e-08,7.450580596923828e-09,7.450580596923828e-09,community,cross_model,120
190,n120_s02,nn,120,200,0.2,0.1,0.12134772539138794,0.12134772539138794,5.73907983193277,0.12258333333333334,0.12134772539138794,0.08126239478588104,0.021552354097366333,0.03755738735198975,0.09615780413150787,0.23697759807109856,0.40307629108428955,0.07988730072975159,0.08126239478588104,0.026191771030426025,community,cross_model,120
190,n120_s02,matched_random,120,200,0.2,0.1,0.12134772539138794,0.12134772539138794,7.43414180672269,0.12279166666666666,0.12134769558906555,2.9802322387695312e-08,0.12134772539138794,0.12134772539138794,0.12134772539138794,0.12134772539138794,0.12134772539138794,2.9802322387695312e-08,2.9802322387695312e-08,0.0,community,cross_model,120
190,n120_s03,nn,120,200,0.2,0.1,0.12085455656051636,0.12085455656051636,5.749504901960783,0.12025,0.12085455656051636,0.07985815405845642,0.02159416675567627,0.03816413879394531,0.09838102757930756,0.23754926621913913,0.40337231755256653,0.07842657715082169,0.07985815405845642,0.02429480478167534,community,cross_model,120
190,n120_s03,matched_random,120,200,0.2,0.1,0.12085455656051636,0.12085455656051636,7.805809873949578,0.120625,0.12085458636283875,2.9802322387695312e-08,0.12085455656051636,0.12085455656051636,0.12085455656051636,0.12085455656051636,0.12085455656051636,2.9802322387695312e-08,2.9802322387695312e-08,0.0,community,cross_model,120
190,n120_s04,nn,120,200,0.2,0.1,0.11697597056627274,0.11697597056627274,5.954421918767507,0.120125,0.11697597056627274,0.07755275070667267,0.021535873413085938,0.035595649480819704,0.09499327838420868,0.22298289835453036,0.4033163785934448,0.07631537318229675,0.07755275070667267,0.02347778156399727,community,cross_model,120
190,n120_s04,matched_random,120,200,0.2,0.1,0.11697597056627274,0.11697597056627274,7.598095588235297,0.11820833333333333,0.11697599291801453,2.2351741790771484e-08,0.11697597056627274,0.11697597056627274,0.11697597056627274,0.11697597056627274,0.11697597056627274,2.2351741790771484e-08,2.2351741790771484e-08,1.4901161193847656e-08,community,cross_model,120
190,n130_s00,nn,130,200,0.2,0.1,0.12064947187900543,0.12064947187900543,6.146970781156828,0.1215,0.12064947187900543,0.08047810941934586,0.021523594856262207,0.03802271485328674,0.09618692100048065,0.22811665534973158,0.40350258350372314,0.07920163869857788,0.08047810941934586,0.02620038576424122,community,cross_model,130
190,n130_s00,matched_random,130,200,0.2,0.1,0.12064947187900543,0.12064947187900543,7.825406976744185,0.11523076923076923,0.12064947187900543,0.0,0.12064947187900543,0.12064947187900543,0.12064947187900543,0.12064947187900543,0.12064947187900543,7.450580596923828e-09,0.0,7.450580596923828e-09,community,cross_model,130
190,n130_s01,nn,130,200,0.2,0.1,0.11789698153734207,0.11789698153734207,5.323463625521764,0.11846153846153847,0.11789698153734207,0.07738114893436432,0.021571844816207886,0.03472417593002319,0.10003894567489624,0.22955523729324342,0.4033631384372711,0.07590489834547043,0.07738114893436432,0.023384002968668938,community,cross_model,130
190,n130_s01,matched_random,130,200,0.2,0.1,0.11789698153734207,0.11789698153734207,7.14594871794871,0.11846153846153847,0.11789700388908386,2.2351741790771484e-08,0.11789698153734207,0.11789698153734207,0.11789698153734207,0.11789698153734207,0.11789698153734207,0.0,2.2351741790771484e-08,0.0,community,cross_model,130
190,n130_s02,nn,130,200,0.2,0.1,0.11606702953577042,0.11606702953577042,5.798135062611809,0.11573076923076923,0.11606702953577042,0.07763167470693588,0.021499693393707275,0.034954944252967836,0.09512042999267578,0.2254254221916199,0.4034615755081177,0.07627338916063309,0.07763167470693588,0.025114435702562332,community,cross_model,130
190,n130_s02,matched_random,130,200,0.2,0.1,0.11606702953577042,0.11606702953577042,8.05409838998211,0.11611538461538462,0.11606704443693161,1.4901161193847656e-08,0.11606702953577042,0.11606702953577042,0.11606702953577042,0.11606702953577042,0.11606702953577042,7.450580596923828e-09,1.4901161193847656e-08,0.0,community,cross_model,130
190,n130_s03,nn,130,200,0.2,0.1,0.11971815675497055,0.11971815675497055,6.061451997614787,0.12130769230769231,0.11971815675497055,0.07971495389938354,0.02167046070098877,0.03798285722732544,0.09467385709285736,0.23726618289947513,0.4034245014190674,0.07849324494600296,0.07971495389938354,0.02393440343439579,community,cross_model,130
190,n130_s03,matched_random,130,200,0.2,0.1,0.11971815675497055,0.11971815675497055,8.002932617769831,0.12234615384615384,0.11971817910671234,2.2351741790771484e-08,0.11971815675497055,0.11971815675497055,0.11971815675497055,0.11971815675497055,0.11971815675497055,7.450580596923828e-09,2.2351741790771484e-08,1.4901161193847656e-08,community,cross_model,130
190,n130_s04,nn,130,200,0.2,0.1,0.12327466160058975,0.12327466160058975,6.008404889683959,0.12449999999999999,0.12327466160058975,0.08153046667575836,0.02153909206390381,0.039000770449638365,0.09739601612091064,0.23968648910522464,0.40318891406059265,0.08019348233938217,0.08153046667575836,0.024075021967291832,community,cross_model,130
190,n130_s04,matched_random,130,200,0.2,0.1,0.12327466160058975,0.12327466160058975,7.866440667859273,0.12288461538461538,0.12327467650175095,1.4901161193847656e-08,0.12327466160058975,0.12327466160058975,0.12327466160058975,0.12327466160058975,0.12327466160058975,7.450580596923828e-09,1.4901161193847656e-08,0.0,community,cross_model,130
190,n140_s00,nn,140,200,0.2,0.1,0.12020819634199142,0.12020819634199142,5.676940904419324,0.11925000000000001,0.12020819634199142,0.07897331565618515,0.021578699350357056,0.037864333391189574,0.09594222158193588,0.2340029001235962,0.3380974233150482,0.07763531059026718,0.07897331565618515,0.021898839622735977,community,cross_model,140
190,n140_s00,matched_random,140,200,0.2,0.1,0.12020819634199142,0.12020819634199142,7.23643242548818,0.11896428571428572,0.12020817399024963,2.2351741790771484e-08,0.12020819634199142,0.12020819634199142,0.12020819634199142,0.12020819634199142,0.12020819634199142,1.4901161193847656e-08,2.2351741790771484e-08,2.2351741790771484e-08,community,cross_model,140
190,n140_s01,nn,140,200,0.2,0.1,0.11667962372303009,0.11667962372303009,6.802347379239466,0.11649999999999999,0.11667962372303009,0.07770653814077377,0.02158719301223755,0.03600631952285766,0.093233123421669,0.2237322241067887,0.40347397327423096,0.07637689262628555,0.07770653814077377,0.02463015355169773,community,cross_model,140
190,n140_s01,matched_random,140,200,0.2,0.1,0.11667962372303009,0.11667962372303009,8.544073484069884,0.11232142857142857,0.11667963862419128,1.4901161193847656e-08,0.11667962372303009,0.11667962372303009,0.11667962372303009,0.11667962372303009,0.11667962372303009,2.2351741790771484e-08,1.4901161193847656e-08,7.450580596923828e-09,community,cross_model,140
190,n140_s02,nn,140,200,0.2,0.1,0.11536003649234772,0.11536003649234772,6.0829095580678345,0.12253571428571429,0.11536003649234772,0.07787417620420456,0.021507948637008667,0.03722887337207795,0.09021055698394775,0.22700968682765962,0.40341466665267944,0.07669100165367126,0.07787417620420456,0.02396111935377121,community,cross_model,140
190,n140_s02,matched_random,140,200,0.2,0.1,0.11536003649234772,0.11536003649234772,7.800233556012331,0.11503571428571428,0.11536002904176712,7.450580596923828e-09,0.11536003649234772,0.11536003649234772,0.11536003649234772,0.11536003649234772,0.11536003649234772,7.450580596923828e-09,7.450580596923828e-09,7.450580596923828e-09,community,cross_model,140
190,n140_s03,nn,140,200,0.2,0.1,0.11863167583942413,0.11863167583942413,5.6944254881808805,0.11792857142857144,0.11863167583942413,0.07889374345541,0.021578609943389893,0.03644377067685127,0.09594319760799408,0.22646842300891884,0.4031676650047302,0.077668197453022,0.07889374345541,0.02372554875910282,community,cross_model,140
190,n140_s03,matched_random,140,200,0.2,0.1,0.11863167583942413,0.11863167583942413,7.351756680369992,0.12274999999999998,0.11863169074058533,1.4901161193847656e-08,0.11863167583942413,0.11863167583942413,0.11863167583942413,0.11863167583942413,0.11863167583942413,1.4901161193847656e-08,1.4901161193847656e-08,1.4901161193847656e-08,community,cross_model,140
190,n140_s04,nn,140,200,0.2,0.1,0.12202329188585281,0.12202329188585281,6.3646652106885915,0.12103571428571429,0.12202329188585281,0.08168437331914902,0.021549135446548462,0.03803309500217438,0.0963062271475792,0.2472153663635254,0.40336763858795166,0.0804997906088829,0.08168437331914902,0.026173347607254982,community,cross_model,140
190,n140_s04,matched_random,140,200,0.2,0.1,0.12202329188585281,0.12202329188585281,8.083458119218909,0.12392857142857144,0.1220233142375946,2.2351741790771484e-08,0.12202329188585281,0.12202329188585281,0.12202329188585281,0.12202329188585281,0.12202329188585281,7.450580596923828e-09,2.2351741790771484e-08,0.0,community,cross_model,140
190,n150_s00,nn,150,200,0.2,0.1,0.11853236705064774,0.11853236705064774,6.08941812080537,0.1183,0.11853236705064774,0.07987389713525772,0.0215456485748291,0.035335057973861696,0.09530419111251831,0.23180290758609787,0.40350404381752014,0.07874547690153122,0.07987389713525772,0.026267610490322113,community,cross_model,150
190,n150_s00,matched_random,150,200,0.2,0.1,0.11853236705064774,0.11853236705064774,8.674972706935126,0.12056666666666667,0.11853238940238953,2.2351741790771484e-08,0.11853236705064774,0.11853236705064774,0.11853236705064774,0.11853236705064774,0.11853236705064774,7.450580596923828e-09,2.2351741790771484e-08,0.0,community,cross_model,150
190,n150_s01,nn,150,200,0.2,0.1,0.11736375838518143,0.11736375838518143,6.770746756152128,0.11393333333333333,0.11736375838518143,0.07840204238891602,0.02153867483139038,0.0351512998342514,0.0956764817237854,0.2334159284830094,0.4034481346607208,0.07723596692085266,0.07840204238891602,0.02669799141585827,community,cross_model,150
190,n150_s01,matched_random,150,200,0.2,0.1,0.11736375838518143,0.11736375838518143,8.687969351230425,0.11846666666666666,0.11736378073692322,2.2351741790771484e-08,0.11736375838518143,0.11736375838518143,0.11736375838518143,0.11736375838518143,0.11736375838518143,7.450580596923828e-09,2.2351741790771484e-08,7.450580596923828e-09,community,cross_model,150
190,n150_s02,nn,150,200,0.2,0.1,0.11640739440917969,0.11640739440917969,6.374166219239377,0.11493333333333332,0.11640739440917969,0.07832943648099899,0.021537959575653076,0.0350823312997818,0.09552806615829468,0.22564382255077364,0.40334606170654297,0.07710159569978714,0.07832943648099899,0.026942968368530273,community,cross_model,150
190,n150_s02,matched_random,150,200,0.2,0.1,0.11640739440917969,0.11640739440917969,8.719112975391495,0.11766666666666666,0.11640738695859909,7.450580596923828e-09,0.11640739440917969,0.11640739440917969,0.11640739440917969,0.11640739440917969,0.11640739440917969,0.0,7.450580596923828e-09,0.0,community,cross_model,150
190,n150_s03,nn,150,200,0.2,0.1,0.12173831462860107,0.12173831462860107,6.393227069351226,0.11893333333333334,0.12173831462860107,0.08260971307754517,0.02154308557510376,0.03542118966579437,0.09693226218223572,0.2475075840950013,0.40325838327407837,0.08133261650800705,0.08260971307754517,0.02942889928817749,community,cross_model,150
190,n150_s03,matched_random,150,200,0.2,0.1,0.12173831462860107,0.12173831462860107,8.00239776286353,0.1201,0.12173831462860107,0.0,0.12173831462860107,0.12173831462860107,0.12173831462860107,0.12173831462860107,0.12173831462860107,7.450580596923828e-09,0.0,7.450580596923828e-09,community,cross_model,150
190,n150_s04,nn,150,200,0.2,0.1,0.11540663242340088,0.11540663242340088,6.202706040268457,0.11796666666666666,0.11540663242340088,0.07803625613451004,0.021551698446273804,0.033811512589454654,0.09286150336265564,0.2241413861513138,0.4034349322319031,0.07683703303337097,0.07803625613451004,0.0258016474545002,community,cross_model,150
190,n150_s04,matched_random,150,200,0.2,0.1,0.11540663242340088,0.11540663242340088,7.821871588366893,0.11436666666666667,0.11540663242340088,0.0,0.11540663242340088,0.11540663242340088,0.11540663242340088,0.11540663242340088,0.11540663242340088,1.4901161193847656e-08,0.0,0.0,community,cross_model,150
190,n050_s00,nn,50,200,0.2,0.1,0.12498869746923447,0.12498869746923447,3.2421551020408144,0.1261,0.12498869746923447,0.083998903632164,0.02161046862602234,0.03429453708231449,0.1062343418598175,0.24061191976070406,0.4034098982810974,0.08217772841453552,0.083998903632164,0.029968377202749252,random,cross_model,50
190,n050_s00,matched_random,50,200,0.2,0.1,0.12498869746923447,0.12498869746923447,4.125342857142857,0.1222,0.12498868256807327,1.4901161193847656e-08,0.12498869746923447,0.12498869746923447,0.12498869746923447,0.12498869746923447,0.12498869746923447,7.450580596923828e-09,1.4901161193847656e-08,7.450580596923828e-09,random,cross_model,50
190,n050_s01,nn,50,200,0.2,0.1,0.10866148769855499,0.10866148769855499,3.628053061224492,0.1133,0.10866148769855499,0.07186763733625412,0.021438956260681152,0.02917150855064392,0.09564065933227539,0.21468266248703005,0.3100202977657318,0.07041513174772263,0.07186763733625412,0.02359495311975479,random,cross_model,50
190,n050_s01,matched_random,50,200,0.2,0.1,0.10866148769855499,0.10866148769855499,4.613697959183675,0.1076,0.10866150259971619,1.4901161193847656e-08,0.10866148769855499,0.10866148769855499,0.10866148769855499,0.10866148769855499,0.10866148769855499,0.0,1.4901161193847656e-08,0.0,random,cross_model,50
190,n050_s02,nn,50,200,0.2,0.1,0.11950641125440598,0.11950641125440598,3.6217061224489795,0.11699999999999999,0.11950641125440598,0.08049056679010391,0.02149100787937641,0.03298079669475556,0.10661797225475311,0.2337720334529877,0.40346863865852356,0.07867851108312607,0.08049056679010391,0.03019004501402378,random,cross_model,50
190,n050_s02,matched_random,50,200,0.2,0.1,0.11950641125440598,0.11950641125440598,4.543620408163266,0.11449999999999999,0.11950639635324478,1.4901161193847656e-08,0.11950641125440598,0.11950641125440598,0.11950641125440598,0.11950641125440598,0.11950641125440598,7.450580596923828e-09,1.4901161193847656e-08,0.0,random,cross_model,50
190,n050_s03,nn,50,200,0.2,0.1,0.12193576991558075,0.12193576991558075,3.403934693877551,0.12480000000000001,0.12193576991558075,0.08388359844684601,0.021510541439056396,0.03193177282810211,0.10312488675117493,0.2392925888299942,0.403475821018219,0.0820077434182167,0.08388359844684601,0.03162289038300514,random,cross_model,50
190,n050_s03,matched_random,50,200,0.2,0.1,0.12193576991558075,0.12193576991558075,4.4777265306122445,0.11900000000000001,0.12193575501441956,1.4901161193847656e-08,0.12193576991558075,0.12193576991558075,0.12193576991558075,0.12193576991558075,0.12193576991558075,7.450580596923828e-09,1.4901161193847656e-08,7.450580596923828e-09,random,cross_model,50
190,n050_s04,nn,50,200,0.2,0.1,0.12135469913482666,0.12135469913482666,3.43859387755102,0.1149,0.12135469913482666,0.07944275438785553,0.021529078483581543,0.03262490928173065,0.11144104599952698,0.23559274077415482,0.4033409357070923,0.07782896608114243,0.07944275438785553,0.028594359755516052,random,cross_model,50
190,n050_s04,matched_random,50,200,0.2,0.1,0.12135469913482666,0.12135469913482666,4.152414285714284,0.1211,0.12135469913482666,0.0,0.12135469913482666,0.12135469913482666,0.12135469913482666,0.12135469913482666,0.12135469913482666,7.450580596923828e-09,0.0,1.4901161193847656e-08,random,cross_model,50
190,n060_s00,nn,60,200,0.2,0.1,0.12283065915107727,0.12283065915107727,3.6198559322033885,0.12358333333333334,0.12283065915107727,0.08280813694000244,0.02152538299560547,0.03537842929363251,0.10224440693855286,0.25466123521327977,0.4034343361854553,0.08121374249458313,0.08280813694000244,0.029053088277578354,random,cross_model,60
190,n060_s00,matched_random,60,200,0.2,0.1,0.12283065915107727,0.12283065915107727,4.799320621468926,0.12183333333333332,0.12283063679933548,2.2351741790771484e-08,0.12283065915107727,0.12283065915107727,0.12283065915107727,0.12283065915107727,0.12283065915107727,0.0,2.2351741790771484e-08,1.4901161193847656e-08,random,cross_model,60
190,n060_s01,nn,60,200,0.2,0.1,0.12325643748044968,0.12325643748044968,3.2405112994350276,0.12358333333333334,0.12325643748044968,0.07940621674060822,0.021714329719543457,0.035305193066596983,0.1112576276063919,0.22732011377811434,0.4030922055244446,0.07787983119487762,0.07940621674060822,0.023958630859851837,random,cross_model,60
190,n060_s01,matched_random,60,200,0.2,0.1,0.12325643748044968,0.12325643748044968,4.141163841807912,0.123,0.12325643748044968,0.0,0.12325643748044968,0.12325643748044968,0.12325643748044968,0.12325643748044968,0.12325643748044968,1.4901161193847656e-08,0.0,7.450580596923828e-09,random,cross_model,60
190,n060_s02,nn,60,200,0.2,0.1,0.11259331554174423,0.11259331554174423,3.9808968926553687,0.11525,0.11259331554174423,0.07156627625226974,0.021611541509628296,0.032681360840797424,0.09993679821491241,0.2111702024936676,0.3099788427352905,0.07012441009283066,0.07156627625226974,0.01773369126021862,random,cross_model,60
190,n060_s02,matched_random,60,200,0.2,0.1,0.11259331554174423,0.11259331554174423,4.609545197740116,0.11266666666666666,0.11259330064058304,1.4901161193847656e-08,0.11259331554174423,0.11259331554174423,0.11259331554174423,0.11259331554174423,0.11259331554174423,1.4901161193847656e-08,1.4901161193847656e-08,0.0,random,cross_model,60
190,n060_s03,nn,60,200,0.2,0.1,0.12605883181095123,0.12605883181095123,3.80338276836158,0.12358333333333334,0.12605883181095123,0.08586104959249496,0.021438002586364746,0.033621209859848025,0.1079258918762207,0.25624949336051944,0.4032500982284546,0.08415915817022324,0.08586104959249496,0.033317193388938904,random,cross_model,60
190,n060_s03,matched_random,60,200,0.2,0.1,0.12605883181095123,0.12605883181095123,4.827714689265536,0.12675,0.12605883181095123,0.0,0.12605883181095123,0.12605883181095123,0.12605883181095123,0.12605883181095123,0.12605883181095123,1.4901161193847656e-08,0.0,1.4901161193847656e-08,random,cross_model,60
190,n060_s04,nn,60,200,0.2,0.1,0.11699696630239487,0.11699696630239487,3.7282090395480254,0.11316666666666667,0.11699696630239487,0.0752367302775383,0.021552830934524536,0.03357299566268921,0.10605329275131226,0.22437987923622132,0.3172650933265686,0.07374821603298187,0.0752367302775383,0.022312264889478683,random,cross_model,60
190,n060_s04,matched_random,60,200,0.2,0.1,0.11699696630239487,0.11699696630239487,4.604347457627116,0.11991666666666667,0.11699698120355606,1.4901161193847656e-08,0.11699696630239487,0.11699696630239487,0.11699696630239487,0.11699696630239487,0.11699696630239487,1.4901161193847656e-08,1.4901161193847656e-08,0.0,random,cross_model,60
190,n070_s00,nn,70,200,0.2,0.1,0.1212771013379097,0.1212771013379097,3.9871594202898564,0.12157142857142857,0.1212771013379097,0.07755997776985168,0.02161221206188202,0.03671421408653259,0.10074914991855621,0.23476962447166444,0.3058256506919861,0.07582497596740723,0.07755997776985168,0.01939108967781067,random,cross_model,70
190,n070_s00,matched_random,70,200,0.2,0.1,0.1212771013379097,0.1212771013379097,5.002249482401655,0.12142857142857143,0.1212771013379097,0.0,0.1212771013379097,0.1212771013379097,0.1212771013379097,0.1212771013379097,0.1212771013379097,1.4901161193847656e-08,0.0,7.450580596923828e-09,random,cross_model,70
190,n070_s01,nn,70,200,0.2,0.1,0.12733152508735657,0.12733152508735657,3.7139130434782595,0.12614285714285714,0.12733152508735657,0.08690708875656128,0.021564841270446777,0.03522025644779205,0.1074245274066925,0.2543545156717301,0.4034366309642792,0.0854349210858345,0.08690708875656128,0.032535139471292496,random,cross_model,70
190,n070_s01,matched_random,70,200,0.2,0.1,0.12733152508735657,0.12733152508735657,4.563900621118011,0.1227142857142857,0.12733151018619537,1.4901161193847656e-08,0.12733152508735657,0.12733152508735657,0.12733152508735657,0.12733152508735657,0.12733152508735657,0.0,1.4901161193847656e-08,4.470348358154297e-08,random,cross_model,70
190,n070_s02,nn,70,200,0.2,0.1,0.12094754725694656,0.12094754725694656,3.8708322981366483,0.12157142857142857,0.12094754725694656,0.08108136802911758,0.021548539400100708,0.03467510528862477,0.10346752405166626,0.23192928135395052,0.40333640575408936,0.07935306429862976,0.08108136802911758,0.02754567749798298,random,cross_model,70
190,n070_s02,matched_random,70,200,0.2,0.1,0.12094754725694656,0.12094754725694656,5.019655279503108,0.1217142857142857,0.12094756215810776,1.4901161193847656e-08,0.12094754725694656,0.12094754725694656,0.12094754725694656,0.12094754725694656,0.12094754725694656,7.450580596923828e-09,1.4901161193847656e-08,2.9802322387695312e-08,random,cross_model,70
190,n070_s03,nn,70,200,0.2,0.1,0.11999908089637756,0.11999908089637756,4.123430641821947,0.12378571428571428,0.11999908089637756,0.08054430037736893,0.021578192710876465,0.03540056049823761,0.10062909126281738,0.23597772419452667,0.40353304147720337,0.07897992432117462,0.08054430037736893,0.026695581153035164,random,cross_model,70
190,n070_s03,matched_random,70,200,0.2,0.1,0.11999908089637756,0.11999908089637756,5.244989648033128,0.11942857142857143,0.11999905854463577,2.2351741790771484e-08,0.11999908089637756,0.11999908089637756,0.11999908089637756,0.11999908089637756,0.11999908089637756,2.9802322387695312e-08,2.2351741790771484e-08,0.0,random,cross_model,70
190,n070_s04,nn,70,200,0.2,0.1,0.12298819422721863,0.12298819422721863,3.5225383022774333,0.12678571428571428,0.12298819422721863,0.08103371411561966,0.021543651819229126,0.036417248845100406,0.10139338672161102,0.23417951464653014,0.4031931757926941,0.07937188446521759,0.08103371411561966,0.02401869185268879,random,cross_model,70
190,n070_s04,matched_random,70,200,0.2,0.1,0.12298819422721863,0.12298819422721863,4.6550020703933725,0.12428571428571428,0.12298820912837982,1.4901161193847656e-08,0.12298819422721863,0.12298819422721863,0.12298819422721863,0.12298819422721863,0.12298819422721863,7.450580596923828e-09,1.4901161193847656e-08,2.9802322387695312e-08,random,cross_model,70
190,n080_s00,nn,80,200,0.2,0.1,0.12411286681890488,0.12411286681890488,3.846033227848103,0.1270625,0.12411286681890488,0.08124896883964539,0.021527886390686035,0.03655443489551544,0.10480892658233643,0.23964453637599945,0.40346038341522217,0.07979448139667511,0.08124896883964539,0.024241406470537186,random,cross_model,80
190,n080_s00,matched_random,80,200,0.2,0.1,0.12411286681890488,0.12411286681890488,4.852664556962025,0.12268749999999999,0.12411285191774368,1.4901161193847656e-08,0.12411286681890488,0.12411286681890488,0.12411286681890488,0.12411286681890488,0.12411286681890488,7.450580596923828e-09,1.4901161193847656e-08,0.0,random,cross_model,80
190,n080_s01,nn,80,200,0.2,0.1,0.121867835521698,0.121867835521698,4.2171748417721515,0.12062500000000001,0.121867835521698,0.08252011984586716,0.021539688110351562,0.034579810500144956,0.10114836692810059,0.2382189005613327,0.4035298228263855,0.08122116327285767,0.08252011984586716,0.029101580381393433,random,cross_model,80
190,n080_s01,matched_random,80,200,0.2,0.1,0.121867835521698,0.121867835521698,5.380832278481011,0.12137500000000001,0.12186786532402039,2.9802322387695312e-08,0.121867835521698,0.121867835521698,0.121867835521698,0.121867835521698,0.121867835521698,1.4901161193847656e-08,2.9802322387695312e-08,7.450580596923828e-09,random,cross_model,80
190,n080_s02,nn,80,200,0.2,0.1,0.12213220447301865,0.12213220447301865,3.790292721518987,0.125375,0.12213220447301865,0.07892319560050964,0.02176046371459961,0.0383804589509964,0.10145066678524017,0.22916365265846253,0.3554619550704956,0.07731375098228455,0.07892319560050964,0.019387368112802505,random,cross_model,80
190,n080_s02,matched_random,80,200,0.2,0.1,0.12213220447301865,0.12213220447301865,4.775784810126581,0.1210625,0.12213218957185745,1.4901161193847656e-08,0.12213220447301865,0.12213220447301865,0.12213220447301865,0.12213220447301865,0.12213220447301865,7.450580596923828e-09,1.4901161193847656e-08,7.450580596923828e-09,random,cross_model,80
190,n080_s03,nn,80,200,0.2,0.1,0.1200372502207756,0.1200372502207756,3.8617436708860784,0.1179375,0.1200372502207756,0.0778241828083992,0.02155691385269165,0.03569175004959106,0.10335178673267365,0.22864687144756318,0.3445816934108734,0.07622159272432327,0.0778241828083992,0.022491848096251488,random,cross_model,80
190,n080_s03,matched_random,80,200,0.2,0.1,0.1200372502207756,0.1200372502207756,4.796208069620258,0.12056249999999999,0.12003722786903381,2.2351741790771484e-08,0.1200372502207756,0.1200372502207756,0.1200372502207756,0.1200372502207756,0.1200372502207756,7.450580596923828e-09,2.2351741790771484e-08,0.0,random,cross_model,80
190,n080_s04,nn,80,200,0.2,0.1,0.11371972411870956,0.11371972411870956,4.476349683544304,0.11456249999999998,0.11371972411870956,0.07655179500579834,0.02152535319328308,0.033834326267242434,0.09387429058551788,0.22723128795623782,0.4035138189792633,0.07518571615219116,0.07655179500579834,0.02556035667657852,random,cross_model,80
190,n080_s04,matched_random,80,200,0.2,0.1,0.11371972411870956,0.11371972411870956,5.676755537974686,0.10831249999999999,0.11371970921754837,1.4901161193847656e-08,0.11371972411870956,0.11371972411870956,0.11371972411870956,0.11371972411870956,0.11371972411870956,7.450580596923828e-09,1.4901161193847656e-08,0.0,random,cross_model,80
190,n090_s00,nn,90,200,0.2,0.1,0.11713246256113052,0.11713246256113052,4.736104244694131,0.11761111111111112,0.11713246256113052,0.07809988409280777,0.02153685688972473,0.03131879568099975,0.1001676470041275,0.23275521844625474,0.40349239110946655,0.0764399841427803,0.07809988409280777,0.026586607098579407,random,cross_model,90
190,n090_s00,matched_random,90,200,0.2,0.1,0.11713246256113052,0.11713246256113052,6.673335830212237,0.11733333333333335,0.11713244765996933,1.4901161193847656e-08,0.11713246256113052,0.11713246256113052,0.11713246256113052,0.11713246256113052,0.11713246256113052,7.450580596923828e-09,1.4901161193847656e-08,0.0,random,cross_model,90
190,n090_s01,nn,90,200,0.2,0.1,0.12492509186267853,0.12492509186267853,4.188378277153559,0.1282222222222222,0.12492509186267853,0.08214661478996277,0.02164497971534729,0.038460999727249146,0.1016148179769516,0.24767714738845825,0.40327775478363037,0.08056581765413284,0.08214661478996277,0.02374117262661457,random,cross_model,90
190,n090_s01,matched_random,90,200,0.2,0.1,0.12492509186267853,0.12492509186267853,5.213631710362048,0.12588888888888888,0.12492510676383972,1.4901161193847656e-08,0.12492509186267853,0.12492509186267853,0.12492509186267853,0.12492509186267853,0.12492509186267853,7.450580596923828e-09,1.4901161193847656e-08,0.0,random,cross_model,90
190,n090_s02,nn,90,200,0.2,0.1,0.12008126825094223,0.12008126825094223,4.505333333333333,0.11722222222222223,0.12008126825094223,0.07915674149990082,0.021581679582595825,0.03618700504302978,0.10099536180496216,0.23415493369102477,0.3469451665878296,0.0776519849896431,0.07915674149990082,0.02506493777036667,random,cross_model,90
190,n090_s02,matched_random,90,200,0.2,0.1,0.12008126825094223,0.12008126825094223,5.748811485642948,0.11827777777777777,0.12008128315210342,1.4901161193847656e-08,0.12008126825094223,0.12008126825094223,0.12008126825094223,0.12008126825094223,0.12008126825094223,0.0,1.4901161193847656e-08,7.450580596923828e-09,random,cross_model,90
190,n090_s03,nn,90,200,0.2,0.1,0.11982123553752899,0.11982123553752899,4.076808988764046,0.12011111111111111,0.11982123553752899,0.07800597697496414,0.021544069051742554,0.03449614346027374,0.10153532028198242,0.23339673578739167,0.33387917280197144,0.07654718309640884,0.07800597697496414,0.022427750751376152,random,cross_model,90
190,n090_s03,matched_random,90,200,0.2,0.1,0.11982123553752899,0.11982123553752899,4.960451310861421,0.12122222222222222,0.1198212206363678,1.4901161193847656e-08,0.11982123553752899,0.11982123553752899,0.11982123553752899,0.11982123553752899,0.11982123553752899,7.450580596923828e-09,1.4901161193847656e-08,0.0,random,cross_model,90
190,n090_s04,nn,90,200,0.2,0.1,0.12286496162414551,0.12286496162414551,4.041630461922597,0.12322222222222222,0.12286496162414551,0.08046182245016098,0.021596640348434448,0.03753711432218551,0.1023586094379425,0.23826985955238342,0.4033210277557373,0.07872472703456879,0.08046182245016098,0.023361686617136,random,cross_model,90
190,n090_s04,matched_random,90,200,0.2,0.1,0.12286496162414551,0.12286496162414551,5.3155636704119855,0.12172222222222222,0.12286496162414551,0.0,0.12286496162414551,0.12286496162414551,0.12286496162414551,0.12286496162414551,0.12286496162414551,7.450580596923828e-09,0.0,1.4901161193847656e-08,random,cross_model,90
190,n100_s00,nn,100,200,0.2,0.1,0.11718586087226868,0.11718586087226868,4.58540808080808,0.1151,0.11718586087226868,0.07895646244287491,0.021524280309677124,0.032109382748603824,0.10013870894908905,0.22805120646953592,0.4034225642681122,0.07766178250312805,0.07895646244287491,0.02896711975336075,random,cross_model,100
190,n100_s00,matched_random,100,200,0.2,0.1,0.11718586087226868,0.11718586087226868,6.001739393939392,0.11885,0.11718583852052689,2.2351741790771484e-08,0.11718586087226868,0.11718586087226868,0.11718586087226868,0.11718586087226868,0.11718586087226868,2.9802322387695312e-08,2.2351741790771484e-08,0.0,random,cross_model,100
190,n100_s01,nn,100,200,0.2,0.1,0.12373107671737671,0.12373107671737671,4.4515994949494955,0.1216,0.12373107671737671,0.08344210684299469,0.021510660648345947,0.03463067412376404,0.1037503331899643,0.24781005829572691,0.4034126102924347,0.08206070214509964,0.08344210684299469,0.029232554137706757,random,cross_model,100
190,n100_s01,matched_random,100,200,0.2,0.1,0.12373107671737671,0.12373107671737671,5.728886868686868,0.12035,0.1237311065196991,2.9802322387695312e-08,0.12373107671737671,0.12373107671737671,0.12373107671737671,0.12373107671737671,0.12373107671737671,0.0,2.9802322387695312e-08,2.2351741790771484e-08,random,cross_model,100
190,n100_s02,nn,100,200,0.2,0.1,0.12321969121694565,0.12321969121694565,4.596204040404036,0.12825,0.12321969121694565,0.08189353346824646,0.021541357040405273,0.03756925761699677,0.09956692159175873,0.23685861527919772,0.4032917022705078,0.08058591932058334,0.08189353346824646,0.02635303884744644,random,cross_model,100
190,n100_s02,matched_random,100,200,0.2,0.1,0.12321969121694565,0.12321969121694565,5.817497979797979,0.12135,0.12321969866752625,7.450580596923828e-09,0.12321969121694565,0.12321969121694565,0.12321969121694565,0.12321969121694565,0.12321969121694565,0.0,7.450580596923828e-09,2.2351741790771484e-08,random,cross_model,100
190,n100_s03,nn,100,200,0.2,0.1,0.12526260316371918,0.12526260316371918,4.595951515151513,0.12695,0.12526260316371918,0.08411937952041626,0.021591484546661377,0.036707907915115356,0.10232953727245331,0.24185516238212587,0.4033624529838562,0.08261799067258835,0.08411937952041626,0.02849428728222847,random,cross_model,100
190,n100_s03,matched_random,100,200,0.2,0.1,0.12526260316371918,0.12526260316371918,5.715986868686867,0.12359999999999999,0.12526260316371918,0.0,0.12526260316371918,0.12526260316371918,0.12526260316371918,0.12526260316371918,0.12526260316371918,1.4901161193847656e-08,0.0,1.4901161193847656e-08,random,cross_model,100
190,n100_s04,nn,100,200,0.2,0.1,0.12151864916086197,0.12151864916086197,4.502857070707071,0.12154999999999999,0.12151864916086197,0.08004447817802429,0.021571695804595947,0.03626504242420196,0.1018735021352768,0.22956222593784337,0.4035870432853699,0.07856259495019913,0.08004447817802429,0.024710146710276604,random,cross_model,100
190,n100_s04,matched_random,100,200,0.2,0.1,0.12151864916086197,0.12151864916086197,5.976252020202023,0.12494999999999999,0.12151862680912018,2.2351741790771484e-08,0.12151864916086197,0.12151864916086197,0.12151864916086197,0.12151864916086197,0.12151864916086197,7.450580596923828e-09,2.2351741790771484e-08,2.2351741790771484e-08,random,cross_model,100
190,n110_s00,nn,110,200,0.2,0.1,0.122671939432621,0.122671939432621,4.744327356130107,0.12713636363636363,0.122671939432621,0.08360113948583603,0.021570712327957153,0.03554930090904236,0.100277841091156,0.23482392728328716,0.4033907353878021,0.08226142078638077,0.08360113948583603,0.03014390356838703,random,cross_model,110
190,n110_s00,matched_random,110,200,0.2,0.1,0.122671939432621,0.122671939432621,5.986706839032524,0.11818181818181818,0.1226719543337822,1.4901161193847656e-08,0.122671939432621,0.122671939432621,0.122671939432621,0.122671939432621,0.122671939432621,2.2351741790771484e-08,1.4901161193847656e-08,1.4901161193847656e-08,random,cross_model,110
190,n110_s01,nn,110,200,0.2,0.1,0.12251065671443939,0.12251065671443939,4.849253127606337,0.11868181818181818,0.12251065671443939,0.07952016592025757,0.021636903285980225,0.03808646202087402,0.10341764986515045,0.233574178814888,0.40294021368026733,0.07811573147773743,0.07952016592025757,0.022817369550466537,random,cross_model,110
190,n110_s01,matched_random,110,200,0.2,0.1,0.12251065671443939,0.12251065671443939,5.952472894078401,0.12263636363636364,0.12251066416501999,7.450580596923828e-09,0.12251065671443939,0.12251065671443939,0.12251065671443939,0.12251065671443939,0.12251065671443939,2.2351741790771484e-08,7.450580596923828e-09,7.450580596923828e-09,random,cross_model,110
190,n110_s02,nn,110,200,0.2,0.1,0.12322859466075897,0.12322859466075897,4.6473227689741465,0.12100000000000001,0.12322859466075897,0.08156218379735947,0.021529942750930786,0.03811359107494355,0.09918229281902313,0.24219428598880768,0.3480047285556793,0.07999148964881897,0.08156218379735947,0.024562865495681763,random,cross_model,110
190,n110_s02,matched_random,110,200,0.2,0.1,0.12322859466075897,0.12322859466075897,5.734130525437868,0.12072727272727272,0.12322857975959778,1.4901161193847656e-08,0.12322859466075897,0.12322859466075897,0.12322859466075897,0.12322859466075897,0.12322859466075897,1.4901161193847656e-08,1.4901161193847656e-08,2.9802322387695312e-08,random,cross_model,110
190,n110_s03,nn,110,200,0.2,0.1,0.11759118735790253,0.11759118735790253,5.222765221017514,0.11763636363636364,0.11759118735790253,0.07693032175302505,0.021540671586990356,0.03603895902633667,0.09686224162578583,0.22566368579864504,0.3290209174156189,0.0754573792219162,0.07693032175302505,0.021460026502609253,random,cross_model,110
190,n110_s03,matched_random,110,200,0.2,0.1,0.11759118735790253,0.11759118735790253,6.392917431192656,0.11895454545454547,0.11759117245674133,1.4901161193847656e-08,0.11759118735790253,0.11759118735790253,0.11759118735790253,0.11759118735790253,0.11759118735790253,2.2351741790771484e-08,1.4901161193847656e-08,1.4901161193847656e-08,random,cross_model,110
190,n110_s04,nn,110,200,0.2,0.1,0.124261274933815,0.124261274933815,4.682272727272729,0.12522727272727274,0.124261274933815,0.08156970888376236,0.021603643894195557,0.038638810813426974,0.09730623662471771,0.24660037159919743,0.3338531255722046,0.08014540374279022,0.08156970888376236,0.022525286301970482,random,cross_model,110
190,n110_s04,matched_random,110,200,0.2,0.1,0.124261274933815,0.124261274933815,6.067190992493746,0.1275,0.124261274933815,0.0,0.124261274933815,0.124261274933815,0.124261274933815,0.124261274933815,0.124261274933815,2.2351741790771484e-08,0.0,2.9802322387695312e-08,random,cross_model,110
190,n120_s00,nn,120,200,0.2,0.1,0.12265441566705704,0.12265441566705704,5.073157212885153,0.12516666666666668,0.12265441566705704,0.08111751824617386,0.021585404872894287,0.03799194097518921,0.09731696546077728,0.2394212424755097,0.40308985114097595,0.07975530624389648,0.08111751824617386,0.023856444284319878,random,cross_model,120
190,n120_s00,matched_random,120,200,0.2,0.1,0.12265441566705704,0.12265441566705704,6.409228291316526,0.12162500000000001,0.12265443056821823,1.4901161193847656e-08,0.12265441566705704,0.12265441566705704,0.12265441566705704,0.12265441566705704,0.12265441566705704,1.4901161193847656e-08,1.4901161193847656e-08,2.2351741790771484e-08,random,cross_model,120
190,n120_s01,nn,120,200,0.2,0.1,0.12036877125501633,0.12036877125501633,4.884057773109243,0.12579166666666666,0.12036877125501633,0.07943597435951233,0.021513402462005615,0.0389844000339508,0.09584744274616241,0.23552053570747378,0.4032595455646515,0.0781744197010994,0.07943597435951233,0.02244364470243454,random,cross_model,120
190,n120_s01,matched_random,120,200,0.2,0.1,0.12036877125501633,0.12036877125501633,6.426045518207282,0.12050000000000001,0.12036875635385513,1.4901161193847656e-08,0.12036877125501633,0.12036877125501633,0.12036877125501633,0.12036877125501633,0.12036877125501633,2.2351741790771484e-08,1.4901161193847656e-08,1.4901161193847656e-08,random,cross_model,120
190,n120_s02,nn,120,200,0.2,0.1,0.1247544065117836,0.1247544065117836,4.851105742296918,0.125375,0.1247544065117836,0.08391737192869186,0.021573543548583984,0.0365276426076889,0.10016012191772461,0.2417381465435028,0.40334463119506836,0.08255739510059357,0.08391737192869186,0.028170550242066383,random,cross_model,120
190,n120_s02,matched_random,120,200,0.2,0.1,0.1247544065117836,0.1247544065117836,6.2856460084033605,0.1285,0.1247544139623642,7.450580596923828e-09,0.1247544065117836,0.1247544065117836,0.1247544065117836,0.1247544065117836,0.1247544065117836,1.4901161193847656e-08,7.450580596923828e-09,2.2351741790771484e-08,random,cross_model,120
190,n120_s03,nn,120,200,0.2,0.1,0.11790962517261505,0.11790962517261505,4.923077380952382,0.12120833333333333,0.11790962517261505,0.07894188165664673,0.02158704400062561,0.03496816456317901,0.09586842358112335,0.22780794203281404,0.4030807614326477,0.07761552184820175,0.07894188165664673,0.02580389194190502,random,cross_model,120
190,n120_s03,matched_random,120,200,0.2,0.1,0.11790962517261505,0.11790962517261505,6.338427521008401,0.12208333333333334,0.11790964007377625,1.4901161193847656e-08,0.11790962517261505,0.11790962517261505,0.11790962517261505,0.11790962517261505,0.11790962517261505,1.4901161193847656e-08,1.4901161193847656e-08,7.450580596923828e-09,random,cross_model,120
190,n120_s04,nn,120,200,0.2,0.1,0.11758828908205032,0.11758828908205032,5.471341386554623,0.11654166666666667,0.11758828908205032,0.07790868729352951,0.021542370319366455,0.0359792560338974,0.0952330082654953,0.2289211928844452,0.40344998240470886,0.07645778357982635,0.07790868729352951,0.02322891727089882,random,cross_model,120
190,n120_s04,matched_random,120,200,0.2,0.1,0.11758828908205032,0.11758828908205032,6.88741841736695,0.12029166666666667,0.11758828908205032,0.0,0.11758828908205032,0.11758828908205032,0.11758828908205032,0.11758828908205032,0.11758828908205032,0.0,0.0,0.0,random,cross_model,120
190,n130_s00,nn,130,200,0.2,0.1,0.11617180705070496,0.11617180705070496,5.303888789505069,0.11780769230769231,0.11617180705070496,0.0770178809762001,0.021599292755126953,0.03504036664962769,0.09632350504398346,0.21451131701469422,0.4034091830253601,0.0756840780377388,0.0770178809762001,0.023962074890732765,random,cross_model,130
190,n130_s00,matched_random,130,200,0.2,0.1,0.11617180705070496,0.11617180705070496,6.927790399522959,0.11519230769230769,0.11617182940244675,2.2351741790771484e-08,0.11617180705070496,0.11617180705070496,0.11617180705070496,0.11617180705070496,0.11617180705070496,1.4901161193847656e-08,2.2351741790771484e-08,0.0,random,cross_model,130
190,n130_s01,nn,130,200,0.2,0.1,0.12367501854896545,0.12367501854896545,5.293686940966012,0.12330769230769231,0.12367501854896545,0.0828070268034935,0.02167642116546631,0.037483730912208565,0.1001945436000824,0.24372430741786963,0.4034968912601471,0.08128589391708374,0.0828070268034935,0.027031272649765015,random,cross_model,130
190,n130_s01,matched_random,130,200,0.2,0.1,0.12367501854896545,0.12367501854896545,6.785659212880144,0.12400000000000001,0.12367500364780426,1.4901161193847656e-08,0.12367501854896545,0.12367501854896545,0.12367501854896545,0.12367501854896545,0.12367501854896545,7.450580596923828e-09,1.4901161193847656e-08,0.0,random,cross_model,130
190,n130_s02,nn,130,200,0.2,0.1,0.11820153146982193,0.11820153146982193,5.3654892665474065,0.11884615384615384,0.11820153146982193,0.0765802264213562,0.02162972092628479,0.03632194697856903,0.09703555703163147,0.22341261804103857,0.4033265709877014,0.07515661418437958,0.0765802264213562,0.01929776556789875,random,cross_model,130
190,n130_s02,matched_random,130,200,0.2,0.1,0.11820153146982193,0.11820153146982193,6.457718843172331,0.11765384615384615,0.11820150911808014,2.2351741790771484e-08,0.11820153146982193,0.11820153146982193,0.11820153146982193,0.11820153146982193,0.11820153146982193,7.450580596923828e-09,2.2351741790771484e-08,7.450580596923828e-09,random,cross_model,130
190,n130_s03,nn,130,200,0.2,0.1,0.11805642396211624,0.11805642396211624,5.310315742397139,0.12007692307692307,0.11805642396211624,0.07825838774442673,0.021574288606643677,0.03660330474376679,0.09580396115779877,0.2332297444343567,0.4032827317714691,0.07693357020616531,0.07825838774442673,0.024080611765384674,random,cross_model,130
190,n130_s03,matched_random,130,200,0.2,0.1,0.11805642396211624,0.11805642396211624,6.250860763267741,0.118,0.11805642396211624,0.0,0.11805642396211624,0.11805642396211624,0.11805642396211624,0.11805642396211624,0.11805642396211624,0.0,0.0,7.450580596923828e-09,random,cross_model,130
190,n130_s04,nn,130,200,0.2,0.1,0.12108214199542999,0.12108214199542999,5.147454680977935,0.12103846153846154,0.12108214199542999,0.0802072286605835,0.021527409553527832,0.03590993285179138,0.0990569144487381,0.2370929896831513,0.40351876616477966,0.07878679037094116,0.0802072286605835,0.02520439215004444,random,cross_model,130
190,n130_s04,matched_random,130,200,0.2,0.1,0.12108214199542999,0.12108214199542999,6.755022957662492,0.11961538461538462,0.12108215689659119,1.4901161193847656e-08,0.12108214199542999,0.12108214199542999,0.12108214199542999,0.12108214199542999,0.12108214199542999,7.450580596923828e-09,1.4901161193847656e-08,7.450580596923828e-09,random,cross_model,130
190,n140_s00,nn,140,200,0.2,0.1,0.12802748382091522,0.12802748382091522,4.931382579650565,0.12553571428571428,0.12802748382091522,0.08283564448356628,0.023939818143844604,0.04044319689273834,0.10337604582309723,0.24202007800340652,0.40333133935928345,0.08132784068584442,0.08283564448356628,0.02160082571208477,random,cross_model,140
190,n140_s00,matched_random,140,200,0.2,0.1,0.12802748382091522,0.12802748382091522,6.242076310380269,0.12835714285714284,0.12802746891975403,1.4901161193847656e-08,0.12802748382091522,0.12802748382091522,0.12802748382091522,0.12802748382091522,0.12802748382091522,1.4901161193847656e-08,1.4901161193847656e-08,0.0,random,cross_model,140
190,n140_s01,nn,140,200,0.2,0.1,0.1264936327934265,0.1264936327934265,5.109709403905446,0.12489285714285714,0.1264936327934265,0.08334694057703018,0.02160024642944336,0.03725292384624481,0.10234041512012482,0.24424836784601234,0.40346693992614746,0.0820842757821083,0.08334694057703018,0.025077488273382187,random,cross_model,140
190,n140_s01,matched_random,140,200,0.2,0.1,0.1264936327934265,0.1264936327934265,6.402142086330937,0.12521428571428572,0.1264936625957489,2.9802322387695312e-08,0.1264936327934265,0.1264936327934265,0.1264936327934265,0.1264936327934265,0.1264936327934265,0.0,2.9802322387695312e-08,0.0,random,cross_model,140
190,n140_s02,nn,140,200,0.2,0.1,0.1204514354467392,0.1204514354467392,5.587362795477905,0.11946428571428573,0.1204514354467392,0.07979424297809601,0.021538972854614258,0.03552335500717163,0.0994047075510025,0.23052190840244297,0.40345269441604614,0.07843749225139618,0.07979424297809601,0.02523772604763508,random,cross_model,140
190,n140_s02,matched_random,140,200,0.2,0.1,0.1204514354467392,0.1204514354467392,7.116090441932167,0.12257142857142857,0.1204514428973198,7.450580596923828e-09,0.1204514354467392,0.1204514354467392,0.1204514354467392,0.1204514354467392,0.1204514354467392,1.4901161193847656e-08,7.450580596923828e-09,0.0,random,cross_model,140
190,n140_s03,nn,140,200,0.2,0.1,0.1222766786813736,0.1222766786813736,5.763821685508732,0.12142857142857143,0.1222766786813736,0.08114128559827805,0.021544307470321655,0.036357843875885004,0.10032834112644196,0.24012600183486943,0.4034386873245239,0.07981403172016144,0.08114128559827805,0.026748530566692352,random,cross_model,140
190,n140_s03,matched_random,140,200,0.2,0.1,0.1222766786813736,0.1222766786813736,7.204865364850981,0.12067857142857143,0.122276671230793,7.450580596923828e-09,0.1222766786813736,0.1222766786813736,0.1222766786813736,0.1222766786813736,0.1222766786813736,1.4901161193847656e-08,7.450580596923828e-09,1.4901161193847656e-08,random,cross_model,140
190,n140_s04,nn,140,200,0.2,0.1,0.1233290284872055,0.1233290284872055,5.651164696813977,0.11939285714285715,0.1233290284872055,0.08183635026216507,0.021587371826171875,0.038781982660293576,0.09874548017978668,0.24331656098365786,0.4035266041755676,0.08050326257944107,0.08183635026216507,0.02552662417292595,random,cross_model,140
190,n140_s04,matched_random,140,200,0.2,0.1,0.1233290284872055,0.1233290284872055,7.108958119218913,0.12478571428571428,0.1233290284872055,0.0,0.1233290284872055,0.1233290284872055,0.1233290284872055,0.1233290284872055,0.1233290284872055,1.4901161193847656e-08,0.0,1.4901161193847656e-08,random,cross_model,140
190,n150_s00,nn,150,200,0.2,0.1,0.12502481043338776,0.12502481043338776,5.541639373601793,0.12166666666666667,0.12502481043338776,0.08180087059736252,0.021597884595394135,0.03911619782447815,0.10134993493556976,0.23913092315196993,0.40327680110931396,0.08043501526117325,0.08180087059736252,0.02396874874830246,random,cross_model,150
190,n150_s00,matched_random,150,200,0.2,0.1,0.12502481043338776,0.12502481043338776,7.327740268456376,0.12386666666666665,0.12502481043338776,0.0,0.12502481043338776,0.12502481043338776,0.12502481043338776,0.12502481043338776,0.12502481043338776,0.0,0.0,0.0,random,cross_model,150
190,n150_s01,nn,150,200,0.2,0.1,0.12061920762062073,0.12061920762062073,6.030298657718124,0.12013333333333333,0.12061920762062073,0.07923505455255508,0.02161043882369995,0.03822637498378754,0.0965682715177536,0.23671874403953555,0.40305811166763306,0.07777516543865204,0.07923505455255508,0.02204238995909691,random,cross_model,150
190,n150_s01,matched_random,150,200,0.2,0.1,0.12061920762062073,0.12061920762062073,7.418800447427295,0.11996666666666668,0.12061919271945953,1.4901161193847656e-08,0.12061920762062073,0.12061920762062073,0.12061920762062073,0.12061920762062073,0.12061920762062073,2.9802322387695312e-08,1.4901161193847656e-08,2.2351741790771484e-08,random,cross_model,150
190,n150_s02,nn,150,200,0.2,0.1,0.12262094765901566,0.12262094765901566,5.766931543624162,0.12413333333333335,0.12262094765901566,0.08090497553348541,0.021553516387939453,0.03825495541095734,0.09881891310214996,0.23959871530532845,0.40316930413246155,0.07948453724384308,0.08090497553348541,0.024534529075026512,random,cross_model,150
190,n150_s02,matched_random,150,200,0.2,0.1,0.12262094765901566,0.12262094765901566,7.025085906040269,0.12359999999999999,0.12262094765901566,0.0,0.12262094765901566,0.12262094765901566,0.12262094765901566,0.12262094765901566,0.12262094765901566,7.450580596923828e-09,0.0,2.2351741790771484e-08,random,cross_model,150
190,n150_s03,nn,150,200,0.2,0.1,0.11809485405683517,0.11809485405683517,5.821038702460851,0.12046666666666667,0.11809485405683517,0.0783080905675888,0.021504253149032593,0.03579686582088471,0.09547048807144165,0.22986987829208375,0.40323132276535034,0.07696854323148727,0.0783080905675888,0.02415899746119976,random,cross_model,150
190,n150_s03,matched_random,150,200,0.2,0.1,0.11809485405683517,0.11809485405683517,7.072844966442951,0.1206,0.11809483915567398,1.4901161193847656e-08,0.11809485405683517,0.11809485405683517,0.11809485405683517,0.11809485405683517,0.11809485405683517,1.4901161193847656e-08,1.4901161193847656e-08,7.450580596923828e-09,random,cross_model,150
190,n150_s04,nn,150,200,0.2,0.1,0.11907659471035004,0.11907659471035004,5.827834004474275,0.11703333333333334,0.11907659471035004,0.07821972668170929,0.02158418297767639,0.03503018915653228,0.09911353886127472,0.23199845552444473,0.4033973515033722,0.07692057639360428,0.07821972668170929,0.024634037166833878,random,cross_model,150
190,n150_s04,matched_random,150,200,0.2,0.1,0.11907659471035004,0.11907659471035004,7.431113422818794,0.12093333333333334,0.11907659471035004,0.0,0.11907659471035004,0.11907659471035004,0.11907659471035004,0.11907659471035004,0.11907659471035004,7.450580596923828e-09,0.0,1.4901161193847656e-08,random,cross_model,150
