checkpoint_episode,scenario_id,policy,n_nodes,slots,update_probability,target_tx_ratio,matched_rate_probability,policy_probability,mean_VAoI,actual_tx_ratio,action_prob_mean,action_prob_std,action_prob_min,action_prob_p10,action_prob_p50,action_prob_p90,action_prob_max,action_prob_node_std_mean,action_prob_global_std,action_prob_per_node_mean_std,model_id,model_directory
200,v00,nn,100,500,0.20000,0.10000,0.09378,0.09378,6.53007,0.09308,0.09378,0.02684,0.03707,0.06180,0.09047,0.13199,0.18611,0.02669,0.02684,0.02146,mpnn_heuristic_channel_n100_u0.20_b0.10_a1.5_lr1e-3,D:\ZMF\2026Curvature\curvature-gossip\result_GNN\mpnn_heuristic_channel_n100_u0.20_b0.10_a1.5_lr1e-3
200,v00,stage1_only,100,500,0.20000,0.10000,0.09378,0.10150,6.90574,0.10038,0.10150,0.02568,0.05737,0.07012,0.09982,0.13525,0.16810,0.02568,0.02568,0.02568,mpnn_heuristic_channel_n100_u0.20_b0.10_a1.5_lr1e-3,D:\ZMF\2026Curvature\curvature-gossip\result_GNN\mpnn_heuristic_channel_n100_u0.20_b0.10_a1.5_lr1e-3
200,v00,matched_random,100,500,0.20000,0.10000,0.09378,0.09378,7.45318,0.09348,0.09378,0.00000,0.09378,0.09378,0.09378,0.09378,0.09378,0.00000,0.00000,0.00000,mpnn_heuristic_channel_n100_u0.20_b0.10_a1.5_lr1e-3,D:\ZMF\2026Curvature\curvature-gossip\result_GNN\mpnn_heuristic_channel_n100_u0.20_b0.10_a1.5_lr1e-3
200,v00,fixed_random,100,500,0.20000,0.10000,0.09378,0.10000,7.74517,0.09778,0.10000,0.00000,0.10000,0.10000,0.10000,0.10000,0.10000,0.00000,0.00000,0.00000,mpnn_heuristic_channel_n100_u0.20_b0.10_a1.5_lr1e-3,D:\ZMF\2026Curvature\curvature-gossip\result_GNN\mpnn_heuristic_channel_n100_u0.20_b0.10_a1.5_lr1e-3
200,v01,nn,100,500,0.20000,0.10000,0.09754,0.09754,6.46745,0.09862,0.09754,0.03475,0.03599,0.06048,0.09164,0.14518,0.23534,0.03461,0.03475,0.03041,mpnn_heuristic_channel_n100_u0.20_b0.10_a1.5_lr1e-3,D:\ZMF\2026Curvature\curvature-gossip\result_GNN\mpnn_heuristic_channel_n100_u0.20_b0.10_a1.5_lr1e-3
200,v01,stage1_only,100,500,0.20000,0.10000,0.09754,0.10623,6.88978,0.10718,0.10623,0.03641,0.05737,0.06732,0.09982,0.15339,0.21430,0.03641,0.03641,0.03641,mpnn_heuristic_channel_n100_u0.20_b0.10_a1.5_lr1e-3,D:\ZMF\2026Curvature\curvature-gossip\result_GNN\mpnn_heuristic_channel_n100_u0.20_b0.10_a1.5_lr1e-3
200,v01,matched_random,100,500,0.20000,0.10000,0.09754,0.09754,7.83219,0.09774,0.09754,0.00000,0.09754,0.09754,0.09754,0.09754,0.09754,0.00000,0.00000,0.00000,mpnn_heuristic_channel_n100_u0.20_b0.10_a1.5_lr1e-3,D:\ZMF\2026Curvature\curvature-gossip\result_GNN\mpnn_heuristic_channel_n100_u0.20_b0.10_a1.5_lr1e-3
200,v01,fixed_random,100,500,0.20000,0.10000,0.09754,0.10000,7.81829,0.09978,0.10000,0.00000,0.10000,0.10000,0.10000,0.10000,0.10000,0.00000,0.00000,0.00000,mpnn_heuristic_channel_n100_u0.20_b0.10_a1.5_lr1e-3,D:\ZMF\2026Curvature\curvature-gossip\result_GNN\mpnn_heuristic_channel_n100_u0.20_b0.10_a1.5_lr1e-3
200,v02,nn,100,500,0.20000,0.10000,0.09355,0.09355,6.84985,0.09152,0.09355,0.02603,0.03640,0.06223,0.09138,0.12840,0.18550,0.02588,0.02603,0.02061,mpnn_heuristic_channel_n100_u0.20_b0.10_a1.5_lr1e-3,D:\ZMF\2026Curvature\curvature-gossip\result_GNN\mpnn_heuristic_channel_n100_u0.20_b0.10_a1.5_lr1e-3
200,v02,stage1_only,100,500,0.20000,0.10000,0.09355,0.10134,7.25128,0.09934,0.10134,0.02486,0.05737,0.06987,0.09982,0.13490,0.16810,0.02486,0.02486,0.02486,mpnn_heuristic_channel_n100_u0.20_b0.10_a1.5_lr1e-3,D:\ZMF\2026Curvature\curvature-gossip\result_GNN\mpnn_heuristic_channel_n100_u0.20_b0.10_a1.5_lr1e-3
200,v02,matched_random,100,500,0.20000,0.10000,0.09355,0.09355,7.77914,0.09210,0.09355,0.00000,0.09355,0.09355,0.09355,0.09355,0.09355,0.00000,0.00000,0.00000,mpnn_heuristic_channel_n100_u0.20_b0.10_a1.5_lr1e-3,D:\ZMF\2026Curvature\curvature-gossip\result_GNN\mpnn_heuristic_channel_n100_u0.20_b0.10_a1.5_lr1e-3
200,v02,fixed_random,100,500,0.20000,0.10000,0.09355,0.10000,7.76977,0.10102,0.10000,0.00000,0.10000,0.10000,0.10000,0.10000,0.10000,0.00000,0.00000,0.00000,mpnn_heuristic_channel_n100_u0.20_b0.10_a1.5_lr1e-3,D:\ZMF\2026Curvature\curvature-gossip\result_GNN\mpnn_heuristic_channel_n100_u0.20_b0.10_a1.5_lr1e-3
200,v03,nn,100,500,0.20000,0.10000,0.09627,0.09627,6.63708,0.09622,0.09627,0.03352,0.03680,0.06101,0.09075,0.14090,0.23437,0.03339,0.03352,0.02913,mpnn_heuristic_channel_n100_u0.20_b0.10_a1.5_lr1e-3,D:\ZMF\2026Curvature\curvature-gossip\result_GNN\mpnn_heuristic_channel_n100_u0.20_b0.10_a1.5_lr1e-3
200,v03,stage1_only,100,500,0.20000,0.10000,0.09627,0.10542,6.93557,0.10460,0.10542,0.03524,0.05737,0.07012,0.09651,0.15339,0.21430,0.03524,0.03524,0.03524,mpnn_heuristic_channel_n100_u0.20_b0.10_a1.5_lr1e-3,D:\ZMF\2026Curvature\curvature-gossip\result_GNN\mpnn_heuristic_channel_n100_u0.20_b0.10_a1.5_lr1e-3
200,v03,matched_random,100,500,0.20000,0.10000,0.09627,0.09627,8.41812,0.09740,0.09627,0.00000,0.09627,0.09627,0.09627,0.09627,0.09627,0.00000,0.00000,0.00000,mpnn_heuristic_channel_n100_u0.20_b0.10_a1.5_lr1e-3,D:\ZMF\2026Curvature\curvature-gossip\result_GNN\mpnn_heuristic_channel_n100_u0.20_b0.10_a1.5_lr1e-3
200,v03,fixed_random,100,500,0.20000,0.10000,0.09627,0.10000,7.94629,0.10070,0.10000,0.00000,0.10000,0.10000,0.10000,0.10000,0.10000,0.00000,0.00000,0.00000,mpnn_heuristic_channel_n100_u0.20_b0.10_a1.5_lr1e-3,D:\ZMF\2026Curvature\curvature-gossip\result_GNN\mpnn_heuristic_channel_n100_u0.20_b0.10_a1.5_lr1e-3
200,v04,nn,100,500,0.20000,0.10000,0.09578,0.09578,6.77887,0.09760,0.09578,0.03741,0.03619,0.05486,0.08853,0.15018,0.23435,0.03730,0.03741,0.03349,mpnn_heuristic_channel_n100_u0.20_b0.10_a1.5_lr1e-3,D:\ZMF\2026Curvature\curvature-gossip\result_GNN\mpnn_heuristic_channel_n100_u0.20_b0.10_a1.5_lr1e-3
200,v04,stage1_only,100,500,0.20000,0.10000,0.09578,0.10486,7.14240,0.10726,0.10486,0.04070,0.05737,0.05737,0.09982,0.16512,0.21430,0.04070,0.04070,0.04070,mpnn_heuristic_channel_n100_u0.20_b0.10_a1.5_lr1e-3,D:\ZMF\2026Curvature\curvature-gossip\result_GNN\mpnn_heuristic_channel_n100_u0.20_b0.10_a1.5_lr1e-3
200,v04,matched_random,100,500,0.20000,0.10000,0.09578,0.09578,8.53464,0.09498,0.09578,0.00000,0.09578,0.09578,0.09578,0.09578,0.09578,0.00000,0.00000,0.00000,mpnn_heuristic_channel_n100_u0.20_b0.10_a1.5_lr1e-3,D:\ZMF\2026Curvature\curvature-gossip\result_GNN\mpnn_heuristic_channel_n100_u0.20_b0.10_a1.5_lr1e-3
200,v04,fixed_random,100,500,0.20000,0.10000,0.09578,0.10000,8.42069,0.09948,0.10000,0.00000,0.10000,0.10000,0.10000,0.10000,0.10000,0.00000,0.00000,0.00000,mpnn_heuristic_channel_n100_u0.20_b0.10_a1.5_lr1e-3,D:\ZMF\2026Curvature\curvature-gossip\result_GNN\mpnn_heuristic_channel_n100_u0.20_b0.10_a1.5_lr1e-3
200,v05,nn,100,500,0.20000,0.10000,0.09683,0.09683,6.91477,0.09354,0.09683,0.02986,0.03613,0.06300,0.09341,0.13401,0.23507,0.02974,0.02986,0.02492,mpnn_heuristic_channel_n100_u0.20_b0.10_a1.5_lr1e-3,D:\ZMF\2026Curvature\curvature-gossip\result_GNN\mpnn_heuristic_channel_n100_u0.20_b0.10_a1.5_lr1e-3
200,v05,stage1_only,100,500,0.20000,0.10000,0.09683,0.10542,7.26034,0.10262,0.10542,0.02975,0.05737,0.07363,0.09982,0.14310,0.21430,0.02975,0.02975,0.02975,mpnn_heuristic_channel_n100_u0.20_b0.10_a1.5_lr1e-3,D:\ZMF\2026Curvature\curvature-gossip\result_GNN\mpnn_heuristic_channel_n100_u0.20_b0.10_a1.5_lr1e-3
200,v05,matched_random,100,500,0.20000,0.10000,0.09683,0.09683,7.94245,0.09770,0.09683,0.00000,0.09683,0.09683,0.09683,0.09683,0.09683,0.00000,0.00000,0.00000,mpnn_heuristic_channel_n100_u0.20_b0.10_a1.5_lr1e-3,D:\ZMF\2026Curvature\curvature-gossip\result_GNN\mpnn_heuristic_channel_n100_u0.20_b0.10_a1.5_lr1e-3
200,v05,fixed_random,100,500,0.20000,0.10000,0.09683,0.10000,7.63497,0.10118,0.10000,0.00000,0.10000,0.10000,0.10000,0.10000,0.10000,0.00000,0.00000,0.00000,mpnn_heuristic_channel_n100_u0.20_b0.10_a1.5_lr1e-3,D:\ZMF\2026Curvature\curvature-gossip\result_GNN\mpnn_heuristic_channel_n100_u0.20_b0.10_a1.5_lr1e-3
200,v06,nn,100,500,0.20000,0.10000,0.09765,0.09765,7.23969,0.09942,0.09765,0.03749,0.03623,0.05722,0.09216,0.15163,0.23579,0.03737,0.03749,0.03348,mpnn_heuristic_channel_n100_u0.20_b0.10_a1.5_lr1e-3,D:\ZMF\2026Curvature\curvature-gossip\result_GNN\mpnn_heuristic_channel_n100_u0.20_b0.10_a1.5_lr1e-3
200,v06,stage1_only,100,500,0.20000,0.10000,0.09765,0.10741,7.82739,0.10912,0.10741,0.04067,0.05737,0.05737,0.09651,0.15916,0.21430,0.04067,0.04067,0.04067,mpnn_heuristic_channel_n100_u0.20_b0.10_a1.5_lr1e-3,D:\ZMF\2026Curvature\curvature-gossip\result_GNN\mpnn_heuristic_channel_n100_u0.20_b0.10_a1.5_lr1e-3
200,v06,matched_random,100,500,0.20000,0.10000,0.09765,0.09765,7.93134,0.09612,0.09765,0.00000,0.09765,0.09765,0.09765,0.09765,0.09765,0.00000,0.00000,0.00000,mpnn_heuristic_channel_n100_u0.20_b0.10_a1.5_lr1e-3,D:\ZMF\2026Curvature\curvature-gossip\result_GNN\mpnn_heuristic_channel_n100_u0.20_b0.10_a1.5_lr1e-3
200,v06,fixed_random,100,500,0.20000,0.10000,0.09765,0.10000,8.13688,0.09866,0.10000,0.00000,0.10000,0.10000,0.10000,0.10000,0.10000,0.00000,0.00000,0.00000,mpnn_heuristic_channel_n100_u0.20_b0.10_a1.5_lr1e-3,D:\ZMF\2026Curvature\curvature-gossip\result_GNN\mpnn_heuristic_channel_n100_u0.20_b0.10_a1.5_lr1e-3
200,v07,nn,100,500,0.20000,0.10000,0.10194,0.10194,6.63664,0.10096,0.10194,0.03310,0.03664,0.06161,0.09963,0.14615,0.23493,0.03297,0.03310,0.02813,mpnn_heuristic_channel_n100_u0.20_b0.10_a1.5_lr1e-3,D:\ZMF\2026Curvature\curvature-gossip\result_GNN\mpnn_heuristic_channel_n100_u0.20_b0.10_a1.5_lr1e-3
200,v07,stage1_only,100,500,0.20000,0.10000,0.10194,0.11171,6.97968,0.11058,0.11171,0.03362,0.05737,0.05737,0.11251,0.15339,0.21430,0.03362,0.03362,0.03362,mpnn_heuristic_channel_n100_u0.20_b0.10_a1.5_lr1e-3,D:\ZMF\2026Curvature\curvature-gossip\result_GNN\mpnn_heuristic_channel_n100_u0.20_b0.10_a1.5_lr1e-3
200,v07,matched_random,100,500,0.20000,0.10000,0.10194,0.10194,7.61911,0.10182,0.10194,0.00000,0.10194,0.10194,0.10194,0.10194,0.10194,0.00000,0.00000,0.00000,mpnn_heuristic_channel_n100_u0.20_b0.10_a1.5_lr1e-3,D:\ZMF\2026Curvature\curvature-gossip\result_GNN\mpnn_heuristic_channel_n100_u0.20_b0.10_a1.5_lr1e-3
200,v07,fixed_random,100,500,0.20000,0.10000,0.10194,0.10000,7.55091,0.10046,0.10000,0.00000,0.10000,0.10000,0.10000,0.10000,0.10000,0.00000,0.00000,0.00000,mpnn_heuristic_channel_n100_u0.20_b0.10_a1.5_lr1e-3,D:\ZMF\2026Curvature\curvature-gossip\result_GNN\mpnn_heuristic_channel_n100_u0.20_b0.10_a1.5_lr1e-3
200,v08,nn,100,500,0.20000,0.10000,0.09644,0.09644,6.73969,0.09608,0.09644,0.02758,0.03673,0.06295,0.09450,0.13478,0.19128,0.02745,0.02758,0.02211,mpnn_heuristic_channel_n100_u0.20_b0.10_a1.5_lr1e-3,D:\ZMF\2026Curvature\curvature-gossip\result_GNN\mpnn_heuristic_channel_n100_u0.20_b0.10_a1.5_lr1e-3
200,v08,stage1_only,100,500,0.20000,0.10000,0.09644,0.10497,6.95494,0.10426,0.10497,0.02676,0.05737,0.06769,0.09982,0.14195,0.17309,0.02676,0.02676,0.02676,mpnn_heuristic_channel_n100_u0.20_b0.10_a1.5_lr1e-3,D:\ZMF\2026Curvature\curvature-gossip\result_GNN\mpnn_heuristic_channel_n100_u0.20_b0.10_a1.5_lr1e-3
200,v08,matched_random,100,500,0.20000,0.10000,0.09644,0.09644,7.61838,0.09332,0.09644,0.00000,0.09644,0.09644,0.09644,0.09644,0.09644,0.00000,0.00000,0.00000,mpnn_heuristic_channel_n100_u0.20_b0.10_a1.5_lr1e-3,D:\ZMF\2026Curvature\curvature-gossip\result_GNN\mpnn_heuristic_channel_n100_u0.20_b0.10_a1.5_lr1e-3
200,v08,fixed_random,100,500,0.20000,0.10000,0.09644,0.10000,7.39150,0.10020,0.10000,0.00000,0.10000,0.10000,0.10000,0.10000,0.10000,0.00000,0.00000,0.00000,mpnn_heuristic_channel_n100_u0.20_b0.10_a1.5_lr1e-3,D:\ZMF\2026Curvature\curvature-gossip\result_GNN\mpnn_heuristic_channel_n100_u0.20_b0.10_a1.5_lr1e-3
200,v09,nn,100,500,0.20000,0.10000,0.09822,0.09822,6.55388,0.09784,0.09822,0.03773,0.03699,0.05956,0.09004,0.15653,0.23613,0.03762,0.03773,0.03368,mpnn_heuristic_channel_n100_u0.20_b0.10_a1.5_lr1e-3,D:\ZMF\2026Curvature\curvature-gossip\result_GNN\mpnn_heuristic_channel_n100_u0.20_b0.10_a1.5_lr1e-3
200,v09,stage1_only,100,500,0.20000,0.10000,0.09822,0.10779,6.92025,0.10684,0.10779,0.04138,0.05737,0.06592,0.09636,0.16810,0.21430,0.04138,0.04138,0.04138,mpnn_heuristic_channel_n100_u0.20_b0.10_a1.5_lr1e-3,D:\ZMF\2026Curvature\curvature-gossip\result_GNN\mpnn_heuristic_channel_n100_u0.20_b0.10_a1.5_lr1e-3
200,v09,matched_random,100,500,0.20000,0.10000,0.09822,0.09822,7.80126,0.09718,0.09822,0.00000,0.09822,0.09822,0.09822,0.09822,0.09822,0.00000,0.00000,0.00000,mpnn_heuristic_channel_n100_u0.20_b0.10_a1.5_lr1e-3,D:\ZMF\2026Curvature\curvature-gossip\result_GNN\mpnn_heuristic_channel_n100_u0.20_b0.10_a1.5_lr1e-3
200,v09,fixed_random,100,500,0.20000,0.10000,0.09822,0.10000,8.31202,0.09988,0.10000,0.00000,0.10000,0.10000,0.10000,0.10000,0.10000,0.00000,0.00000,0.00000,mpnn_heuristic_channel_n100_u0.20_b0.10_a1.5_lr1e-3,D:\ZMF\2026Curvature\curvature-gossip\result_GNN\mpnn_heuristic_channel_n100_u0.20_b0.10_a1.5_lr1e-3
250,v00,nn,100,500,0.20000,0.10000,0.09427,0.09427,6.71932,0.09342,0.09427,0.02441,0.04630,0.06436,0.09064,0.12899,0.18076,0.02433,0.02441,0.02247,mpnn_heuristic_channel_n100_u0.20_b0.10_a1.5,D:\ZMF\2026Curvature\curvature-gossip\result_GNN\mpnn_heuristic_channel_n100_u0.20_b0.10_a1.5
250,v00,stage1_only,100,500,0.20000,0.10000,0.09427,0.10150,6.90574,0.10038,0.10150,0.02568,0.05737,0.07012,0.09982,0.13525,0.16810,0.02568,0.02568,0.02568,mpnn_heuristic_channel_n100_u0.20_b0.10_a1.5,D:\ZMF\2026Curvature\curvature-gossip\result_GNN\mpnn_heuristic_channel_n100_u0.20_b0.10_a1.5
250,v00,matched_random,100,500,0.20000,0.10000,0.09427,0.09427,7.46339,0.09400,0.09427,0.00000,0.09427,0.09427,0.09427,0.09427,0.09427,0.00000,0.00000,0.00000,mpnn_heuristic_channel_n100_u0.20_b0.10_a1.5,D:\ZMF\2026Curvature\curvature-gossip\result_GNN\mpnn_heuristic_channel_n100_u0.20_b0.10_a1.5
250,v00,fixed_random,100,500,0.20000,0.10000,0.09427,0.10000,7.74517,0.09778,0.10000,0.00000,0.10000,0.10000,0.10000,0.10000,0.10000,0.00000,0.00000,0.00000,mpnn_heuristic_channel_n100_u0.20_b0.10_a1.5,D:\ZMF\2026Curvature\curvature-gossip\result_GNN\mpnn_heuristic_channel_n100_u0.20_b0.10_a1.5
250,v01,nn,100,500,0.20000,0.10000,0.09819,0.09819,6.69504,0.09916,0.09819,0.03357,0.04558,0.06160,0.09224,0.13804,0.22844,0.03351,0.03357,0.03211,mpnn_heuristic_channel_n100_u0.20_b0.10_a1.5,D:\ZMF\2026Curvature\curvature-gossip\result_GNN\mpnn_heuristic_channel_n100_u0.20_b0.10_a1.5
250,v01,stage1_only,100,500,0.20000,0.10000,0.09819,0.10623,6.88978,0.10718,0.10623,0.03641,0.05737,0.06732,0.09982,0.15339,0.21430,0.03641,0.03641,0.03641,mpnn_heuristic_channel_n100_u0.20_b0.10_a1.5,D:\ZMF\2026Curvature\curvature-gossip\result_GNN\mpnn_heuristic_channel_n100_u0.20_b0.10_a1.5
250,v01,matched_random,100,500,0.20000,0.10000,0.09819,0.09819,7.78311,0.09828,0.09819,0.00000,0.09819,0.09819,0.09819,0.09819,0.09819,0.00000,0.00000,0.00000,mpnn_heuristic_channel_n100_u0.20_b0.10_a1.5,D:\ZMF\2026Curvature\curvature-gossip\result_GNN\mpnn_heuristic_channel_n100_u0.20_b0.10_a1.5
250,v01,fixed_random,100,500,0.20000,0.10000,0.09819,0.10000,7.81829,0.09978,0.10000,0.00000,0.10000,0.10000,0.10000,0.10000,0.10000,0.00000,0.00000,0.00000,mpnn_heuristic_channel_n100_u0.20_b0.10_a1.5,D:\ZMF\2026Curvature\curvature-gossip\result_GNN\mpnn_heuristic_channel_n100_u0.20_b0.10_a1.5
250,v02,nn,100,500,0.20000,0.10000,0.09391,0.09391,7.04038,0.09162,0.09391,0.02363,0.04608,0.06348,0.09185,0.12511,0.17985,0.02353,0.02363,0.02165,mpnn_heuristic_channel_n100_u0.20_b0.10_a1.5,D:\ZMF\2026Curvature\curvature-gossip\result_GNN\mpnn_heuristic_channel_n100_u0.20_b0.10_a1.5
250,v02,stage1_only,100,500,0.20000,0.10000,0.09391,0.10134,7.25128,0.09934,0.10134,0.02486,0.05737,0.06987,0.09982,0.13490,0.16810,0.02486,0.02486,0.02486,mpnn_heuristic_channel_n100_u0.20_b0.10_a1.5,D:\ZMF\2026Curvature\curvature-gossip\result_GNN\mpnn_heuristic_channel_n100_u0.20_b0.10_a1.5
250,v02,matched_random,100,500,0.20000,0.10000,0.09391,0.09391,7.71818,0.09244,0.09391,0.00000,0.09391,0.09391,0.09391,0.09391,0.09391,0.00000,0.00000,0.00000,mpnn_heuristic_channel_n100_u0.20_b0.10_a1.5,D:\ZMF\2026Curvature\curvature-gossip\result_GNN\mpnn_heuristic_channel_n100_u0.20_b0.10_a1.5
250,v02,fixed_random,100,500,0.20000,0.10000,0.09391,0.10000,7.76977,0.10102,0.10000,0.00000,0.10000,0.10000,0.10000,0.10000,0.10000,0.00000,0.00000,0.00000,mpnn_heuristic_channel_n100_u0.20_b0.10_a1.5,D:\ZMF\2026Curvature\curvature-gossip\result_GNN\mpnn_heuristic_channel_n100_u0.20_b0.10_a1.5
250,v03,nn,100,500,0.20000,0.10000,0.09703,0.09703,6.82718,0.09680,0.09703,0.03229,0.04603,0.06256,0.09064,0.14109,0.22959,0.03222,0.03229,0.03086,mpnn_heuristic_channel_n100_u0.20_b0.10_a1.5,D:\ZMF\2026Curvature\curvature-gossip\result_GNN\mpnn_heuristic_channel_n100_u0.20_b0.10_a1.5
250,v03,stage1_only,100,500,0.20000,0.10000,0.09703,0.10542,6.93557,0.10460,0.10542,0.03524,0.05737,0.07012,0.09651,0.15339,0.21430,0.03524,0.03524,0.03524,mpnn_heuristic_channel_n100_u0.20_b0.10_a1.5,D:\ZMF\2026Curvature\curvature-gossip\result_GNN\mpnn_heuristic_channel_n100_u0.20_b0.10_a1.5
250,v03,matched_random,100,500,0.20000,0.10000,0.09703,0.09703,8.31370,0.09824,0.09703,0.00000,0.09703,0.09703,0.09703,0.09703,0.09703,0.00000,0.00000,0.00000,mpnn_heuristic_channel_n100_u0.20_b0.10_a1.5,D:\ZMF\2026Curvature\curvature-gossip\result_GNN\mpnn_heuristic_channel_n100_u0.20_b0.10_a1.5
250,v03,fixed_random,100,500,0.20000,0.10000,0.09703,0.10000,7.94629,0.10070,0.10000,0.00000,0.10000,0.10000,0.10000,0.10000,0.10000,0.00000,0.00000,0.00000,mpnn_heuristic_channel_n100_u0.20_b0.10_a1.5,D:\ZMF\2026Curvature\curvature-gossip\result_GNN\mpnn_heuristic_channel_n100_u0.20_b0.10_a1.5
250,v04,nn,100,500,0.20000,0.10000,0.09674,0.09674,6.94096,0.09904,0.09674,0.03672,0.04582,0.05482,0.09338,0.14627,0.22788,0.03666,0.03672,0.03545,mpnn_heuristic_channel_n100_u0.20_b0.10_a1.5,D:\ZMF\2026Curvature\curvature-gossip\result_GNN\mpnn_heuristic_channel_n100_u0.20_b0.10_a1.5
250,v04,stage1_only,100,500,0.20000,0.10000,0.09674,0.10486,7.14240,0.10726,0.10486,0.04070,0.05737,0.05737,0.09982,0.16512,0.21430,0.04070,0.04070,0.04070,mpnn_heuristic_channel_n100_u0.20_b0.10_a1.5,D:\ZMF\2026Curvature\curvature-gossip\result_GNN\mpnn_heuristic_channel_n100_u0.20_b0.10_a1.5
250,v04,matched_random,100,500,0.20000,0.10000,0.09674,0.09674,8.47968,0.09602,0.09674,0.00000,0.09674,0.09674,0.09674,0.09674,0.09674,0.00000,0.00000,0.00000,mpnn_heuristic_channel_n100_u0.20_b0.10_a1.5,D:\ZMF\2026Curvature\curvature-gossip\result_GNN\mpnn_heuristic_channel_n100_u0.20_b0.10_a1.5
250,v04,fixed_random,100,500,0.20000,0.10000,0.09674,0.10000,8.42069,0.09948,0.10000,0.00000,0.10000,0.10000,0.10000,0.10000,0.10000,0.00000,0.00000,0.00000,mpnn_heuristic_channel_n100_u0.20_b0.10_a1.5,D:\ZMF\2026Curvature\curvature-gossip\result_GNN\mpnn_heuristic_channel_n100_u0.20_b0.10_a1.5
250,v05,nn,100,500,0.20000,0.10000,0.09747,0.09747,7.01150,0.09454,0.09747,0.02799,0.04578,0.06523,0.09363,0.13319,0.22996,0.02792,0.02799,0.02623,mpnn_heuristic_channel_n100_u0.20_b0.10_a1.5,D:\ZMF\2026Curvature\curvature-gossip\result_GNN\mpnn_heuristic_channel_n100_u0.20_b0.10_a1.5
250,v05,stage1_only,100,500,0.20000,0.10000,0.09747,0.10542,7.26034,0.10262,0.10542,0.02975,0.05737,0.07363,0.09982,0.14310,0.21430,0.02975,0.02975,0.02975,mpnn_heuristic_channel_n100_u0.20_b0.10_a1.5,D:\ZMF\2026Curvature\curvature-gossip\result_GNN\mpnn_heuristic_channel_n100_u0.20_b0.10_a1.5
250,v05,matched_random,100,500,0.20000,0.10000,0.09747,0.09747,7.92860,0.09826,0.09747,0.00000,0.09747,0.09747,0.09747,0.09747,0.09747,0.00000,0.00000,0.00000,mpnn_heuristic_channel_n100_u0.20_b0.10_a1.5,D:\ZMF\2026Curvature\curvature-gossip\result_GNN\mpnn_heuristic_channel_n100_u0.20_b0.10_a1.5
250,v05,fixed_random,100,500,0.20000,0.10000,0.09747,0.10000,7.63497,0.10118,0.10000,0.00000,0.10000,0.10000,0.10000,0.10000,0.10000,0.00000,0.00000,0.00000,mpnn_heuristic_channel_n100_u0.20_b0.10_a1.5,D:\ZMF\2026Curvature\curvature-gossip\result_GNN\mpnn_heuristic_channel_n100_u0.20_b0.10_a1.5
250,v06,nn,100,500,0.20000,0.10000,0.09885,0.09885,7.41179,0.10052,0.09885,0.03682,0.04572,0.05779,0.09137,0.14841,0.23027,0.03676,0.03682,0.03552,mpnn_heuristic_channel_n100_u0.20_b0.10_a1.5,D:\ZMF\2026Curvature\curvature-gossip\result_GNN\mpnn_heuristic_channel_n100_u0.20_b0.10_a1.5
250,v06,stage1_only,100,500,0.20000,0.10000,0.09885,0.10741,7.82739,0.10912,0.10741,0.04067,0.05737,0.05737,0.09651,0.15916,0.21430,0.04067,0.04067,0.04067,mpnn_heuristic_channel_n100_u0.20_b0.10_a1.5,D:\ZMF\2026Curvature\curvature-gossip\result_GNN\mpnn_heuristic_channel_n100_u0.20_b0.10_a1.5
250,v06,matched_random,100,500,0.20000,0.10000,0.09885,0.09885,7.93715,0.09730,0.09885,0.00000,0.09885,0.09885,0.09885,0.09885,0.09885,0.00000,0.00000,0.00000,mpnn_heuristic_channel_n100_u0.20_b0.10_a1.5,D:\ZMF\2026Curvature\curvature-gossip\result_GNN\mpnn_heuristic_channel_n100_u0.20_b0.10_a1.5
250,v06,fixed_random,100,500,0.20000,0.10000,0.09885,0.10000,8.13688,0.09866,0.10000,0.00000,0.10000,0.10000,0.10000,0.10000,0.10000,0.00000,0.00000,0.00000,mpnn_heuristic_channel_n100_u0.20_b0.10_a1.5,D:\ZMF\2026Curvature\curvature-gossip\result_GNN\mpnn_heuristic_channel_n100_u0.20_b0.10_a1.5
250,v07,nn,100,500,0.20000,0.10000,0.10296,0.10296,6.94540,0.10220,0.10296,0.03129,0.04602,0.06118,0.10221,0.14176,0.22775,0.03122,0.03129,0.02957,mpnn_heuristic_channel_n100_u0.20_b0.10_a1.5,D:\ZMF\2026Curvature\curvature-gossip\result_GNN\mpnn_heuristic_channel_n100_u0.20_b0.10_a1.5
250,v07,stage1_only,100,500,0.20000,0.10000,0.10296,0.11171,6.97968,0.11058,0.11171,0.03362,0.05737,0.05737,0.11251,0.15339,0.21430,0.03362,0.03362,0.03362,mpnn_heuristic_channel_n100_u0.20_b0.10_a1.5,D:\ZMF\2026Curvature\curvature-gossip\result_GNN\mpnn_heuristic_channel_n100_u0.20_b0.10_a1.5
250,v07,matched_random,100,500,0.20000,0.10000,0.10296,0.10296,7.61736,0.10276,0.10296,0.00000,0.10296,0.10296,0.10296,0.10296,0.10296,0.00000,0.00000,0.00000,mpnn_heuristic_channel_n100_u0.20_b0.10_a1.5,D:\ZMF\2026Curvature\curvature-gossip\result_GNN\mpnn_heuristic_channel_n100_u0.20_b0.10_a1.5
250,v07,fixed_random,100,500,0.20000,0.10000,0.10296,0.10000,7.55091,0.10046,0.10000,0.00000,0.10000,0.10000,0.10000,0.10000,0.10000,0.00000,0.00000,0.00000,mpnn_heuristic_channel_n100_u0.20_b0.10_a1.5,D:\ZMF\2026Curvature\curvature-gossip\result_GNN\mpnn_heuristic_channel_n100_u0.20_b0.10_a1.5
250,v08,nn,100,500,0.20000,0.10000,0.09708,0.09708,6.83495,0.09640,0.09708,0.02514,0.04633,0.06510,0.09485,0.13072,0.18524,0.02506,0.02514,0.02320,mpnn_heuristic_channel_n100_u0.20_b0.10_a1.5,D:\ZMF\2026Curvature\curvature-gossip\result_GNN\mpnn_heuristic_channel_n100_u0.20_b0.10_a1.5
250,v08,stage1_only,100,500,0.20000,0.10000,0.09708,0.10497,6.95494,0.10426,0.10497,0.02676,0.05737,0.06769,0.09982,0.14195,0.17309,0.02676,0.02676,0.02676,mpnn_heuristic_channel_n100_u0.20_b0.10_a1.5,D:\ZMF\2026Curvature\curvature-gossip\result_GNN\mpnn_heuristic_channel_n100_u0.20_b0.10_a1.5
250,v08,matched_random,100,500,0.20000,0.10000,0.09708,0.09708,7.66590,0.09396,0.09708,0.00000,0.09708,0.09708,0.09708,0.09708,0.09708,0.00000,0.00000,0.00000,mpnn_heuristic_channel_n100_u0.20_b0.10_a1.5,D:\ZMF\2026Curvature\curvature-gossip\result_GNN\mpnn_heuristic_channel_n100_u0.20_b0.10_a1.5
250,v08,fixed_random,100,500,0.20000,0.10000,0.09708,0.10000,7.39150,0.10020,0.10000,0.00000,0.10000,0.10000,0.10000,0.10000,0.10000,0.00000,0.00000,0.00000,mpnn_heuristic_channel_n100_u0.20_b0.10_a1.5,D:\ZMF\2026Curvature\curvature-gossip\result_GNN\mpnn_heuristic_channel_n100_u0.20_b0.10_a1.5
250,v09,nn,100,500,0.20000,0.10000,0.09926,0.09926,6.76010,0.09856,0.09926,0.03721,0.04621,0.06066,0.08867,0.15457,0.22875,0.03716,0.03721,0.03594,mpnn_heuristic_channel_n100_u0.20_b0.10_a1.5,D:\ZMF\2026Curvature\curvature-gossip\result_GNN\mpnn_heuristic_channel_n100_u0.20_b0.10_a1.5
250,v09,stage1_only,100,500,0.20000,0.10000,0.09926,0.10779,6.92025,0.10684,0.10779,0.04138,0.05737,0.06592,0.09636,0.16810,0.21430,0.04138,0.04138,0.04138,mpnn_heuristic_channel_n100_u0.20_b0.10_a1.5,D:\ZMF\2026Curvature\curvature-gossip\result_GNN\mpnn_heuristic_channel_n100_u0.20_b0.10_a1.5
250,v09,matched_random,100,500,0.20000,0.10000,0.09926,0.09926,7.77851,0.09824,0.09926,0.00000,0.09926,0.09926,0.09926,0.09926,0.09926,0.00000,0.00000,0.00000,mpnn_heuristic_channel_n100_u0.20_b0.10_a1.5,D:\ZMF\2026Curvature\curvature-gossip\result_GNN\mpnn_heuristic_channel_n100_u0.20_b0.10_a1.5
250,v09,fixed_random,100,500,0.20000,0.10000,0.09926,0.10000,8.31202,0.09988,0.10000,0.00000,0.10000,0.10000,0.10000,0.10000,0.10000,0.00000,0.00000,0.00000,mpnn_heuristic_channel_n100_u0.20_b0.10_a1.5,D:\ZMF\2026Curvature\curvature-gossip\result_GNN\mpnn_heuristic_channel_n100_u0.20_b0.10_a1.5
250,v00,nn,100,500,0.20000,0.10000,0.09414,0.09414,6.76039,0.09274,0.09414,0.02397,0.04758,0.06505,0.09129,0.12820,0.17380,0.02392,0.02397,0.02314,nn_2layers_stage2_heuristic_channel_n100_u0.20_b0.10_a1.50_v2,D:\ZMF\2026Curvature\curvature-gossip\result_2layers\nn_2layers_stage2_heuristic_channel_n100_u0.20_b0.10_a1.50_v2
250,v00,stage1_only,100,500,0.20000,0.10000,0.09414,0.10150,6.90574,0.10038,0.10150,0.02568,0.05737,0.07012,0.09982,0.13525,0.16810,0.02568,0.02568,0.02568,nn_2layers_stage2_heuristic_channel_n100_u0.20_b0.10_a1.50_v2,D:\ZMF\2026Curvature\curvature-gossip\result_2layers\nn_2layers_stage2_heuristic_channel_n100_u0.20_b0.10_a1.50_v2
250,v00,matched_random,100,500,0.20000,0.10000,0.09414,0.09414,7.46664,0.09384,0.09414,0.00000,0.09414,0.09414,0.09414,0.09414,0.09414,0.00000,0.00000,0.00000,nn_2layers_stage2_heuristic_channel_n100_u0.20_b0.10_a1.50_v2,D:\ZMF\2026Curvature\curvature-gossip\result_2layers\nn_2layers_stage2_heuristic_channel_n100_u0.20_b0.10_a1.50_v2
250,v00,fixed_random,100,500,0.20000,0.10000,0.09414,0.10000,7.74517,0.09778,0.10000,0.00000,0.10000,0.10000,0.10000,0.10000,0.10000,0.00000,0.00000,0.00000,nn_2layers_stage2_heuristic_channel_n100_u0.20_b0.10_a1.50_v2,D:\ZMF\2026Curvature\curvature-gossip\result_2layers\nn_2layers_stage2_heuristic_channel_n100_u0.20_b0.10_a1.50_v2
250,v01,nn,100,500,0.20000,0.10000,0.09819,0.09819,6.85737,0.09890,0.09819,0.03355,0.04755,0.06167,0.09300,0.13900,0.22089,0.03352,0.03355,0.03295,nn_2layers_stage2_heuristic_channel_n100_u0.20_b0.10_a1.50_v2,D:\ZMF\2026Curvature\curvature-gossip\result_2layers\nn_2layers_stage2_heuristic_channel_n100_u0.20_b0.10_a1.50_v2
250,v01,stage1_only,100,500,0.20000,0.10000,0.09819,0.10623,6.88978,0.10718,0.10623,0.03641,0.05737,0.06732,0.09982,0.15339,0.21430,0.03641,0.03641,0.03641,nn_2layers_stage2_heuristic_channel_n100_u0.20_b0.10_a1.50_v2,D:\ZMF\2026Curvature\curvature-gossip\result_2layers\nn_2layers_stage2_heuristic_channel_n100_u0.20_b0.10_a1.50_v2
250,v01,matched_random,100,500,0.20000,0.10000,0.09819,0.09819,7.78311,0.09828,0.09819,0.00000,0.09819,0.09819,0.09819,0.09819,0.09819,0.00000,0.00000,0.00000,nn_2layers_stage2_heuristic_channel_n100_u0.20_b0.10_a1.50_v2,D:\ZMF\2026Curvature\curvature-gossip\result_2layers\nn_2layers_stage2_heuristic_channel_n100_u0.20_b0.10_a1.50_v2
250,v01,fixed_random,100,500,0.20000,0.10000,0.09819,0.10000,7.81829,0.09978,0.10000,0.00000,0.10000,0.10000,0.10000,0.10000,0.10000,0.00000,0.00000,0.00000,nn_2layers_stage2_heuristic_channel_n100_u0.20_b0.10_a1.50_v2,D:\ZMF\2026Curvature\curvature-gossip\result_2layers\nn_2layers_stage2_heuristic_channel_n100_u0.20_b0.10_a1.50_v2
250,v02,nn,100,500,0.20000,0.10000,0.09370,0.09370,7.19573,0.09154,0.09370,0.02302,0.04762,0.06399,0.09163,0.12514,0.17320,0.02298,0.02302,0.02219,nn_2layers_stage2_heuristic_channel_n100_u0.20_b0.10_a1.50_v2,D:\ZMF\2026Curvature\curvature-gossip\result_2layers\nn_2layers_stage2_heuristic_channel_n100_u0.20_b0.10_a1.50_v2
250,v02,stage1_only,100,500,0.20000,0.10000,0.09370,0.10134,7.25128,0.09934,0.10134,0.02486,0.05737,0.06987,0.09982,0.13490,0.16810,0.02486,0.02486,0.02486,nn_2layers_stage2_heuristic_channel_n100_u0.20_b0.10_a1.50_v2,D:\ZMF\2026Curvature\curvature-gossip\result_2layers\nn_2layers_stage2_heuristic_channel_n100_u0.20_b0.10_a1.50_v2
250,v02,matched_random,100,500,0.20000,0.10000,0.09370,0.09370,7.73029,0.09236,0.09370,0.00000,0.09370,0.09370,0.09370,0.09370,0.09370,0.00000,0.00000,0.00000,nn_2layers_stage2_heuristic_channel_n100_u0.20_b0.10_a1.50_v2,D:\ZMF\2026Curvature\curvature-gossip\result_2layers\nn_2layers_stage2_heuristic_channel_n100_u0.20_b0.10_a1.50_v2
250,v02,fixed_random,100,500,0.20000,0.10000,0.09370,0.10000,7.76977,0.10102,0.10000,0.00000,0.10000,0.10000,0.10000,0.10000,0.10000,0.00000,0.00000,0.00000,nn_2layers_stage2_heuristic_channel_n100_u0.20_b0.10_a1.50_v2,D:\ZMF\2026Curvature\curvature-gossip\result_2layers\nn_2layers_stage2_heuristic_channel_n100_u0.20_b0.10_a1.50_v2
250,v03,nn,100,500,0.20000,0.10000,0.09712,0.09712,6.88201,0.09688,0.09712,0.03243,0.04786,0.06374,0.09031,0.14312,0.22083,0.03240,0.03243,0.03184,nn_2layers_stage2_heuristic_channel_n100_u0.20_b0.10_a1.50_v2,D:\ZMF\2026Curvature\curvature-gossip\result_2layers\nn_2layers_stage2_heuristic_channel_n100_u0.20_b0.10_a1.50_v2
250,v03,stage1_only,100,500,0.20000,0.10000,0.09712,0.10542,6.93557,0.10460,0.10542,0.03524,0.05737,0.07012,0.09651,0.15339,0.21430,0.03524,0.03524,0.03524,nn_2layers_stage2_heuristic_channel_n100_u0.20_b0.10_a1.50_v2,D:\ZMF\2026Curvature\curvature-gossip\result_2layers\nn_2layers_stage2_heuristic_channel_n100_u0.20_b0.10_a1.50_v2
250,v03,matched_random,100,500,0.20000,0.10000,0.09712,0.09712,8.31354,0.09830,0.09712,0.00000,0.09712,0.09712,0.09712,0.09712,0.09712,0.00000,0.00000,0.00000,nn_2layers_stage2_heuristic_channel_n100_u0.20_b0.10_a1.50_v2,D:\ZMF\2026Curvature\curvature-gossip\result_2layers\nn_2layers_stage2_heuristic_channel_n100_u0.20_b0.10_a1.50_v2
250,v03,fixed_random,100,500,0.20000,0.10000,0.09712,0.10000,7.94629,0.10070,0.10000,0.00000,0.10000,0.10000,0.10000,0.10000,0.10000,0.00000,0.00000,0.00000,nn_2layers_stage2_heuristic_channel_n100_u0.20_b0.10_a1.50_v2,D:\ZMF\2026Curvature\curvature-gossip\result_2layers\nn_2layers_stage2_heuristic_channel_n100_u0.20_b0.10_a1.50_v2
250,v04,nn,100,500,0.20000,0.10000,0.09671,0.09671,7.03392,0.09968,0.09671,0.03702,0.04759,0.05454,0.09409,0.14801,0.21984,0.03699,0.03702,0.03651,nn_2layers_stage2_heuristic_channel_n100_u0.20_b0.10_a1.50_v2,D:\ZMF\2026Curvature\curvature-gossip\result_2layers\nn_2layers_stage2_heuristic_channel_n100_u0.20_b0.10_a1.50_v2
250,v04,stage1_only,100,500,0.20000,0.10000,0.09671,0.10486,7.14240,0.10726,0.10486,0.04070,0.05737,0.05737,0.09982,0.16512,0.21430,0.04070,0.04070,0.04070,nn_2layers_stage2_heuristic_channel_n100_u0.20_b0.10_a1.50_v2,D:\ZMF\2026Curvature\curvature-gossip\result_2layers\nn_2layers_stage2_heuristic_channel_n100_u0.20_b0.10_a1.50_v2
250,v04,matched_random,100,500,0.20000,0.10000,0.09671,0.09671,8.47968,0.09602,0.09671,0.00000,0.09671,0.09671,0.09671,0.09671,0.09671,0.00000,0.00000,0.00000,nn_2layers_stage2_heuristic_channel_n100_u0.20_b0.10_a1.50_v2,D:\ZMF\2026Curvature\curvature-gossip\result_2layers\nn_2layers_stage2_heuristic_channel_n100_u0.20_b0.10_a1.50_v2
250,v04,fixed_random,100,500,0.20000,0.10000,0.09671,0.10000,8.42069,0.09948,0.10000,0.00000,0.10000,0.10000,0.10000,0.10000,0.10000,0.00000,0.00000,0.00000,nn_2layers_stage2_heuristic_channel_n100_u0.20_b0.10_a1.50_v2,D:\ZMF\2026Curvature\curvature-gossip\result_2layers\nn_2layers_stage2_heuristic_channel_n100_u0.20_b0.10_a1.50_v2
250,v05,nn,100,500,0.20000,0.10000,0.09740,0.09740,7.09406,0.09446,0.09740,0.02767,0.04775,0.06655,0.09298,0.13474,0.22157,0.02763,0.02767,0.02692,nn_2layers_stage2_heuristic_channel_n100_u0.20_b0.10_a1.50_v2,D:\ZMF\2026Curvature\curvature-gossip\result_2layers\nn_2layers_stage2_heuristic_channel_n100_u0.20_b0.10_a1.50_v2
250,v05,stage1_only,100,500,0.20000,0.10000,0.09740,0.10542,7.26034,0.10262,0.10542,0.02975,0.05737,0.07363,0.09982,0.14310,0.21430,0.02975,0.02975,0.02975,nn_2layers_stage2_heuristic_channel_n100_u0.20_b0.10_a1.50_v2,D:\ZMF\2026Curvature\curvature-gossip\result_2layers\nn_2layers_stage2_heuristic_channel_n100_u0.20_b0.10_a1.50_v2
250,v05,matched_random,100,500,0.20000,0.10000,0.09740,0.09740,7.92900,0.09818,0.09740,0.00000,0.09740,0.09740,0.09740,0.09740,0.09740,0.00000,0.00000,0.00000,nn_2layers_stage2_heuristic_channel_n100_u0.20_b0.10_a1.50_v2,D:\ZMF\2026Curvature\curvature-gossip\result_2layers\nn_2layers_stage2_heuristic_channel_n100_u0.20_b0.10_a1.50_v2
250,v05,fixed_random,100,500,0.20000,0.10000,0.09740,0.10000,7.63497,0.10118,0.10000,0.00000,0.10000,0.10000,0.10000,0.10000,0.10000,0.00000,0.00000,0.00000,nn_2layers_stage2_heuristic_channel_n100_u0.20_b0.10_a1.50_v2,D:\ZMF\2026Curvature\curvature-gossip\result_2layers\nn_2layers_stage2_heuristic_channel_n100_u0.20_b0.10_a1.50_v2
250,v06,nn,100,500,0.20000,0.10000,0.09896,0.09896,7.47341,0.10092,0.09896,0.03711,0.04768,0.05642,0.09013,0.15048,0.22131,0.03708,0.03711,0.03657,nn_2layers_stage2_heuristic_channel_n100_u0.20_b0.10_a1.50_v2,D:\ZMF\2026Curvature\curvature-gossip\result_2layers\nn_2layers_stage2_heuristic_channel_n100_u0.20_b0.10_a1.50_v2
250,v06,stage1_only,100,500,0.20000,0.10000,0.09896,0.10741,7.82739,0.10912,0.10741,0.04067,0.05737,0.05737,0.09651,0.15916,0.21430,0.04067,0.04067,0.04067,nn_2layers_stage2_heuristic_channel_n100_u0.20_b0.10_a1.50_v2,D:\ZMF\2026Curvature\curvature-gossip\result_2layers\nn_2layers_stage2_heuristic_channel_n100_u0.20_b0.10_a1.50_v2
250,v06,matched_random,100,500,0.20000,0.10000,0.09896,0.09896,7.96294,0.09744,0.09896,0.00000,0.09896,0.09896,0.09896,0.09896,0.09896,0.00000,0.00000,0.00000,nn_2layers_stage2_heuristic_channel_n100_u0.20_b0.10_a1.50_v2,D:\ZMF\2026Curvature\curvature-gossip\result_2layers\nn_2layers_stage2_heuristic_channel_n100_u0.20_b0.10_a1.50_v2
250,v06,fixed_random,100,500,0.20000,0.10000,0.09896,0.10000,8.13688,0.09866,0.10000,0.00000,0.10000,0.10000,0.10000,0.10000,0.10000,0.00000,0.00000,0.00000,nn_2layers_stage2_heuristic_channel_n100_u0.20_b0.10_a1.50_v2,D:\ZMF\2026Curvature\curvature-gossip\result_2layers\nn_2layers_stage2_heuristic_channel_n100_u0.20_b0.10_a1.50_v2
250,v07,nn,100,500,0.20000,0.10000,0.10303,0.10303,6.91121,0.10246,0.10303,0.03105,0.04771,0.05843,0.10335,0.14222,0.21972,0.03101,0.03105,0.03033,nn_2layers_stage2_heuristic_channel_n100_u0.20_b0.10_a1.50_v2,D:\ZMF\2026Curvature\curvature-gossip\result_2layers\nn_2layers_stage2_heuristic_channel_n100_u0.20_b0.10_a1.50_v2
250,v07,stage1_only,100,500,0.20000,0.10000,0.10303,0.11171,6.97968,0.11058,0.11171,0.03362,0.05737,0.05737,0.11251,0.15339,0.21430,0.03362,0.03362,0.03362,nn_2layers_stage2_heuristic_channel_n100_u0.20_b0.10_a1.50_v2,D:\ZMF\2026Curvature\curvature-gossip\result_2layers\nn_2layers_stage2_heuristic_channel_n100_u0.20_b0.10_a1.50_v2
250,v07,matched_random,100,500,0.20000,0.10000,0.10303,0.10303,7.64905,0.10288,0.10303,0.00000,0.10303,0.10303,0.10303,0.10303,0.10303,0.00000,0.00000,0.00000,nn_2layers_stage2_heuristic_channel_n100_u0.20_b0.10_a1.50_v2,D:\ZMF\2026Curvature\curvature-gossip\result_2layers\nn_2layers_stage2_heuristic_channel_n100_u0.20_b0.10_a1.50_v2
250,v07,fixed_random,100,500,0.20000,0.10000,0.10303,0.10000,7.55091,0.10046,0.10000,0.00000,0.10000,0.10000,0.10000,0.10000,0.10000,0.00000,0.00000,0.00000,nn_2layers_stage2_heuristic_channel_n100_u0.20_b0.10_a1.50_v2,D:\ZMF\2026Curvature\curvature-gossip\result_2layers\nn_2layers_stage2_heuristic_channel_n100_u0.20_b0.10_a1.50_v2
250,v08,nn,100,500,0.20000,0.10000,0.09695,0.09695,6.94457,0.09658,0.09695,0.02479,0.04786,0.06510,0.09398,0.13110,0.17843,0.02475,0.02479,0.02397,nn_2layers_stage2_heuristic_channel_n100_u0.20_b0.10_a1.50_v2,D:\ZMF\2026Curvature\curvature-gossip\result_2layers\nn_2layers_stage2_heuristic_channel_n100_u0.20_b0.10_a1.50_v2
250,v08,stage1_only,100,500,0.20000,0.10000,0.09695,0.10497,6.95494,0.10426,0.10497,0.02676,0.05737,0.06769,0.09982,0.14195,0.17309,0.02676,0.02676,0.02676,nn_2layers_stage2_heuristic_channel_n100_u0.20_b0.10_a1.50_v2,D:\ZMF\2026Curvature\curvature-gossip\result_2layers\nn_2layers_stage2_heuristic_channel_n100_u0.20_b0.10_a1.50_v2
250,v08,matched_random,100,500,0.20000,0.10000,0.09695,0.09695,7.66704,0.09390,0.09695,0.00000,0.09695,0.09695,0.09695,0.09695,0.09695,0.00000,0.00000,0.00000,nn_2layers_stage2_heuristic_channel_n100_u0.20_b0.10_a1.50_v2,D:\ZMF\2026Curvature\curvature-gossip\result_2layers\nn_2layers_stage2_heuristic_channel_n100_u0.20_b0.10_a1.50_v2
250,v08,fixed_random,100,500,0.20000,0.10000,0.09695,0.10000,7.39150,0.10020,0.10000,0.00000,0.10000,0.10000,0.10000,0.10000,0.10000,0.00000,0.00000,0.00000,nn_2layers_stage2_heuristic_channel_n100_u0.20_b0.10_a1.50_v2,D:\ZMF\2026Curvature\curvature-gossip\result_2layers\nn_2layers_stage2_heuristic_channel_n100_u0.20_b0.10_a1.50_v2
250,v09,nn,100,500,0.20000,0.10000,0.09947,0.09947,6.87433,0.09886,0.09947,0.03769,0.04785,0.05904,0.08914,0.15752,0.22090,0.03767,0.03769,0.03717,nn_2layers_stage2_heuristic_channel_n100_u0.20_b0.10_a1.50_v2,D:\ZMF\2026Curvature\curvature-gossip\result_2layers\nn_2layers_stage2_heuristic_channel_n100_u0.20_b0.10_a1.50_v2
250,v09,stage1_only,100,500,0.20000,0.10000,0.09947,0.10779,6.92025,0.10684,0.10779,0.04138,0.05737,0.06592,0.09636,0.16810,0.21430,0.04138,0.04138,0.04138,nn_2layers_stage2_heuristic_channel_n100_u0.20_b0.10_a1.50_v2,D:\ZMF\2026Curvature\curvature-gossip\result_2layers\nn_2layers_stage2_heuristic_channel_n100_u0.20_b0.10_a1.50_v2
250,v09,matched_random,100,500,0.20000,0.10000,0.09947,0.09947,7.77670,0.09850,0.09947,0.00000,0.09947,0.09947,0.09947,0.09947,0.09947,0.00000,0.00000,0.00000,nn_2layers_stage2_heuristic_channel_n100_u0.20_b0.10_a1.50_v2,D:\ZMF\2026Curvature\curvature-gossip\result_2layers\nn_2layers_stage2_heuristic_channel_n100_u0.20_b0.10_a1.50_v2
250,v09,fixed_random,100,500,0.20000,0.10000,0.09947,0.10000,8.31202,0.09988,0.10000,0.00000,0.10000,0.10000,0.10000,0.10000,0.10000,0.00000,0.00000,0.00000,nn_2layers_stage2_heuristic_channel_n100_u0.20_b0.10_a1.50_v2,D:\ZMF\2026Curvature\curvature-gossip\result_2layers\nn_2layers_stage2_heuristic_channel_n100_u0.20_b0.10_a1.50_v2
