node_i,node_j,curvature,bottleneck_importance
0,8,0.1590909090909095,0.0
0,13,0.2499999999999999,0.0
0,15,0.34090909090909094,0.0
0,16,0.04999999999999982,0.0
0,25,0.15000000000000002,0.0
0,32,-0.033333333333333215,0.04429530201342271
0,38,0.25,0.0
0,40,0.08846153846153837,0.0
0,41,0.19999999999999984,0.0
0,49,0.34090909090909105,0.0
1,2,0.35984848484848486,0.0
1,5,0.4810606060606061,0.0
1,10,0.06617647058823528,0.0
1,11,0.12500000000000022,0.0
1,18,0.39743589743589747,0.0
1,20,-0.07499999999999996,0.0996644295302014
1,26,0.2638888888888892,0.0
1,28,0.4047619047619049,0.0
1,29,0.4810606060606061,0.0
1,30,0.3500000000000002,0.0
1,39,0.3392857142857144,0.0
1,44,0.38888888888888906,0.0
2,5,0.40909090909090917,0.0
2,9,0.02272727272727293,0.0
2,18,0.4405594405594405,0.0
2,26,0.2828282828282831,0.0
2,27,-0.020202020202020332,0.026845637583892818
2,28,0.25,0.0
2,29,0.40909090909090917,0.0
2,30,0.20000000000000007,0.0
2,39,0.25649350649350644,0.0
2,44,0.3939393939393939,0.0
3,12,0.15873015873015894,0.0
3,21,0.23015873015873012,0.0
3,23,0.412698412698413,0.0
3,32,0.11111111111111116,0.0
3,35,0.15555555555555556,0.0
3,38,-0.01666666666666683,0.02214765100671165
3,41,0.05555555555555547,0.0
3,45,0.17361111111111105,0.0
3,47,0.28888888888888886,0.0
4,6,0.1382352941176469,0.0
4,8,-0.22459893048128343,0.2984603237268065
4,10,-0.14705882352941146,0.19542045005921813
4,14,-0.07486631016042788,0.09948677457560226
4,16,-0.123949579831933,0.16471152219277022
4,17,0.16360294117647067,0.0
4,19,0.2588235294117647,0.0
4,20,-0.005882352941176228,0.007816818002368418
4,22,0.16360294117647056,0.0
4,31,0.17156862745098078,0.0
4,34,0.02352941176470591,0.0
4,36,0.3151260504201684,0.0
4,37,0.13368983957219271,0.0
4,40,-0.16515837104072362,0.21947219775881419
4,43,0.25490196078431404,0.0
4,46,0.17156862745098067,0.0
4,48,0.27389705882352955,0.0
5,10,0.02941176470588236,0.0
5,11,0.09090909090909094,0.0
5,18,0.4125874125874126,0.0
5,26,0.2979797979797981,0.0
5,28,0.37662337662337675,0.0
5,29,0.5454545454545454,0.0
5,30,0.32424242424242444,0.0
5,39,0.30519480519480535,0.0
5,44,0.4343434343434346,0.0
6,7,0.20000000000000018,0.0
6,17,0.26250000000000007,0.0
6,19,0.25,0.0
6,22,0.26250000000000007,0.0
6,31,0.45833333333333337,0.0
6,33,0.38888888888888895,0.0
6,37,0.48636363636363644,0.0
6,43,0.375,0.0
6,46,0.45833333333333337,0.0
7,9,-0.1607142857142858,0.21356663470757467
7,10,-0.042016806722688926,0.05583441430263367
7,11,-0.04017857142857162,0.05339165867689389
7,17,0.3616071428571428,0.0
7,20,0.02857142857142847,0.0
7,22,0.3616071428571428,0.0
7,24,0.3928571428571428,0.0
7,27,0.07539682539682557,0.0
7,31,0.24404761904761918,0.0
7,33,0.22222222222222232,0.0
7,37,0.22727272727272751,0.0
7,46,0.2440476190476193,0.0
7,48,0.2142857142857143,0.0
8,14,0.2727272727272728,0.0
8,15,0.31818181818181823,0.0
8,16,0.17207792207792216,0.0
8,25,0.2803030303030304,0.0
8,36,-0.18181818181818188,0.2416107382550339
8,38,0.018181818181818188,0.0
8,40,0.21328671328671345,0.0
8,42,0.23484848484848486,0.0
8,49,0.31818181818181834,0.0
9,18,0.05769230769230771,0.0
9,27,0.25,0.0
10,11,0.41727941176470607,0.0
10,16,-0.2647058823529407,0.3517568101065927
10,17,-0.03492647058823528,0.046412356889064386
10,18,0.07013574660633504,0.0
10,20,0.343137254901961,0.0
10,22,-0.03492647058823528,0.046412356889064386
10,24,0.05882352941176494,0.0
10,28,0.04201680672268937,0.0
10,29,0.02941176470588236,0.0
10,30,0.0039215686274509665,0.0
10,36,-0.006302521008403117,0.008375162145394755
10,39,0.20798319327731107,0.0
10,48,0.05882352941176483,0.0
11,17,-0.0625,0.08305369127516787
11,18,0.14663461538461553,0.0
11,20,0.26874999999999993,0.0
11,22,-0.0625,0.08305369127516787
11,24,0.03571428571428581,0.0
11,27,0.19444444444444442,0.0
11,28,0.07142857142857184,0.0
11,29,0.09090909090909116,0.0
11,30,0.03333333333333344,0.0
11,36,-0.07142857142857162,0.09491850431447782
11,39,0.2723214285714288,0.0
11,48,0.0,-0.0
12,21,0.3571428571428572,0.0
12,23,0.1428571428571428,0.0
12,30,-0.4476190476190478,0.5948226270373931
12,35,0.11428571428571421,0.0
12,45,0.2767857142857144,0.0
12,62,-0.4285714285714284,0.5695110258868652
13,15,0.12727272727272732,0.0
13,32,0.1166666666666667,0.0
13,41,0.20000000000000007,0.0
13,49,0.12727272727272754,0.0
14,15,0.09090909090909105,0.0
14,16,0.15909090909090928,0.0
14,19,-0.15454545454545454,0.20536912751677874
14,25,0.2045454545454547,0.0
14,34,0.11818181818181817,0.0
14,36,-0.05519480519480524,0.07334611697027818
14,40,0.1748251748251749,0.0
14,42,0.2803030303030304,0.0
14,49,0.09090909090909094,0.0
15,16,0.09740259740259738,0.0
15,25,0.2803030303030303,0.0
15,38,0.1409090909090912,0.0
15,40,0.14685314685314688,0.0
15,41,0.07196969696969713,0.0
15,42,0.15909090909090917,0.0
15,49,0.5454545454545454,0.0
16,20,-0.16666666666666674,0.22147651006711444
16,35,-0.14999999999999947,0.19932885906040218
16,36,-0.03571428571428559,0.04745925215723862
16,38,0.12857142857142834,0.0
16,40,0.4780219780219781,0.0
16,41,-0.08928571428571397,0.11864813039309655
16,48,-0.21875,0.2906879194630876
16,49,0.0974025974025976,0.0
17,20,0.039583333333333526,0.0
17,22,0.53125,0.0
17,24,0.392857142857143,0.0
17,27,0.003472222222222099,0.0
17,31,0.3125000000000001,0.0
17,33,0.2777777777777777,0.0
17,36,0.1294642857142858,0.0
17,37,0.2897727272727274,0.0
17,43,0.2500000000000002,0.0
17,46,0.3125000000000001,0.0
17,48,0.3125,0.0
18,26,0.2350427350427351,0.0
18,27,0.02991452991453003,0.0
18,28,0.2857142857142857,0.0
18,29,0.4125874125874127,0.0
18,30,0.23333333333333361,0.0
18,39,0.3296703296703297,0.0
18,44,0.35897435897435925,0.0
19,31,0.23333333333333361,0.0
19,34,0.04999999999999993,0.0
19,36,0.057142857142857495,0.0
19,37,0.21818181818181825,0.0
19,43,0.3583333333333335,0.0
19,46,0.2333333333333334,0.0
19,48,0.13749999999999996,0.0
20,22,0.039583333333333415,0.0
20,24,0.13333333333333353,0.0
20,28,-0.061904761904761685,0.0822627037392136
20,30,-0.10000000000000009,0.13288590604026873
20,36,0.13095238095238104,0.0
20,39,0.07857142857142885,0.0
20,40,-0.20512820512820484,0.27258647392875573
20,48,0.19583333333333341,0.0
21,23,0.2857142857142858,0.0
21,35,0.042857142857142816,0.0
21,45,0.1874999999999999,0.0
21,47,0.11428571428571421,0.0
21,62,-0.4999999999999998,0.6644295302013427
22,24,0.392857142857143,0.0
22,27,0.003472222222222099,0.0
22,31,0.31250000000000033,0.0
22,33,0.2777777777777777,0.0
22,36,0.12946428571428603,0.0
22,37,0.2897727272727273,0.0
22,43,0.2500000000000002,0.0
22,46,0.31250000000000033,0.0
22,48,0.3125,0.0
23,32,0.08333333333333326,0.0
23,41,1.1102230246251565e-16,0.0
23,45,0.06250000000000011,0.0
23,47,0.37142857142857144,0.0
24,27,0.11111111111111116,0.0
24,31,0.21428571428571463,0.0
24,33,0.1865079365079365,0.0
24,36,0.1071428571428572,0.0
24,37,0.1915584415584416,0.0
24,39,-0.1785714285714286,0.23729626078619398
24,46,0.21428571428571452,0.0
24,48,0.2901785714285714,0.0
25,42,0.33333333333333337,0.0
25,49,0.2803030303030305,0.0
26,28,0.20634920634920662,0.0
26,29,0.297979797979798,0.0
26,30,0.21111111111111136,0.0
26,44,0.38888888888888895,0.0
26,73,-0.7525252525252517,1.0
27,39,0.0793650793650793,0.0
28,29,0.37662337662337686,0.0
28,30,0.4738095238095238,0.0
28,35,-0.34999999999999964,0.4651006711409396
28,39,0.2857142857142858,0.0
28,44,0.31746031746031733,0.0
28,45,-0.3839285714285714,0.5101869606903169
29,30,0.32424242424242444,0.0
29,39,0.30519480519480535,0.0
29,44,0.4343434343434346,0.0
30,35,-0.30000000000000027,0.39865771812080614
30,39,0.23095238095238102,0.0
30,44,0.2777777777777778,0.0
30,45,-0.32916666666666616,0.43741610738255016
31,33,0.41666666666666685,0.0
31,37,0.49242424242424254,0.0
31,43,0.3750000000000001,0.0
31,46,0.5416666666666667,0.0
31,48,0.1770833333333336,0.0
32,41,0.20833333333333348,0.0
32,47,0.18333333333333324,0.0
33,37,0.4343434343434345,0.0
33,43,0.2777777777777778,0.0
33,46,0.41666666666666674,0.0
34,42,-0.06666666666666665,0.08859060402684571
34,43,-0.09166666666666656,0.12181208053691274
35,38,-0.050000000000000044,0.06644295302013437
35,40,-0.1692307692307693,0.22488384099122388
35,41,-0.016666666666666607,0.022147651006711355
35,45,0.32500000000000007,0.0
36,40,-0.07692307692307665,0.10221992772328317
36,43,0.06547619047619069,0.0
36,48,0.3035714285714287,0.0
37,43,0.3787878787878789,0.0
37,46,0.49242424242424243,0.0
38,40,0.1499999999999999,0.0
38,41,0.29166666666666674,0.0
38,45,-0.23750000000000004,0.315604026845638
38,49,0.14090909090909087,0.0
39,44,0.21428571428571408,0.0
39,48,-0.21428571428571397,0.2847555129434323
40,41,-0.048076923076922906,0.06388745482705198
40,48,-0.25721153846153855,0.34179788332472943
40,49,0.146853146853147,0.0
41,47,0.07500000000000007,0.0
41,49,0.07196969696969713,0.0
42,49,0.1590909090909094,0.0
43,46,0.3750000000000001,0.0
43,48,0.14583333333333337,0.0
46,48,0.17708333333333348,0.0
50,53,0.24641148325358875,0.0
50,61,0.3535353535353536,0.0
50,65,0.4772727272727273,0.0
50,67,0.3084415584415584,0.0
50,72,0.2727272727272728,0.0
50,74,0.5454545454545454,0.0
50,76,0.3084415584415585,0.0
50,89,0.2727272727272728,0.0
50,92,0.36363636363636376,0.0
50,95,0.5454545454545454,0.0
50,96,0.5454545454545454,0.0
51,52,0.28787878787878785,0.0
51,58,-0.04444444444444451,0.05906040268456391
51,59,-0.04861111111111116,0.06459731543624174
51,66,0.13131313131313127,0.0
51,68,-0.2666666666666666,0.35436241610738284
51,73,0.1313131313131315,0.0
51,79,-0.22222222222222232,0.29530201342281925
51,80,-0.04513888888888862,0.05998322147650977
51,84,0.33333333333333326,0.0
52,58,0.045454545454545414,0.0
52,59,-0.11931818181818166,0.15855704697986572
52,62,-0.01298701298701288,0.017257909875359415
52,66,0.27272727272727293,0.0
52,70,-0.06818181818181834,0.0906040268456379
52,73,0.2727272727272728,0.0
52,79,-0.3484848484848482,0.46308724832214776
52,80,0.014204545454545525,0.0
52,84,0.39204545454545436,0.0
52,85,-0.06818181818181812,0.0906040268456376
53,55,-0.24671052631578916,0.32784351819145174
53,60,-0.29122807017543906,0.38700105969622145
53,61,0.19590643274853836,0.0
53,63,-0.12218045112781972,0.1623605994852908
53,65,0.26535087719298256,0.0
53,67,0.3721804511278194,0.0
53,71,0.06275303643724706,0.0
53,72,0.3216374269005844,0.0
53,74,0.24641148325358853,0.0
53,76,0.3721804511278196,0.0
53,81,-0.20263157894736827,0.2692688096079125
53,86,-0.05263157894736836,0.06993995054750972
53,87,-0.0071770334928229484,0.009537265983751311
53,88,0.16917293233082686,0.0
53,89,0.40526315789473655,0.0
53,92,0.37894736842105237,0.0
53,95,0.24641148325358853,0.0
53,96,0.24641148325358853,0.0
54,55,0.32291666666666663,0.0
54,58,0.2333333333333334,0.0
54,60,0.36666666666666703,0.0
54,63,0.20238095238095266,0.0
54,64,0.44166666666666676,0.0
54,70,0.34523809523809523,0.0
54,72,-0.30555555555555536,0.40604026845637603
54,78,0.4416666666666669,0.0
54,80,0.26041666666666674,0.0
54,85,0.34523809523809545,0.0
54,97,0.48076923076923084,0.0
54,98,0.3974358974358976,0.0
55,58,0.05625000000000013,0.0
55,60,0.3479166666666669,0.0
55,61,-0.22916666666666674,0.3045302013422823
55,63,0.299107142857143,0.0
55,64,0.25624999999999987,0.0
55,65,-0.27083333333333326,0.3598993288590607
55,70,0.1562499999999999,0.0
55,72,-0.11805555555555558,0.1568791946308727
55,78,0.25624999999999987,0.0
55,80,0.09375,0.0
55,85,0.15625000000000022,0.0
55,92,-0.22916666666666696,0.3045302013422826
55,97,0.27163461538461553,0.0
55,98,0.19471153846153877,0.0
56,57,0.4,0.0
56,71,0.08461538461538476,0.0
56,75,0.1499999999999999,0.0
56,77,0.37222222222222234,0.0
56,81,0.3999999999999999,0.0
56,86,0.20000000000000007,0.0
56,87,0.15454545454545476,0.0
56,88,1.1102230246251565e-16,0.0
56,91,0.3250000000000002,0.0
56,94,0.04999999999999993,0.0
57,71,-0.01538461538461533,0.020443985544656634
57,75,0.2499999999999999,0.0
57,77,0.4722222222222223,0.0
57,81,0.29999999999999993,0.0
57,86,0.10000000000000009,0.0
57,87,0.054545454545454786,0.0
57,91,0.4125000000000002,0.0
57,93,0.22499999999999987,0.0
57,94,-0.03750000000000009,0.04983221476510084
58,60,0.13333333333333341,0.0
58,64,0.2999999999999997,0.0
58,66,0.22727272727272707,0.0
58,70,0.411904761904762,0.0
58,73,0.1363636363636367,0.0
58,78,0.2999999999999996,0.0
58,80,0.4854166666666666,0.0
58,84,0.0,-0.0
58,85,0.411904761904762,0.0
58,97,0.25897435897435916,0.0
58,98,0.36410256410256436,0.0
59,62,-0.1517857142857142,0.20170182166826472
59,69,0.1875,0.0
59,79,0.16666666666666674,0.0
59,82,0.1875,0.0
59,84,-0.125,0.16610738255033575
59,99,0.04166666666666663,0.0
60,63,0.31666666666666676,0.0
60,64,0.2999999999999998,0.0
60,70,0.20000000000000007,0.0
60,72,-0.18888888888888888,0.25100671140939623
60,78,0.2999999999999998,0.0
60,80,0.15833333333333333,0.0
60,85,0.20000000000000007,0.0
60,88,-0.27857142857142847,0.3701821668264624
60,94,-0.3291666666666664,0.43741610738255043
60,97,0.3153846153846154,0.0
60,98,0.2384615384615385,0.0
61,65,0.4027777777777779,0.0
61,72,0.2222222222222222,0.0
61,74,0.3535353535353536,0.0
61,92,0.3222222222222223,0.0
61,95,0.3535353535353537,0.0
61,96,0.3535353535353538,0.0
62,66,-0.0844155844155845,0.11217641418983725
62,73,-0.03896103896103886,0.05177372962607855
62,84,0.0892857142857143,0.0
63,70,0.03571428571428581,0.0
63,72,-0.01984126984126977,0.026366251198465897
63,80,-0.008928571428571397,0.011864813039309655
63,85,0.03571428571428592,0.0
63,88,-0.10714285714285698,0.14237775647171616
63,89,-0.23095238095238058,0.30690316395014366
63,92,-0.13095238095238093,0.17401725790987552
63,94,-0.2678571428571428,0.35594439117929083
63,97,0.15109890109890134,0.0
63,98,0.07417582417582436,0.0
64,70,0.37142857142857144,0.0
64,78,0.55,0.0
64,80,0.30000000000000004,0.0
64,85,0.37142857142857133,0.0
64,97,0.4115384615384615,0.0
64,98,0.41153846153846163,0.0
65,67,0.2857142857142858,0.0
65,72,0.29166666666666674,0.0
65,74,0.4772727272727273,0.0
65,76,0.2857142857142858,0.0
65,89,0.2833333333333333,0.0
65,92,0.39166666666666683,0.0
65,95,0.4772727272727273,0.0
65,96,0.4772727272727273,0.0
66,70,0.1201298701298702,0.0
66,73,0.40909090909090917,0.0
66,80,0.19602272727272718,0.0
66,84,0.2670454545454546,0.0
66,85,0.12012987012987009,0.0
66,97,-0.0034965034965035446,0.004646360351058407
66,98,0.07342657342657344,0.0
67,71,0.07967032967032983,0.0
67,72,0.2420634920634922,0.0
67,74,0.30844155844155874,0.0
67,76,0.5357142857142857,0.0
67,86,-0.03571428571428581,0.04745925215723891
67,87,0.009740259740260049,0.0
67,88,0.10714285714285732,0.0
67,89,0.47857142857142854,0.0
67,92,0.3571428571428572,0.0
67,95,0.3084415584415585,0.0
67,96,0.3084415584415585,0.0
68,79,0.04444444444444451,0.0
68,83,0.19999999999999996,0.0
68,90,0.19999999999999996,0.0
68,94,-0.5750000000000002,0.7640939597315447
69,79,0.20833333333333326,0.0
69,82,0.625,0.0
69,99,0.33333333333333326,0.0
70,73,0.02922077922077926,0.0
70,78,0.37142857142857144,0.0
70,80,0.4285714285714285,0.0
70,85,0.5357142857142857,0.0
70,97,0.3708791208791211,0.0
70,98,0.48076923076923084,0.0
71,72,-0.07905982905982922,0.10505937016004163
71,76,0.07967032967032961,0.0
71,77,-0.004273504273504258,0.005678884873515732
71,81,0.21153846153846156,0.0
71,86,0.3621794871794872,0.0
71,87,0.4265734265734267,0.0
71,88,0.33241758241758257,0.0
71,89,0.08205128205128198,0.0
71,92,-0.0512820512820511,0.06814661848218878
72,74,0.2727272727272727,0.0
72,76,0.24206349206349254,0.0
72,88,0.0555555555555558,0.0
72,89,0.2777777777777779,0.0
72,92,0.3888888888888892,0.0
72,95,0.2727272727272727,0.0
72,96,0.2727272727272727,0.0
72,97,-0.3247863247863245,0.4315952503871968
73,80,0.10511363636363624,0.0
73,84,0.2670454545454546,0.0
73,85,0.02922077922077926,0.0
73,98,-0.0174825174825175,0.02323180175529174
74,76,0.3084415584415584,0.0
74,89,0.2727272727272727,0.0
74,92,0.36363636363636376,0.0
74,95,0.5454545454545454,0.0
74,96,0.5454545454545454,0.0
75,77,0.288888888888889,0.0
75,91,0.3374999999999999,0.0
75,93,0.4999999999999999,0.0
76,86,-0.03571428571428559,0.04745925215723862
76,87,0.009740259740259938,0.0
76,88,0.10714285714285732,0.0
76,89,0.47857142857142854,0.0
76,92,0.3571428571428571,0.0
76,95,0.3084415584415586,0.0
76,96,0.3084415584415586,0.0
77,81,0.2611111111111114,0.0
77,86,0.11111111111111127,0.0
77,87,0.06565656565656564,0.0
77,91,0.3680555555555558,0.0
77,93,0.26388888888888884,0.0
78,80,0.30000000000000016,0.0
78,85,0.37142857142857144,0.0
78,97,0.41153846153846163,0.0
78,98,0.4115384615384615,0.0
79,82,0.20833333333333348,0.0
79,83,0.19444444444444442,0.0
79,90,0.19444444444444442,0.0
79,99,0.33333333333333326,0.0
80,84,-0.03125,0.04152684563758394
80,85,0.4285714285714287,0.0
80,97,0.2860576923076923,0.0
80,98,0.38701923076923106,0.0
81,86,0.33333333333333337,0.0
81,87,0.2954545454545455,0.0
81,88,0.12142857142857144,0.0
81,91,0.20000000000000007,0.0
81,94,0.10000000000000009,0.0
82,99,0.33333333333333326,0.0
83,90,0.625,0.0
83,99,0.16666666666666663,0.0
85,97,0.370879120879121,0.0
85,98,0.48076923076923084,0.0
86,87,0.4772727272727273,0.0
86,88,0.25,0.0
86,89,-0.03333333333333344,0.04429530201342301
86,91,1.1102230246251565e-16,0.0
87,88,0.26948051948051965,0.0
87,89,0.012121212121212088,0.0
88,89,0.1428571428571428,0.0
88,92,0.04285714285714293,0.0
88,94,0.044642857142857095,0.0
89,92,0.4,0.0
89,95,0.2727272727272728,0.0
89,96,0.2727272727272728,0.0
90,99,0.16666666666666663,0.0
91,93,0.3125,0.0
91,94,-0.0625,0.08305369127516787
92,95,0.36363636363636376,0.0
92,96,0.36363636363636376,0.0
95,96,0.5454545454545454,0.0
97,98,0.423076923076923,0.0
