source,version,generation_slot,completion_slot,delay,completed
82,1,0,188,188,True
40,1,1,150,149,True
48,1,1,150,149,True
80,1,1,188,187,True
96,1,1,188,187,True
5,1,2,150,148,True
49,1,2,150,148,True
60,1,2,188,186,True
89,1,2,188,186,True
3,1,3,150,147,True
14,1,3,150,147,True
16,1,3,150,147,True
59,1,3,188,185,True
7,1,4,150,146,True
24,1,4,150,146,True
40,2,5,150,145,True
50,1,5,188,183,True
52,1,5,188,183,True
68,1,5,188,183,True
78,1,5,188,183,True
28,1,6,150,144,True
32,1,6,150,144,True
40,3,6,150,144,True
69,1,6,188,182,True
80,2,6,188,182,True
92,1,6,188,182,True
94,1,6,188,182,True
96,2,6,188,182,True
4,1,7,150,143,True
18,1,7,150,143,True
29,1,7,150,143,True
80,3,7,188,181,True
83,1,7,188,181,True
0,1,8,150,142,True
78,2,8,188,180,True
87,1,8,188,180,True
4,2,9,150,141,True
15,1,9,110,101,True
29,2,9,150,141,True
44,1,9,150,141,True
67,1,9,188,179,True
72,1,9,188,179,True
78,3,9,188,179,True
91,1,9,188,179,True
98,1,9,188,179,True
16,2,10,150,140,True
30,1,10,150,140,True
35,1,10,150,140,True
50,2,10,188,178,True
62,1,10,188,178,True
80,4,10,188,178,True
44,2,11,150,139,True
67,2,11,188,177,True
76,1,11,188,177,True
80,5,11,188,177,True
2,1,12,150,138,True
15,2,13,110,97,True
24,2,13,150,137,True
25,1,13,150,137,True
27,1,13,150,137,True
37,1,13,150,137,True
56,1,13,188,175,True
61,1,13,63,50,True
40,4,14,150,136,True
41,1,14,150,136,True
49,2,14,150,136,True
81,1,14,188,174,True
87,2,14,188,174,True
93,1,14,188,174,True
2,2,15,150,135,True
33,1,15,150,135,True
65,1,15,188,173,True
73,1,15,188,173,True
88,1,15,188,173,True
27,2,16,150,134,True
36,1,16,150,134,True
68,2,16,188,172,True
0,2,17,150,133,True
46,1,17,150,133,True
88,2,17,188,171,True
99,1,17,188,171,True
28,2,18,150,132,True
30,2,18,150,132,True
41,2,18,150,132,True
48,2,18,150,132,True
64,1,18,188,170,True
76,2,18,188,170,True
88,3,18,188,170,True
18,2,19,150,131,True
22,1,19,150,131,True
76,3,19,188,169,True
78,4,19,188,169,True
82,2,19,188,169,True
12,1,20,150,130,True
48,3,20,150,130,True
86,1,20,188,168,True
90,1,20,188,168,True
21,1,21,150,129,True
91,2,21,188,167,True
92,2,21,188,167,True
38,1,22,150,128,True
39,1,22,150,128,True
94,2,22,188,166,True
17,1,23,150,127,True
24,3,23,150,127,True
53,1,23,237,214,True
76,4,23,188,165,True
8,1,24,150,126,True
29,3,24,150,126,True
71,1,24,188,164,True
84,1,24,188,164,True
87,3,24,188,164,True
90,2,24,188,164,True
91,3,24,188,164,True
21,2,25,150,125,True
23,1,25,150,125,True
33,2,25,150,125,True
82,3,25,188,163,True
7,2,26,150,124,True
12,2,26,150,124,True
17,2,26,150,124,True
24,4,26,150,124,True
28,3,26,150,124,True
60,2,26,188,162,True
17,3,27,150,123,True
60,3,27,188,161,True
63,1,27,188,161,True
79,1,27,188,161,True
1,1,28,150,122,True
14,2,28,150,122,True
0,3,29,150,121,True
23,2,29,150,121,True
14,3,30,150,120,True
16,3,30,150,120,True
17,4,30,150,120,True
29,4,30,150,120,True
30,3,30,150,120,True
55,1,30,188,158,True
80,6,30,188,158,True
93,2,30,237,207,True
21,3,31,150,119,True
24,5,31,150,119,True
45,1,31,150,119,True
52,2,31,188,157,True
18,3,32,150,118,True
22,2,32,150,118,True
46,2,32,150,118,True
73,2,32,188,156,True
75,1,32,188,156,True
83,2,32,188,156,True
12,3,33,150,117,True
23,3,33,150,117,True
21,4,34,150,116,True
26,1,34,150,116,True
58,1,34,188,154,True
64,2,34,188,154,True
78,5,34,237,203,True
86,2,34,188,154,True
90,3,34,188,154,True
14,4,35,150,115,True
19,1,35,150,115,True
22,3,35,150,115,True
23,4,35,150,115,True
55,2,35,188,153,True
78,6,35,237,202,True
25,2,36,150,114,True
28,4,36,150,114,True
53,2,36,237,201,True
57,1,36,188,152,True
81,2,36,188,152,True
88,4,36,237,201,True
91,4,36,188,152,True
34,1,37,150,113,True
36,2,37,150,113,True
63,2,37,188,151,True
78,7,37,237,200,True
2,3,38,150,112,True
3,2,38,150,112,True
51,1,38,188,150,True
56,2,38,237,199,True
68,3,38,188,150,True
1,2,39,150,111,True
96,3,39,237,198,True
98,2,39,188,149,True
11,1,40,150,110,True
56,3,40,237,197,True
4,3,41,150,109,True
16,4,41,150,109,True
30,4,41,150,109,True
49,3,41,150,109,True
53,3,41,237,196,True
56,4,41,237,196,True
58,2,41,188,147,True
79,2,41,188,147,True
1,3,42,150,108,True
31,1,42,150,108,True
34,2,42,150,108,True
7,3,43,150,107,True
29,5,43,221,178,True
30,5,43,150,107,True
46,3,43,150,107,True
63,3,43,237,194,True
64,3,43,188,145,True
74,1,43,237,194,True
88,5,43,237,194,True
94,3,43,237,194,True
23,5,44,221,177,True
27,3,44,150,106,True
36,3,44,221,177,True
40,5,44,150,106,True
48,4,44,221,177,True
70,1,44,188,144,True
74,2,44,237,193,True
9,1,45,221,176,True
44,3,45,221,176,True
54,1,45,,,False
58,3,45,237,192,True
72,2,45,188,143,True
74,3,45,237,192,True
84,2,45,188,143,True
5,2,46,150,104,True
21,5,46,150,104,True
29,6,46,221,175,True
49,4,46,150,104,True
80,7,46,188,142,True
2,4,47,221,174,True
32,2,47,150,103,True
44,4,47,221,174,True
58,4,47,237,190,True
65,2,47,188,141,True
70,2,47,188,141,True
0,4,48,221,173,True
21,6,48,150,102,True
53,4,48,237,189,True
58,5,48,237,189,True
72,3,48,188,140,True
1,4,49,221,172,True
45,2,49,150,101,True
48,5,49,221,172,True
57,2,49,188,139,True
62,2,49,237,188,True
63,4,49,237,188,True
99,2,49,237,188,True
14,5,50,221,171,True
23,6,50,221,171,True
25,3,50,150,100,True
93,3,50,237,187,True
12,4,51,150,99,True
21,7,51,221,170,True
46,4,51,150,99,True
56,5,51,237,186,True
65,3,51,188,137,True
71,2,51,237,186,True
85,1,51,237,186,True
86,3,51,188,137,True
90,4,51,237,186,True
30,6,52,150,98,True
33,3,52,221,169,True
40,6,52,150,98,True
67,3,52,188,136,True
72,4,52,188,136,True
75,2,52,237,185,True
2,5,53,221,168,True
40,7,53,150,97,True
46,5,53,150,97,True
49,5,53,150,97,True
68,4,53,237,184,True
72,5,53,188,135,True
33,4,54,221,167,True
42,1,54,221,167,True
65,4,54,188,134,True
87,4,54,237,183,True
3,3,55,150,95,True
14,6,55,221,166,True
42,2,55,221,166,True
59,2,55,237,182,True
66,1,55,237,182,True
82,4,55,188,133,True
98,3,55,188,133,True
27,4,56,150,94,True
28,5,56,221,165,True
55,3,56,237,181,True
60,4,56,237,181,True
66,2,56,237,181,True
70,3,56,188,132,True
73,3,56,188,132,True
16,5,57,221,164,True
22,4,57,150,93,True
63,5,57,237,180,True
66,3,57,237,180,True
67,4,57,237,180,True
73,4,57,188,131,True
95,1,57,188,131,True
44,5,58,221,163,True
56,6,58,237,179,True
66,4,58,237,179,True
68,5,58,237,179,True
79,3,58,188,130,True
91,5,58,188,130,True
93,4,58,237,179,True
2,6,59,221,162,True
6,1,59,150,91,True
9,2,59,221,162,True
20,1,59,150,91,True
55,4,59,237,178,True
69,2,59,237,178,True
80,8,59,188,129,True
5,3,60,150,90,True
8,2,60,221,161,True
12,5,60,221,161,True
19,2,60,221,161,True
25,4,60,150,90,True
65,5,60,188,128,True
98,4,60,188,128,True
6,2,61,150,89,True
16,6,61,221,160,True
25,5,61,150,89,True
28,6,61,221,160,True
46,6,61,221,160,True
81,3,61,237,176,True
83,3,61,188,127,True
96,4,61,237,176,True
0,5,62,221,159,True
9,3,62,221,159,True
36,4,62,221,159,True
64,4,62,188,126,True
68,6,62,237,175,True
75,3,62,237,175,True
85,2,62,237,175,True
88,6,62,237,175,True
24,6,63,150,87,True
73,5,63,188,125,True
4,4,64,221,157,True
9,4,64,221,157,True
11,2,64,221,157,True
48,6,64,221,157,True
85,3,64,237,173,True
91,6,64,237,173,True
1,5,65,221,156,True
64,5,65,188,123,True
81,4,65,237,172,True
85,4,65,237,172,True
3,4,66,221,155,True
87,5,66,237,171,True
0,6,67,221,154,True
67,5,67,237,170,True
1,6,68,221,153,True
34,3,68,150,82,True
68,7,68,237,169,True
76,5,68,188,120,True
93,5,68,237,169,True
7,4,69,257,188,True
16,7,69,221,152,True
27,5,69,221,152,True
30,7,69,150,81,True
32,3,69,221,152,True
58,6,69,237,168,True
59,3,69,237,168,True
84,3,69,237,168,True
34,4,70,150,80,True
61,2,70,188,118,True
74,4,70,237,167,True
79,4,70,188,118,True
99,3,70,237,167,True
11,3,71,221,150,True
54,2,71,,,False
83,4,71,237,166,True
85,5,71,237,166,True
23,7,72,221,149,True
3,5,73,221,148,True
29,7,73,221,148,True
35,2,73,150,77,True
44,6,73,221,148,True
51,2,73,237,164,True
53,5,73,237,164,True
70,4,73,188,115,True
90,5,73,237,164,True
92,3,73,237,164,True
22,5,74,221,147,True
27,6,74,221,147,True
45,3,74,150,76,True
47,1,74,221,147,True
85,6,74,237,163,True
94,4,74,237,163,True
8,3,75,221,146,True
19,3,75,221,146,True
26,2,75,221,146,True
40,8,75,221,146,True
71,3,75,237,162,True
73,6,75,188,113,True
83,5,75,237,162,True
11,4,76,221,145,True
20,2,76,150,74,True
24,7,76,221,145,True
29,8,76,221,145,True
55,5,76,237,161,True
86,4,76,188,112,True
18,4,77,221,144,True
58,7,77,237,160,True
59,4,77,237,160,True
60,5,77,237,160,True
83,6,77,237,160,True
16,8,78,221,143,True
41,3,79,221,142,True
50,3,79,188,109,True
82,5,79,237,158,True
87,6,79,237,158,True
8,4,80,221,141,True
37,2,80,221,141,True
40,9,80,221,141,True
58,8,80,237,157,True
72,6,80,237,157,True
76,6,80,188,108,True
91,7,80,237,157,True
99,4,80,237,157,True
15,3,81,221,140,True
27,7,81,221,140,True
42,3,81,221,140,True
22,6,82,221,139,True
28,7,82,221,139,True
30,8,82,221,139,True
46,7,82,257,175,True
72,7,82,237,155,True
75,4,82,237,155,True
96,5,82,237,155,True
25,6,83,221,138,True
38,2,83,221,138,True
43,1,83,221,138,True
50,4,83,188,105,True
99,5,83,237,154,True
0,7,84,221,137,True
6,3,84,221,137,True
38,3,84,221,137,True
64,6,84,237,153,True
80,9,84,237,153,True
86,5,84,188,104,True
2,7,85,221,136,True
35,3,85,221,136,True
36,5,85,221,136,True
55,6,85,237,152,True
65,6,85,188,103,True
84,4,85,237,152,True
91,8,85,237,152,True
6,4,86,221,135,True
20,3,86,150,64,True
24,8,86,221,135,True
27,8,86,221,135,True
51,3,86,237,151,True
97,1,86,237,151,True
0,8,87,221,134,True
27,9,87,221,134,True
31,2,87,221,134,True
83,7,87,237,150,True
54,3,88,,,False
29,9,89,221,132,True
33,5,89,221,132,True
34,5,89,221,132,True
39,2,89,221,132,True
86,6,89,188,99,True
35,4,90,221,131,True
40,10,90,221,131,True
85,7,90,237,147,True
26,3,91,221,130,True
35,5,91,221,130,True
37,3,92,221,129,True
4,5,93,221,128,True
86,7,93,188,95,True
96,6,93,237,144,True
99,6,93,237,144,True
3,6,94,221,127,True
13,1,94,257,163,True
34,6,94,221,127,True
42,4,94,257,163,True
66,5,94,237,143,True
69,3,94,237,143,True
71,4,94,285,191,True
75,5,94,237,143,True
99,7,94,237,143,True
13,2,95,257,162,True
24,9,95,221,126,True
28,8,95,257,162,True
29,10,95,257,162,True
34,7,95,221,126,True
57,3,95,188,93,True
58,9,95,237,142,True
3,7,96,221,125,True
36,6,96,257,161,True
39,3,96,221,125,True
43,2,96,221,125,True
84,5,96,237,141,True
56,7,97,237,140,True
88,7,97,237,140,True
3,8,98,257,159,True
23,8,98,221,123,True
52,3,98,237,139,True
84,6,98,237,139,True
32,4,99,257,158,True
42,5,99,257,158,True
46,8,99,257,158,True
59,5,99,237,138,True
25,7,100,221,121,True
54,4,100,,,False
64,7,100,237,137,True
67,6,100,237,137,True
90,6,100,285,185,True
7,5,101,257,156,True
10,1,101,221,120,True
65,7,101,237,136,True
84,7,101,237,136,True
96,7,101,285,184,True
46,9,102,257,155,True
66,6,102,285,183,True
77,1,102,237,135,True
85,8,102,237,135,True
94,5,102,237,135,True
36,7,103,257,154,True
44,7,103,257,154,True
59,6,103,237,134,True
76,7,103,237,134,True
86,8,103,237,134,True
32,5,104,257,153,True
44,8,104,257,153,True
78,8,104,285,181,True
20,4,105,221,116,True
58,10,105,237,132,True
59,7,105,237,132,True
65,8,105,237,132,True
70,5,105,237,132,True
89,2,105,285,180,True
65,9,106,237,131,True
78,9,106,285,179,True
95,2,106,285,179,True
6,5,107,221,114,True
10,2,107,221,114,True
35,6,107,221,114,True
43,3,107,221,114,True
69,4,107,237,130,True
13,3,108,257,149,True
15,4,108,275,167,True
22,7,108,257,149,True
70,6,108,237,129,True
75,6,108,285,177,True
3,9,109,257,148,True
8,5,109,257,148,True
40,11,109,221,112,True
73,7,109,237,128,True
98,5,109,237,128,True
0,9,110,257,147,True
4,6,110,221,111,True
17,5,110,221,111,True
20,5,110,221,111,True
24,10,110,257,147,True
51,4,110,285,175,True
60,6,110,285,175,True
77,2,110,237,127,True
4,7,111,221,110,True
11,5,111,257,146,True
16,9,111,257,146,True
73,8,111,237,126,True
17,6,112,257,145,True
18,5,112,257,145,True
22,8,112,257,145,True
38,4,112,257,145,True
41,4,112,257,145,True
42,6,112,257,145,True
44,9,112,257,145,True
50,5,112,237,125,True
59,8,112,285,173,True
91,9,112,285,173,True
9,5,113,257,144,True
20,6,113,221,108,True
24,11,113,257,144,True
29,11,113,257,144,True
77,3,113,237,124,True
85,9,113,237,124,True
30,9,114,221,107,True
66,7,114,285,171,True
95,3,114,285,171,True
2,8,115,221,106,True
68,8,115,237,122,True
70,7,115,237,122,True
71,5,115,285,170,True
80,10,115,237,122,True
84,8,115,237,122,True
5,4,116,257,141,True
10,3,116,257,141,True
29,12,116,257,141,True
40,12,116,221,105,True
58,11,116,237,121,True
62,3,116,285,169,True
77,4,116,285,169,True
95,4,116,285,169,True
1,7,117,257,140,True
10,4,117,257,140,True
71,6,117,285,168,True
89,3,117,285,168,True
42,7,118,257,139,True
54,5,118,,,False
93,6,118,285,167,True
0,10,119,257,138,True
14,7,119,257,138,True
26,4,119,257,138,True
84,9,120,285,165,True
86,9,120,237,117,True
93,7,120,285,165,True
22,9,121,257,136,True
26,5,121,257,136,True
51,5,121,285,164,True
71,7,121,285,164,True
77,5,121,285,164,True
83,8,121,285,164,True
86,10,121,285,164,True
24,12,122,257,135,True
36,8,122,257,135,True
37,4,122,257,135,True
78,10,122,285,163,True
94,6,122,285,163,True
7,6,123,257,134,True
28,9,123,257,134,True
54,6,123,,,False
60,7,123,285,162,True
63,6,123,285,162,True
71,8,123,285,162,True
10,5,124,257,133,True
11,6,124,257,133,True
18,6,124,257,133,True
22,10,124,257,133,True
33,6,124,257,133,True
34,8,124,221,97,True
40,13,124,257,133,True
50,6,124,237,113,True
51,6,124,285,161,True
4,8,125,257,132,True
13,4,125,257,132,True
44,10,125,257,132,True
60,8,125,285,160,True
89,4,125,285,160,True
95,5,125,285,160,True
28,10,126,257,131,True
69,5,126,285,159,True
70,8,126,237,111,True
12,6,127,257,130,True
20,7,127,221,94,True
43,4,127,257,130,True
60,9,127,285,158,True
81,5,127,285,158,True
90,7,127,285,158,True
98,6,127,237,110,True
6,6,128,257,129,True
17,7,128,257,129,True
65,10,128,237,109,True
80,11,128,285,157,True
81,6,128,285,157,True
85,10,128,237,109,True
92,4,128,285,157,True
22,11,129,257,128,True
38,5,129,257,128,True
54,7,129,,,False
61,3,129,237,108,True
67,7,129,285,156,True
74,5,129,285,156,True
90,8,129,285,156,True
0,11,130,257,127,True
27,10,130,257,127,True
43,5,130,257,127,True
51,7,130,285,155,True
80,12,130,285,155,True
6,7,131,257,126,True
57,4,131,237,106,True
61,4,131,237,106,True
73,9,131,237,106,True
76,8,131,237,106,True
86,11,131,285,154,True
2,9,132,257,125,True
19,4,132,257,125,True
34,9,132,257,125,True
45,4,132,221,89,True
50,7,132,237,105,True
57,5,132,237,105,True
60,10,132,285,153,True
64,8,132,237,105,True
71,9,132,285,153,True
77,6,132,285,153,True
84,10,132,285,153,True
28,11,133,257,124,True
48,7,133,257,124,True
49,6,133,257,124,True
71,10,133,285,152,True
98,7,133,237,104,True
2,10,134,257,123,True
17,8,134,257,123,True
33,7,134,257,123,True
41,5,134,257,123,True
47,2,134,257,123,True
75,7,134,285,151,True
81,7,134,285,151,True
4,9,135,257,122,True
6,8,135,257,122,True
26,6,135,257,122,True
53,6,135,285,150,True
70,9,135,237,102,True
4,10,136,257,121,True
62,4,136,285,149,True
77,7,136,285,149,True
79,5,136,237,101,True
14,8,137,257,120,True
40,14,137,257,120,True
56,8,137,285,148,True
75,8,137,285,148,True
80,13,137,285,148,True
84,11,137,285,148,True
94,7,137,285,148,True
45,5,138,221,83,True
64,9,138,237,99,True
5,5,139,257,118,True
24,13,139,257,118,True
25,8,139,257,118,True
41,6,139,257,118,True
77,8,139,285,146,True
96,8,139,285,146,True
11,7,140,257,117,True
37,5,140,275,135,True
48,8,140,257,117,True
51,8,140,285,145,True
99,8,140,285,145,True
29,13,141,257,116,True
82,6,141,285,144,True
94,8,141,285,144,True
6,9,142,257,115,True
36,9,142,257,115,True
56,9,142,285,143,True
63,7,142,285,143,True
67,8,142,285,143,True
27,11,143,257,114,True
89,5,143,285,142,True
1,8,144,257,113,True
23,9,144,257,113,True
69,6,144,285,141,True
93,8,144,285,141,True
11,8,145,257,112,True
37,6,145,275,130,True
42,8,145,257,112,True
70,10,145,237,92,True
5,6,146,257,111,True
32,6,146,257,111,True
37,7,146,275,129,True
71,11,146,285,139,True
21,8,147,257,110,True
26,7,147,257,110,True
35,7,147,257,110,True
65,11,147,285,138,True
93,9,147,285,138,True
97,2,147,285,138,True
6,10,148,257,109,True
60,11,148,285,137,True
61,5,148,237,89,True
82,7,148,285,137,True
6,11,149,257,108,True
17,9,149,257,108,True
34,10,149,257,108,True
39,4,149,257,108,True
44,11,149,257,108,True
47,3,149,257,108,True
61,6,149,237,88,True
87,7,149,285,136,True
48,9,150,257,107,True
56,10,150,285,135,True
82,8,150,285,135,True
45,6,151,257,106,True
70,11,151,237,86,True
18,7,152,257,105,True
50,8,152,285,133,True
67,9,152,285,133,True
27,12,153,257,104,True
82,9,153,285,132,True
60,12,154,285,131,True
66,8,154,285,131,True
67,10,154,285,131,True
71,12,154,285,131,True
81,8,154,285,131,True
92,5,154,285,131,True
43,6,155,257,102,True
76,9,155,285,130,True
81,9,155,285,130,True
10,6,156,257,101,True
18,8,156,257,101,True
69,7,156,285,129,True
70,12,156,237,81,True
16,10,157,275,118,True
35,8,157,257,100,True
74,6,157,285,128,True
90,9,157,285,128,True
99,9,157,285,128,True
5,7,158,257,99,True
13,5,158,257,99,True
50,9,158,285,127,True
57,6,158,237,79,True
71,13,158,285,127,True
3,10,159,257,98,True
61,7,159,237,78,True
83,9,159,285,126,True
94,9,159,285,126,True
10,7,160,257,97,True
53,7,160,285,125,True
58,12,160,285,125,True
69,8,160,285,125,True
98,8,160,285,125,True
54,8,161,,,False
59,9,161,285,124,True
73,10,161,285,124,True
92,6,161,285,124,True
95,6,161,285,124,True
31,3,162,257,95,True
41,7,162,257,95,True
46,10,162,257,95,True
78,11,162,285,123,True
94,10,162,285,123,True
5,8,163,257,94,True
56,11,163,285,122,True
92,7,163,285,122,True
7,7,164,275,111,True
24,14,164,257,93,True
35,9,164,275,111,True
58,13,164,285,121,True
79,6,164,285,121,True
93,10,164,285,121,True
50,10,165,285,120,True
73,11,165,285,120,True
4,11,166,257,91,True
43,7,166,257,91,True
67,11,166,285,119,True
82,10,166,285,119,True
86,12,166,285,119,True
44,12,167,257,90,True
34,11,168,257,89,True
55,7,168,285,117,True
59,10,168,285,117,True
63,8,168,285,117,True
75,9,168,285,117,True
90,10,168,285,117,True
13,6,169,257,88,True
67,12,169,285,116,True
1,9,170,257,87,True
8,6,170,257,87,True
16,11,170,275,105,True
27,13,170,257,87,True
55,8,170,285,115,True
61,8,170,237,67,True
68,9,170,285,115,True
72,8,170,285,115,True
84,12,170,285,115,True
48,10,171,275,104,True
2,11,172,275,103,True
30,10,172,257,85,True
39,5,172,275,103,True
44,13,172,257,85,True
4,12,173,257,84,True
37,8,173,275,102,True
31,4,174,257,83,True
45,7,174,257,83,True
79,7,174,285,111,True
80,14,174,285,111,True
98,9,174,285,111,True
20,8,175,257,82,True
34,12,175,257,82,True
48,11,176,275,99,True
54,9,176,,,False
64,10,176,285,109,True
78,12,176,285,109,True
99,10,176,285,109,True
11,9,177,314,137,True
38,6,177,275,98,True
55,9,177,285,108,True
60,13,177,285,108,True
63,9,177,285,108,True
79,8,177,285,108,True
3,11,178,314,136,True
38,7,178,275,97,True
64,11,178,285,107,True
81,10,178,285,107,True
16,12,179,275,96,True
22,12,179,275,96,True
48,12,179,275,96,True
53,8,179,285,106,True
56,12,179,285,106,True
66,9,179,285,106,True
79,9,179,285,106,True
44,14,180,257,77,True
50,11,180,316,136,True
54,10,180,,,False
83,10,181,285,104,True
13,7,182,275,93,True
24,15,182,257,75,True
31,5,182,275,93,True
77,9,182,285,103,True
84,13,182,285,103,True
97,3,182,285,103,True
26,8,183,314,131,True
33,8,183,257,74,True
44,15,183,257,74,True
62,5,183,285,102,True
94,11,183,285,102,True
95,7,183,285,102,True
0,12,184,257,73,True
31,6,184,275,91,True
34,13,184,257,73,True
37,9,184,314,130,True
49,7,184,275,91,True
69,9,184,285,101,True
6,12,185,275,90,True
8,7,185,257,72,True
73,12,185,285,100,True
77,10,185,285,100,True
83,11,185,285,100,True
10,8,186,314,128,True
12,7,186,257,71,True
21,9,186,257,71,True
77,11,186,285,99,True
83,12,186,285,99,True
2,12,187,275,88,True
14,9,187,257,70,True
24,16,187,314,127,True
41,8,187,275,88,True
59,11,187,285,98,True
81,11,187,285,98,True
15,5,188,275,87,True
19,5,188,275,87,True
29,14,188,257,69,True
36,10,188,314,126,True
62,6,188,285,97,True
8,8,189,275,86,True
33,9,189,257,68,True
50,12,189,316,127,True
70,13,189,285,96,True
71,14,189,285,96,True
73,13,189,285,96,True
3,12,190,314,124,True
6,13,190,314,124,True
7,8,190,275,85,True
56,13,190,285,95,True
5,9,191,314,123,True
21,10,191,257,66,True
26,9,191,314,123,True
34,14,191,275,84,True
43,8,191,314,123,True
47,4,191,257,66,True
50,13,191,316,125,True
51,9,191,285,94,True
64,12,191,285,94,True
76,10,191,316,125,True
33,10,192,257,65,True
62,7,192,285,93,True
87,8,192,285,93,True
94,12,192,285,93,True
10,9,193,314,121,True
22,13,193,275,82,True
27,14,193,314,121,True
31,7,193,275,82,True
32,7,193,314,121,True
33,11,193,257,64,True
46,11,193,314,121,True
62,8,193,285,92,True
72,9,193,285,92,True
92,8,193,285,92,True
31,8,194,275,81,True
73,14,194,316,122,True
83,13,194,316,122,True
98,10,194,285,91,True
24,17,195,314,119,True
40,15,195,275,80,True
81,12,195,285,90,True
92,9,195,285,90,True
27,15,196,314,118,True
47,5,196,257,61,True
72,10,196,285,89,True
95,8,196,285,89,True
50,14,197,316,119,True
62,9,197,285,88,True
67,13,197,285,88,True
77,12,197,285,88,True
79,10,197,285,88,True
86,13,197,316,119,True
13,8,198,314,116,True
42,9,198,314,116,True
75,10,198,285,87,True
78,13,198,285,87,True
90,11,198,285,87,True
7,9,199,275,76,True
10,10,199,314,115,True
32,8,199,314,115,True
72,11,199,285,86,True
38,8,200,275,75,True
40,16,200,314,114,True
71,15,200,316,116,True
72,12,200,285,85,True
14,10,201,257,56,True
17,10,201,275,74,True
38,9,201,275,74,True
68,10,201,285,84,True
69,10,201,316,115,True
70,14,201,285,84,True
47,6,202,275,73,True
49,8,202,275,73,True
56,14,202,285,83,True
61,9,202,285,83,True
62,10,202,316,114,True
74,7,202,285,83,True
92,10,202,285,83,True
4,13,203,314,111,True
11,10,203,314,111,True
14,11,203,257,54,True
77,13,203,316,113,True
85,11,203,316,113,True
99,11,203,285,82,True
24,18,204,314,110,True
25,9,204,275,71,True
41,9,204,314,110,True
69,11,204,316,112,True
76,11,204,316,112,True
98,11,204,285,81,True
8,9,206,314,108,True
28,12,206,314,108,True
31,9,206,314,108,True
42,10,206,314,108,True
63,10,206,316,110,True
70,15,206,285,79,True
72,13,206,285,79,True
83,14,206,316,110,True
25,10,207,275,68,True
51,10,207,285,78,True
69,12,207,316,109,True
39,6,208,314,106,True
42,11,208,314,106,True
81,13,208,316,108,True
84,14,208,285,77,True
87,9,208,316,108,True
23,10,209,314,105,True
31,10,209,314,105,True
36,11,209,314,105,True
70,16,209,285,76,True
16,13,210,314,104,True
20,9,210,285,75,True
49,9,210,314,104,True
57,7,210,285,75,True
85,12,210,316,106,True
92,11,210,285,75,True
34,15,211,275,64,True
75,11,211,316,105,True
93,11,211,316,105,True
11,11,212,314,102,True
33,12,212,314,102,True
36,12,212,314,102,True
63,11,212,316,104,True
85,13,212,316,104,True
87,10,212,316,104,True
99,12,212,316,104,True
2,13,213,314,101,True
22,14,213,314,101,True
29,15,213,314,101,True
42,12,213,314,101,True
56,15,213,342,129,True
73,15,213,316,103,True
83,15,213,316,103,True
86,14,213,316,103,True
31,11,214,314,100,True
74,8,214,316,102,True
7,10,215,314,99,True
15,6,215,314,99,True
41,10,215,314,99,True
51,11,215,285,70,True
66,10,215,316,101,True
69,13,215,316,101,True
41,11,216,314,98,True
44,16,216,426,210,True
91,10,216,285,69,True
18,9,218,314,96,True
28,13,218,350,132,True
38,10,218,314,96,True
46,12,218,314,96,True
48,13,218,314,96,True
58,14,218,316,98,True
69,14,218,316,98,True
10,11,219,314,95,True
28,14,219,350,131,True
37,10,219,314,95,True
48,14,219,314,95,True
59,12,219,316,97,True
83,16,219,316,97,True
86,15,219,316,97,True
8,10,220,314,94,True
20,10,220,285,65,True
42,13,220,314,94,True
57,8,220,285,65,True
84,15,220,316,96,True
99,13,220,316,96,True
6,14,221,314,93,True
24,19,221,314,93,True
51,12,221,316,95,True
79,11,221,316,95,True
83,17,221,316,95,True
90,12,221,379,158,True
44,17,222,426,204,True
45,8,222,314,92,True
46,13,222,314,92,True
51,13,222,316,94,True
66,11,222,316,94,True
83,18,222,316,94,True
96,9,222,316,94,True
12,8,223,314,91,True
25,11,223,314,91,True
29,16,223,314,91,True
48,15,223,314,91,True
53,9,223,316,93,True
2,14,224,314,90,True
16,14,224,314,90,True
17,11,224,314,90,True
41,12,224,314,90,True
49,10,224,314,90,True
63,12,224,316,92,True
77,14,224,316,92,True
82,11,224,316,92,True
18,10,225,314,89,True
44,18,225,426,201,True
67,14,225,316,91,True
3,13,226,314,88,True
14,12,226,314,88,True
91,11,226,316,90,True
10,12,228,314,86,True
12,9,228,314,86,True
74,9,228,316,88,True
90,13,228,379,151,True
3,14,229,314,85,True
55,10,229,316,87,True
58,15,229,316,87,True
75,12,229,316,87,True
13,9,230,314,84,True
15,7,230,314,84,True
62,11,230,316,86,True
82,12,230,316,86,True
95,9,230,316,86,True
98,12,230,316,86,True
50,15,231,407,176,True
13,10,232,314,82,True
19,6,232,350,118,True
20,11,232,314,82,True
67,15,232,316,84,True
80,15,232,316,84,True
89,6,232,316,84,True
96,10,232,316,84,True
35,10,233,314,81,True
50,16,233,407,174,True
84,16,233,316,83,True
94,13,233,316,83,True
16,15,234,426,192,True
23,11,234,314,80,True
66,12,234,316,82,True
73,16,234,316,82,True
83,19,234,316,82,True
99,14,234,316,82,True
2,15,235,426,191,True
19,7,235,350,115,True
25,12,235,314,79,True
30,11,235,314,79,True
35,11,235,314,79,True
64,13,235,316,81,True
68,11,235,316,81,True
70,17,235,316,81,True
25,13,236,314,78,True
28,15,236,350,114,True
52,4,236,342,106,True
74,10,236,316,80,True
5,10,237,314,77,True
18,11,237,314,77,True
19,8,237,350,113,True
21,11,237,314,77,True
24,20,237,314,77,True
59,13,237,342,105,True
92,12,237,316,79,True
1,10,238,314,76,True
2,16,238,426,188,True
27,16,238,314,76,True
46,14,238,314,76,True
50,17,238,407,169,True
61,10,238,316,78,True
85,14,238,316,78,True
27,17,239,314,75,True
40,17,239,426,187,True
63,13,239,316,77,True
88,8,239,342,103,True
96,11,239,316,77,True
97,4,239,316,77,True
5,11,240,314,74,True
10,13,240,314,74,True
24,21,240,314,74,True
31,12,240,314,74,True
34,16,240,314,74,True
47,7,240,426,186,True
79,12,240,316,76,True
4,14,241,314,73,True
19,9,241,350,109,True
71,16,241,342,101,True
86,16,241,316,75,True
5,12,242,314,72,True
8,11,242,426,184,True
39,7,242,314,72,True
47,8,242,426,184,True
82,13,242,316,74,True
7,11,243,426,183,True
14,13,243,426,183,True
45,9,243,314,71,True
46,15,243,350,107,True
67,16,243,379,136,True
73,17,243,316,73,True
0,13,244,426,182,True
40,18,244,426,182,True
61,11,244,316,72,True
88,9,244,342,98,True
99,15,244,342,98,True
16,16,245,426,181,True
22,15,245,350,105,True
27,18,245,314,69,True
39,8,245,314,69,True
48,16,246,426,180,True
59,14,246,342,96,True
61,12,246,316,70,True
65,12,246,342,96,True
81,14,246,469,223,True
26,10,247,350,103,True
44,19,247,426,179,True
45,10,247,314,67,True
87,11,247,342,95,True
2,17,248,426,178,True
17,12,248,350,102,True
47,9,248,426,178,True
66,13,248,316,68,True
86,17,249,316,67,True
99,16,249,342,93,True
13,11,250,314,64,True
31,13,250,314,64,True
44,20,250,426,176,True
54,11,250,,,False
75,13,250,342,92,True
83,20,250,407,157,True
46,16,251,350,99,True
66,14,251,316,65,True
77,15,251,379,128,True
82,14,251,316,65,True
88,10,251,342,91,True
97,5,251,379,128,True
31,14,252,314,62,True
33,13,252,426,174,True
71,17,252,379,127,True
82,15,252,316,64,True
2,18,253,426,173,True
13,12,253,314,61,True
30,12,253,350,97,True
31,15,253,314,61,True
54,12,253,,,False
55,11,253,407,154,True
88,11,253,342,89,True
31,16,254,314,60,True
55,12,254,407,153,True
68,12,254,379,125,True
97,6,254,379,125,True
15,8,255,314,59,True
28,16,255,426,171,True
65,13,255,342,87,True
76,12,255,407,152,True
98,13,255,316,61,True
24,22,256,314,58,True
49,11,256,426,170,True
88,12,256,407,151,True
1,11,257,426,169,True
2,19,257,426,169,True
46,17,257,350,93,True
75,14,257,342,85,True
13,13,258,350,92,True
25,14,258,350,92,True
32,9,258,426,168,True
56,16,258,379,121,True
94,14,258,379,121,True
38,11,259,350,91,True
77,16,259,379,120,True
79,13,259,316,57,True
4,15,260,426,166,True
23,12,260,426,166,True
45,11,260,426,166,True
52,5,260,379,119,True
88,13,260,407,147,True
92,13,260,379,119,True
5,13,261,350,89,True
72,14,261,316,55,True
39,9,262,350,88,True
40,19,262,426,164,True
5,14,263,350,87,True
10,14,263,426,163,True
15,9,263,314,51,True
31,17,263,350,87,True
49,12,263,426,163,True
89,7,263,469,206,True
11,12,264,426,162,True
17,13,264,426,162,True
16,17,265,426,161,True
23,13,265,426,161,True
57,9,265,316,51,True
58,16,265,407,142,True
63,14,265,407,142,True
66,15,265,407,142,True
67,17,265,379,114,True
76,13,265,407,142,True
88,14,265,407,142,True
94,15,265,379,114,True
97,7,265,379,114,True
20,12,266,314,48,True
29,17,266,426,160,True
32,10,266,426,160,True
36,13,266,426,160,True
50,18,267,407,140,True
68,13,267,379,112,True
84,17,267,407,140,True
8,12,268,426,158,True
14,14,268,426,158,True
35,12,268,350,82,True
51,14,268,379,111,True
72,15,268,316,48,True
84,18,268,407,139,True
86,18,269,342,73,True
97,8,269,379,110,True
37,11,270,426,156,True
52,6,270,379,109,True
79,14,270,379,109,True
19,10,271,426,155,True
69,15,271,379,108,True
80,16,271,407,136,True
81,15,271,469,198,True
0,14,272,426,154,True
21,12,272,426,154,True
39,10,272,426,154,True
42,14,272,426,154,True
51,15,272,407,135,True
97,9,272,379,107,True
22,16,273,426,153,True
40,20,273,426,153,True
82,16,273,407,134,True
2,20,274,426,152,True
16,18,274,426,152,True
18,12,274,426,152,True
24,23,274,426,152,True
33,14,274,426,152,True
54,13,274,,,False
65,14,274,407,133,True
60,14,275,407,132,True
79,15,275,379,104,True
89,8,275,469,194,True
99,17,275,379,104,True
38,12,276,426,150,True
40,21,276,426,150,True
46,18,276,426,150,True
53,10,276,407,131,True
55,13,276,407,131,True
82,17,276,407,131,True
96,12,276,407,131,True
1,12,277,426,149,True
24,24,277,426,149,True
39,11,277,426,149,True
47,10,277,426,149,True
48,17,277,426,149,True
61,13,277,342,65,True
74,11,277,407,130,True
78,14,277,407,130,True
86,19,277,342,65,True
37,12,278,426,148,True
51,16,278,407,129,True
58,17,278,407,129,True
75,15,278,469,191,True
3,15,279,426,147,True
11,13,279,426,147,True
21,13,279,426,147,True
22,17,279,426,147,True
49,13,279,426,147,True
59,15,279,407,128,True
84,19,279,407,128,True
98,14,279,379,100,True
8,13,280,426,146,True
9,6,280,426,146,True
28,17,280,426,146,True
40,22,280,426,146,True
79,16,280,379,99,True
10,15,281,426,145,True
38,13,281,426,145,True
39,12,281,426,145,True
85,15,281,469,188,True
87,12,281,469,188,True
21,14,282,426,144,True
26,11,282,426,144,True
43,9,282,426,144,True
55,14,282,407,125,True
60,15,282,469,187,True
92,14,282,379,97,True
13,14,283,426,143,True
25,15,283,426,143,True
78,15,283,407,124,True
29,18,284,426,142,True
60,16,284,469,185,True
50,19,285,407,122,True
65,15,285,407,122,True
79,17,285,379,94,True
85,16,285,469,184,True
97,10,285,379,94,True
2,21,286,426,140,True
4,16,286,426,140,True
11,14,286,426,140,True
14,15,286,426,140,True
34,17,286,379,93,True
67,18,286,407,121,True
78,16,286,407,121,True
81,16,286,469,183,True
97,11,286,379,93,True
4,17,287,426,139,True
55,15,287,407,120,True
77,17,287,469,182,True
99,18,287,407,120,True
14,16,288,426,138,True
34,18,288,379,91,True
35,13,288,426,138,True
51,17,288,407,119,True
71,18,288,469,181,True
8,14,289,426,137,True
35,14,289,426,137,True
48,18,289,426,137,True
75,16,289,469,180,True
95,10,289,407,118,True
30,13,290,426,136,True
40,23,290,426,136,True
47,11,290,426,136,True
81,17,290,469,179,True
85,17,290,469,179,True
12,10,291,426,135,True
14,17,291,426,135,True
15,10,291,426,135,True
20,13,291,379,88,True
40,24,291,426,135,True
93,12,291,407,116,True
7,12,292,426,134,True
11,15,292,426,134,True
42,15,292,426,134,True
48,19,292,426,134,True
67,19,292,469,177,True
74,12,292,469,177,True
36,14,293,426,133,True
42,16,293,426,133,True
68,14,293,407,114,True
93,13,293,407,114,True
16,19,294,426,132,True
44,21,294,426,132,True
65,16,294,407,113,True
88,15,294,469,175,True
91,12,294,407,113,True
95,11,294,407,113,True
3,16,295,426,131,True
6,15,295,426,131,True
11,16,295,426,131,True
12,11,295,426,131,True
26,12,295,426,131,True
38,14,295,426,131,True
64,14,295,379,84,True
80,17,295,407,112,True
95,12,295,407,112,True
22,18,296,426,130,True
46,19,296,426,130,True
49,14,296,426,130,True
63,15,296,407,111,True
46,20,297,426,129,True
94,16,297,407,110,True
21,15,298,426,128,True
88,16,298,469,171,True
95,13,298,407,109,True
8,15,299,426,127,True
17,14,299,426,127,True
45,12,299,426,127,True
59,16,299,469,170,True
92,15,299,469,170,True
30,14,300,426,126,True
76,14,300,469,169,True
78,17,300,469,169,True
55,16,301,407,106,True
93,14,301,469,168,True
50,20,302,469,167,True
61,14,302,379,77,True
73,18,302,469,167,True
3,17,303,426,123,True
34,19,303,426,123,True
40,25,303,472,169,True
47,12,303,426,123,True
63,16,303,407,104,True
81,18,303,469,166,True
82,18,303,407,104,True
91,13,303,407,104,True
12,12,304,426,122,True
16,20,304,426,122,True
45,13,304,426,122,True
75,17,304,469,165,True
23,14,305,426,121,True
27,19,305,426,121,True
40,26,305,472,167,True
55,17,305,407,102,True
62,12,305,469,164,True
70,18,305,407,102,True
83,21,305,407,102,True
8,16,306,426,120,True
21,16,306,426,120,True
36,15,306,426,120,True
72,16,306,407,101,True
78,18,306,469,163,True
5,15,307,426,119,True
16,21,307,426,119,True
33,15,307,426,119,True
44,22,307,472,165,True
45,14,307,426,119,True
59,17,307,469,162,True
77,18,307,469,162,True
86,20,307,469,162,True
91,14,307,407,100,True
30,15,308,426,118,True
53,11,308,407,99,True
77,19,308,469,161,True
4,18,309,426,117,True
10,16,309,472,163,True
20,14,309,426,117,True
49,15,309,426,117,True
82,19,309,407,98,True
3,18,310,426,116,True
7,13,310,426,116,True
27,20,310,426,116,True
39,13,310,426,116,True
61,15,310,407,97,True
87,13,310,469,159,True
90,14,310,469,159,True
92,16,310,469,159,True
93,15,310,469,159,True
22,19,311,472,161,True
25,16,311,426,115,True
26,13,311,426,115,True
48,20,311,426,115,True
52,7,311,469,158,True
66,16,311,407,96,True
78,19,311,469,158,True
14,18,312,426,114,True
43,10,312,472,160,True
48,21,312,426,114,True
90,15,312,469,157,True
3,19,313,426,113,True
47,13,313,426,113,True
65,17,313,469,156,True
92,17,313,469,156,True
57,10,314,469,155,True
60,17,314,469,155,True
72,17,314,407,93,True
89,9,314,469,155,True
3,20,315,426,111,True
58,18,315,469,154,True
66,17,315,407,92,True
83,22,315,407,92,True
9,7,316,426,110,True
28,18,316,426,110,True
33,16,316,426,110,True
52,8,316,469,153,True
58,19,316,469,153,True
72,18,316,407,91,True
94,17,316,407,91,True
6,16,317,426,109,True
28,19,317,426,109,True
31,18,317,426,109,True
49,16,317,426,109,True
69,16,317,469,152,True
49,17,318,426,108,True
52,9,318,469,151,True
55,18,318,407,89,True
67,20,318,469,151,True
78,20,318,469,151,True
84,20,318,469,151,True
20,15,319,426,107,True
26,14,319,426,107,True
32,11,319,472,153,True
43,11,319,472,153,True
80,18,319,407,88,True
88,17,319,469,150,True
40,27,320,472,152,True
43,12,320,472,152,True
51,18,320,469,149,True
60,18,321,469,148,True
84,21,321,469,148,True
97,12,321,469,148,True
52,10,322,469,147,True
54,14,322,,,False
78,21,322,469,147,True
87,14,322,469,147,True
5,16,323,472,149,True
35,15,323,426,103,True
97,13,323,469,146,True
79,18,324,469,145,True
6,17,325,472,147,True
27,21,325,472,147,True
29,19,325,426,101,True
30,16,325,426,101,True
81,19,325,469,144,True
93,16,325,469,144,True
5,17,326,472,146,True
26,15,326,426,100,True
48,22,326,472,146,True
65,18,326,469,143,True
95,14,326,407,81,True
0,15,327,426,99,True
6,18,327,472,145,True
85,18,327,469,142,True
15,11,328,426,98,True
20,16,328,426,98,True
48,23,328,472,144,True
54,15,328,,,False
63,17,328,469,141,True
68,15,328,469,141,True
84,22,328,469,141,True
14,19,329,426,97,True
23,15,329,426,97,True
27,22,329,472,143,True
28,20,329,472,143,True
31,19,329,472,143,True
64,15,329,469,140,True
68,16,329,469,140,True
73,19,329,469,140,True
74,13,329,469,140,True
98,15,329,407,78,True
18,13,330,472,142,True
27,23,330,472,142,True
36,16,330,472,142,True
1,13,331,426,95,True
2,22,331,426,95,True
13,15,331,472,141,True
35,16,331,426,95,True
37,13,331,426,95,True
40,28,331,472,141,True
57,11,331,469,138,True
89,10,331,469,138,True
1,14,332,426,94,True
4,19,332,426,94,True
7,14,332,472,140,True
14,20,332,426,94,True
25,17,332,472,140,True
86,21,332,469,137,True
93,17,332,469,137,True
8,17,333,426,93,True
14,21,333,426,93,True
18,14,333,472,139,True
59,18,333,469,136,True
95,15,333,469,136,True
10,17,334,472,138,True
21,17,334,426,92,True
30,17,334,472,138,True
40,29,334,472,138,True
63,18,334,469,135,True
87,15,334,469,135,True
91,15,334,469,135,True
3,21,335,472,137,True
32,12,335,472,137,True
50,21,335,469,134,True
63,19,335,469,134,True
66,18,335,469,134,True
73,20,335,469,134,True
74,14,335,469,134,True
82,20,335,469,134,True
2,23,336,472,136,True
61,16,336,407,71,True
74,15,336,469,133,True
30,18,337,472,135,True
49,18,337,426,89,True
36,17,338,472,134,True
37,14,339,472,133,True
83,23,339,469,130,True
89,11,339,469,130,True
98,16,339,469,130,True
8,18,340,426,86,True
41,13,340,472,132,True
51,19,340,469,129,True
53,12,340,,,False
60,19,340,469,129,True
72,19,340,469,129,True
84,23,340,469,129,True
86,22,340,469,129,True
98,17,340,469,129,True
44,23,341,472,131,True
86,23,341,469,128,True
89,12,341,469,128,True
96,13,341,,,False
4,20,342,472,130,True
23,16,342,426,84,True
41,14,342,472,130,True
47,14,342,426,84,True
63,20,342,,,False
83,24,342,,,False
88,18,342,469,127,True
18,15,343,472,129,True
31,20,343,472,129,True
46,21,343,472,129,True
82,21,343,469,126,True
91,16,343,469,126,True
3,22,344,472,128,True
16,22,344,472,128,True
39,14,344,472,128,True
43,13,344,472,128,True
47,15,344,426,82,True
65,19,344,469,125,True
36,18,345,472,127,True
45,15,345,472,127,True
54,16,345,,,False
76,15,345,469,124,True
94,18,345,469,124,True
12,13,346,472,126,True
16,23,346,472,126,True
20,17,346,472,126,True
22,20,346,472,126,True
45,16,346,472,126,True
19,11,347,472,125,True
23,17,347,472,125,True
39,15,347,472,125,True
46,22,347,472,125,True
64,16,347,469,122,True
75,18,347,469,122,True
78,22,347,469,122,True
80,19,347,469,122,True
84,24,347,469,122,True
96,14,347,,,False
13,16,348,472,124,True
30,19,348,472,124,True
34,20,348,472,124,True
42,17,348,472,124,True
61,17,348,469,121,True
73,21,348,469,121,True
83,25,348,,,False
91,17,348,469,121,True
9,8,349,472,123,True
11,17,349,426,77,True
41,15,349,472,123,True
48,24,349,472,123,True
78,23,349,469,120,True
79,19,349,469,120,True
12,14,350,472,122,True
19,12,350,472,122,True
46,23,350,472,122,True
61,18,350,469,119,True
84,25,350,469,119,True
7,15,351,472,121,True
19,13,351,472,121,True
22,21,351,472,121,True
58,20,351,469,118,True
60,20,351,469,118,True
75,19,351,469,118,True
99,19,351,469,118,True
2,24,352,484,132,True
4,21,352,472,120,True
10,18,352,472,120,True
22,22,352,472,120,True
23,18,352,472,120,True
28,21,352,472,120,True
30,20,352,472,120,True
36,19,352,472,120,True
73,22,352,469,117,True
84,26,352,469,117,True
87,16,352,469,117,True
97,14,352,469,117,True
10,19,353,472,119,True
11,18,353,426,73,True
12,15,353,472,119,True
46,24,353,472,119,True
78,24,353,469,116,True
80,20,353,469,116,True
83,26,353,,,False
89,13,353,469,116,True
19,14,354,472,118,True
37,15,354,472,118,True
61,19,354,469,115,True
78,25,354,469,115,True
94,19,354,469,115,True
7,16,355,472,117,True
12,16,355,472,117,True
37,16,355,472,117,True
59,19,355,469,114,True
1,15,356,426,70,True
16,24,356,472,116,True
28,22,356,472,116,True
61,20,356,469,113,True
3,23,357,472,115,True
8,19,357,426,69,True
39,16,357,472,115,True
42,18,357,472,115,True
86,24,357,469,112,True
8,20,358,426,68,True
15,12,358,472,114,True
68,17,358,469,111,True
4,22,359,472,113,True
6,19,359,472,113,True
17,15,359,472,113,True
24,25,359,472,113,True
30,21,359,472,113,True
89,14,359,,,False
13,17,360,472,112,True
18,16,360,472,112,True
82,22,360,469,109,True
91,18,360,469,109,True
93,18,360,469,109,True
99,20,360,469,109,True
13,18,361,472,111,True
26,16,361,472,111,True
36,20,361,472,111,True
50,22,361,469,108,True
55,19,361,,,False
87,17,361,,,False
91,19,361,469,108,True
99,21,361,469,108,True
67,21,362,469,107,True
1,16,363,472,109,True
10,20,363,472,109,True
25,18,363,472,109,True
29,20,363,450,87,True
39,17,363,472,109,True
41,16,363,472,109,True
43,14,363,472,109,True
67,22,363,469,106,True
83,27,363,,,False
86,25,363,469,106,True
72,20,364,469,105,True
82,23,364,469,105,True
95,16,364,469,105,True
14,22,365,426,61,True
41,17,365,472,107,True
54,17,365,,,False
80,21,365,469,104,True
23,19,366,472,106,True
24,26,366,472,106,True
55,20,366,,,False
83,28,366,,,False
86,26,366,469,103,True
22,23,367,472,105,True
94,20,367,,,False
13,19,368,472,104,True
67,23,368,469,101,True
69,17,368,,,False
86,27,368,469,101,True
98,18,368,469,101,True
21,18,369,472,103,True
68,18,369,469,100,True
87,18,369,,,False
5,18,370,472,102,True
41,18,370,,,False
60,21,370,,,False
77,20,370,,,False
78,26,370,,,False
94,21,370,,,False
11,19,371,472,101,True
36,21,371,472,101,True
49,19,371,472,101,True
58,21,371,,,False
78,27,371,,,False
0,16,372,481,109,True
32,13,372,472,100,True
49,20,372,472,100,True
61,21,372,469,97,True
62,13,372,469,97,True
3,24,373,472,99,True
30,22,373,472,99,True
52,11,373,,,False
65,20,373,469,96,True
73,23,373,469,96,True
76,16,373,469,96,True
84,27,373,,,False
22,24,374,472,98,True
35,17,374,472,98,True
99,22,374,,,False
8,21,375,472,97,True
36,22,375,472,97,True
39,18,375,472,97,True
80,22,375,469,94,True
98,19,375,469,94,True
16,25,376,472,96,True
42,19,376,472,96,True
52,12,376,,,False
58,22,376,,,False
79,20,376,469,93,True
3,25,377,472,95,True
14,23,377,481,104,True
53,13,377,,,False
56,17,377,,,False
66,19,377,,,False
96,15,377,,,False
17,16,378,,,False
21,19,378,472,94,True
26,17,378,472,94,True
39,19,378,472,94,True
43,15,378,472,94,True
17,17,379,,,False
48,25,379,472,93,True
86,28,379,469,90,True
89,15,379,,,False
99,23,379,,,False
5,19,380,,,False
66,20,380,,,False
78,28,380,,,False
95,17,380,469,89,True
28,23,381,472,91,True
29,21,381,472,91,True
58,23,381,,,False
62,14,381,,,False
75,20,381,,,False
76,17,382,469,87,True
98,20,382,469,87,True
16,26,383,472,89,True
30,23,383,472,89,True
38,15,383,472,89,True
62,15,383,,,False
72,21,383,469,86,True
91,20,383,,,False
10,21,384,472,88,True
19,15,384,484,100,True
43,16,384,472,88,True
59,20,384,,,False
68,19,384,,,False
9,9,385,472,87,True
31,21,385,472,87,True
53,14,385,,,False
26,18,386,,,False
39,20,386,472,86,True
48,26,386,472,86,True
72,22,386,469,83,True
86,29,386,469,83,True
95,18,386,,,False
0,17,387,481,94,True
9,10,387,472,85,True
19,16,387,484,97,True
24,27,387,472,85,True
52,13,387,,,False
8,22,388,472,84,True
68,20,388,,,False
7,17,389,,,False
18,17,389,472,83,True
84,28,389,,,False
42,20,390,,,False
68,21,390,,,False
82,24,390,,,False
24,28,391,472,81,True
37,17,391,,,False
39,21,391,472,81,True
47,16,391,472,81,True
3,26,392,,,False
15,13,392,484,92,True
35,18,392,484,92,True
76,18,392,,,False
82,25,392,,,False
95,19,392,,,False
24,29,393,472,79,True
37,18,393,,,False
39,22,393,472,79,True
19,17,394,484,90,True
42,21,394,,,False
56,18,394,,,False
92,18,394,,,False
16,27,395,,,False
21,20,395,472,77,True
23,20,395,,,False
50,23,395,469,74,True
64,17,395,469,74,True
88,19,395,,,False
96,16,395,,,False
12,17,396,472,76,True
27,24,396,472,76,True
54,18,396,,,False
63,21,396,,,False
17,18,397,,,False
25,19,397,484,87,True
36,23,397,,,False
43,17,397,484,87,True
44,24,397,,,False
50,24,397,469,72,True
62,16,397,,,False
8,23,398,472,74,True
36,24,398,,,False
55,21,398,,,False
69,18,398,,,False
76,19,398,,,False
77,21,398,,,False
94,22,398,,,False
2,25,399,484,85,True
13,20,399,472,73,True
15,14,399,484,85,True
18,18,399,484,85,True
35,19,399,484,85,True
70,19,399,,,False
71,19,399,,,False
92,19,399,,,False
21,21,400,,,False
27,25,400,,,False
51,20,400,,,False
64,18,400,469,69,True
74,16,400,,,False
76,20,400,,,False
83,29,400,,,False
23,21,401,,,False
25,20,401,484,83,True
47,17,401,481,80,True
55,22,401,,,False
60,22,401,,,False
89,16,401,,,False
91,21,401,,,False
10,22,402,,,False
25,21,402,484,82,True
44,25,402,,,False
65,21,403,,,False
81,20,403,,,False
92,20,403,,,False
15,15,404,484,80,True
39,23,404,,,False
44,26,404,,,False
71,20,404,,,False
79,21,404,,,False
2,26,405,484,79,True
4,23,405,472,67,True
34,21,405,484,79,True
35,20,405,484,79,True
44,27,405,,,False
81,21,405,,,False
96,17,405,,,False
97,15,405,,,False
22,25,406,484,78,True
37,19,406,,,False
90,16,406,,,False
91,22,406,,,False
88,20,407,,,False
9,11,408,,,False
14,24,408,481,73,True
16,28,408,,,False
27,26,408,,,False
60,23,408,,,False
88,21,408,,,False
55,23,409,,,False
64,19,409,469,60,True
5,20,410,,,False
19,18,410,,,False
21,22,410,,,False
24,30,410,,,False
31,22,410,,,False
38,16,410,,,False
88,22,410,,,False
2,27,411,,,False
7,18,411,,,False
5,21,412,,,False
29,22,412,,,False
0,18,413,,,False
9,12,413,,,False
27,27,413,,,False
80,23,413,,,False
2,28,414,,,False
5,22,414,,,False
14,25,414,,,False
43,18,414,484,70,True
52,14,414,,,False
57,12,414,,,False
7,19,415,,,False
14,26,415,,,False
29,23,415,,,False
74,17,415,,,False
27,28,416,,,False
54,19,416,,,False
18,19,417,,,False
22,26,417,,,False
43,19,417,484,67,True
64,20,417,,,False
12,18,418,,,False
28,24,418,,,False
37,20,418,,,False
85,19,418,,,False
24,31,419,,,False
8,24,420,,,False
9,13,420,,,False
39,24,420,,,False
48,27,420,,,False
53,15,420,,,False
3,27,421,,,False
8,25,421,,,False
9,14,421,,,False
32,14,421,,,False
46,25,421,,,False
60,24,421,,,False
93,19,421,,,False
99,24,421,,,False
41,19,422,,,False
72,23,422,,,False
6,20,423,,,False
15,16,423,484,61,True
16,29,423,,,False
36,25,423,,,False
1,17,424,,,False
14,27,424,,,False
45,17,424,,,False
51,21,424,,,False
55,24,424,,,False
68,22,424,,,False
71,21,424,,,False
92,21,424,,,False
29,24,425,,,False
35,21,425,484,59,True
38,17,425,,,False
76,21,425,,,False
86,30,425,,,False
37,21,426,,,False
4,24,427,,,False
20,18,427,484,57,True
39,25,427,,,False
87,19,427,,,False
29,25,428,,,False
34,22,428,484,56,True
41,20,428,,,False
45,18,428,,,False
60,25,428,,,False
61,22,428,,,False
74,18,428,,,False
2,29,429,,,False
45,19,429,,,False
57,13,429,,,False
73,24,429,,,False
5,23,430,,,False
15,17,430,484,54,True
17,19,430,,,False
32,15,430,,,False
34,23,430,484,54,True
43,20,430,,,False
94,23,430,,,False
5,24,431,,,False
8,26,431,,,False
17,20,431,,,False
24,32,431,,,False
50,25,431,,,False
51,22,431,,,False
56,19,431,,,False
58,24,431,,,False
73,25,431,,,False
77,22,431,,,False
86,31,431,,,False
11,20,432,,,False
46,26,432,,,False
52,15,432,,,False
72,24,432,,,False
84,29,432,,,False
31,23,433,,,False
40,30,433,,,False
54,20,433,,,False
0,19,434,,,False
3,28,434,,,False
35,22,434,484,50,True
43,21,434,,,False
45,20,434,,,False
96,18,434,,,False
21,23,435,,,False
56,20,435,,,False
59,21,435,,,False
86,32,435,,,False
88,23,435,,,False
4,25,436,,,False
7,20,436,,,False
15,18,436,,,False
41,21,436,,,False
48,28,437,,,False
80,24,437,,,False
82,26,437,,,False
83,30,437,,,False
5,25,438,,,False
34,24,438,484,46,True
41,22,438,,,False
42,22,438,,,False
60,26,438,,,False
63,22,438,,,False
87,20,438,,,False
12,19,439,,,False
16,30,439,,,False
25,22,439,,,False
26,19,439,,,False
30,24,439,,,False
33,17,439,,,False
50,26,439,,,False
88,24,439,,,False
24,33,440,,,False
27,29,440,,,False
73,26,440,,,False
80,25,440,,,False
99,25,440,,,False
12,20,441,,,False
24,34,441,,,False
76,22,441,,,False
80,26,441,,,False
82,27,441,,,False
84,30,441,,,False
97,16,441,,,False
11,21,442,,,False
66,21,442,,,False
68,23,442,,,False
83,31,442,,,False
9,15,443,,,False
16,31,443,,,False
20,19,443,,,False
25,23,443,,,False
71,22,443,,,False
73,27,443,,,False
5,26,444,,,False
13,21,444,,,False
14,28,444,,,False
19,19,444,,,False
55,25,444,,,False
97,17,444,,,False
7,21,445,,,False
11,22,445,,,False
22,27,445,,,False
57,14,445,,,False
58,25,445,,,False
2,30,446,,,False
22,28,446,,,False
81,22,446,,,False
86,33,446,,,False
9,16,447,,,False
33,18,447,,,False
47,18,447,,,False
58,26,447,,,False
64,21,447,,,False
81,23,447,,,False
83,32,447,,,False
2,31,448,,,False
21,24,448,,,False
23,22,448,,,False
31,24,448,,,False
44,28,448,,,False
92,22,448,,,False
13,22,449,,,False
28,25,449,,,False
38,18,449,,,False
42,23,449,,,False
67,24,449,,,False
70,20,449,,,False
71,23,449,,,False
12,21,450,,,False
37,22,450,,,False
41,23,450,,,False
59,22,450,,,False
81,24,450,,,False
87,21,450,,,False
27,30,451,,,False
30,25,451,,,False
54,21,451,,,False
85,20,451,,,False
3,29,452,,,False
30,26,452,,,False
31,25,452,,,False
32,16,452,,,False
34,25,452,,,False
48,29,452,,,False
49,21,452,,,False
53,16,452,,,False
67,25,452,,,False
68,24,452,,,False
74,19,452,,,False
82,28,452,,,False
1,18,453,,,False
5,27,453,,,False
15,19,453,,,False
38,19,453,,,False
63,23,453,,,False
3,30,454,,,False
40,31,454,,,False
50,27,454,,,False
66,22,454,,,False
82,29,454,,,False
7,22,455,,,False
18,20,455,,,False
33,19,455,,,False
63,24,455,,,False
65,22,455,,,False
66,23,455,,,False
68,25,455,,,False
91,23,455,,,False
95,20,455,,,False
6,21,456,,,False
16,32,456,,,False
40,32,456,,,False
69,19,456,,,False
86,34,456,,,False
3,31,457,,,False
76,23,457,,,False
19,20,458,,,False
51,23,458,,,False
58,27,458,,,False
94,24,458,,,False
97,18,458,,,False
10,23,459,,,False
27,31,459,,,False
59,23,459,,,False
69,20,459,,,False
26,20,460,,,False
31,26,460,,,False
33,20,460,,,False
36,26,460,,,False
40,33,460,,,False
65,23,460,,,False
68,26,460,,,False
89,17,460,,,False
93,20,460,,,False
9,17,461,,,False
24,35,461,,,False
41,24,461,,,False
53,17,461,,,False
55,26,461,,,False
57,15,461,,,False
69,21,461,,,False
11,23,462,,,False
47,19,462,,,False
48,30,462,,,False
54,22,462,,,False
60,27,462,,,False
80,27,462,,,False
91,24,462,,,False
6,22,463,,,False
9,18,463,,,False
16,33,463,,,False
20,20,463,,,False
21,25,463,,,False
62,17,463,,,False
73,28,463,,,False
91,25,463,,,False
25,24,464,,,False
41,25,464,,,False
72,25,464,,,False
24,36,465,,,False
36,27,465,,,False
45,21,465,,,False
47,20,465,,,False
59,24,465,,,False
92,23,465,,,False
45,22,466,,,False
47,21,466,,,False
85,21,466,,,False
86,35,466,,,False
98,21,466,,,False
22,29,467,,,False
56,21,467,,,False
58,28,467,,,False
65,24,467,,,False
67,26,467,,,False
69,22,467,,,False
14,29,469,,,False
21,26,469,,,False
47,22,469,,,False
48,31,469,,,False
58,29,469,,,False
83,33,469,,,False
97,19,469,,,False
1,19,470,,,False
35,23,470,,,False
43,22,470,,,False
50,28,470,,,False
86,36,470,,,False
91,26,470,,,False
8,27,471,,,False
19,21,471,,,False
29,26,471,,,False
93,21,471,,,False
7,23,472,,,False
27,32,472,,,False
58,30,472,,,False
92,24,472,,,False
27,33,473,,,False
35,24,473,,,False
52,16,473,,,False
73,29,473,,,False
78,29,473,,,False
8,28,474,,,False
13,23,474,,,False
26,21,474,,,False
38,20,474,,,False
77,23,474,,,False
98,22,474,,,False
15,20,475,,,False
54,23,475,,,False
2,32,476,,,False
22,30,476,,,False
24,37,476,,,False
60,28,476,,,False
64,22,476,,,False
80,28,476,,,False
94,25,476,,,False
5,28,477,,,False
9,19,477,,,False
19,22,477,,,False
20,21,477,,,False
56,22,477,,,False
63,25,477,,,False
67,27,477,,,False
86,37,477,,,False
94,26,477,,,False
99,26,477,,,False
0,20,478,,,False
33,21,478,,,False
60,29,478,,,False
62,18,478,,,False
79,22,478,,,False
97,20,478,,,False
31,27,479,,,False
73,30,479,,,False
82,30,479,,,False
18,21,480,,,False
22,31,480,,,False
16,34,481,,,False
33,22,481,,,False
93,22,481,,,False
38,21,482,,,False
70,21,482,,,False
78,30,482,,,False
79,23,482,,,False
88,25,482,,,False
2,33,483,,,False
16,35,483,,,False
23,23,483,,,False
26,22,483,,,False
33,23,483,,,False
41,26,483,,,False
43,23,483,,,False
67,28,483,,,False
86,38,483,,,False
1,20,484,,,False
2,34,484,,,False
24,38,484,,,False
25,25,484,,,False
67,29,484,,,False
9,20,485,,,False
17,21,485,,,False
18,22,485,,,False
45,23,485,,,False
59,25,485,,,False
61,23,485,,,False
84,31,485,,,False
5,29,486,,,False
36,28,486,,,False
71,24,486,,,False
97,21,486,,,False
3,32,487,,,False
17,22,487,,,False
35,25,487,,,False
48,32,487,,,False
62,19,487,,,False
74,20,487,,,False
8,29,488,,,False
19,23,488,,,False
64,23,488,,,False
66,24,488,,,False
72,26,488,,,False
77,24,488,,,False
9,21,489,,,False
15,21,489,,,False
40,34,489,,,False
61,24,489,,,False
65,25,489,,,False
73,31,489,,,False
81,25,489,,,False
26,23,490,,,False
42,24,490,,,False
43,24,490,,,False
65,26,490,,,False
95,21,490,,,False
2,35,491,,,False
14,30,491,,,False
45,24,491,,,False
66,25,491,,,False
74,21,491,,,False
93,23,491,,,False
9,22,492,,,False
13,24,492,,,False
30,27,492,,,False
58,31,492,,,False
79,24,492,,,False
15,22,493,,,False
19,24,493,,,False
43,25,493,,,False
45,25,493,,,False
4,26,494,,,False
22,32,494,,,False
30,28,494,,,False
7,24,495,,,False
53,18,495,,,False
75,21,495,,,False
0,21,496,,,False
6,23,496,,,False
21,27,496,,,False
81,26,496,,,False
4,27,497,,,False
13,25,497,,,False
43,26,497,,,False
80,29,497,,,False
91,27,497,,,False
31,28,498,,,False
32,17,498,,,False
37,23,498,,,False
43,27,498,,,False
65,27,498,,,False
79,25,498,,,False
91,28,498,,,False
2,36,499,,,False
12,22,499,,,False
17,23,499,,,False
26,24,499,,,False
53,19,499,,,False
70,22,499,,,False
80,30,499,,,False
87,22,499,,,False
