actual_tx_ratio,alpha,base_tx_ratio,calibrated_intercept,candidate_id,dynamic_repeat_index,evaluated_on_full,evaluation_phase,mean_VAoI,mean_tail_VAoI,n_nodes,phase,phase_slots,search_probability_mean,topology_index
0.11295999999999999,0.0,0.11249999999999999,-2.065460205078125,1,0,True,full,11.762911919191934,29.795486868686858,100,coarse,500,0.11249951023009258,0
0.11276,0.0,0.11249999999999999,-2.065460205078125,1,1,True,full,12.635706060606067,31.985874747474753,100,coarse,500,0.11249951023009258,0
0.11048,0.0,0.11249999999999999,-2.065460205078125,1,0,True,full,10.809121010101014,26.212286868686878,100,coarse,500,0.11249951023009258,1
0.11498,0.0,0.11249999999999999,-2.065460205078125,1,1,True,full,11.40318666666667,28.51259393939393,100,coarse,500,0.11249951023009258,1
0.11266,0.0,0.11249999999999999,-2.065460205078125,1,0,True,full,10.358040202020215,25.500149494949493,100,coarse,500,0.11249951023009258,2
0.11172,0.0,0.11249999999999999,-2.065460205078125,1,1,True,full,10.297576161616176,26.134856565656566,100,coarse,500,0.11249951023009258,2
0.11336,0.0,0.11249999999999999,-2.065460205078125,1,0,True,full,10.488987878787889,27.028618181818175,100,coarse,500,0.11249951023009258,3
0.11162000000000001,0.0,0.11249999999999999,-2.065460205078125,1,1,True,full,10.732632525252528,28.33246060606064,100,coarse,500,0.11249951023009258,3
0.11464,0.0,0.11249999999999999,-2.065460205078125,1,0,True,full,10.548704848484848,25.338282828282843,100,coarse,500,0.11249951023009258,4
0.11278,0.0,0.11249999999999999,-2.065460205078125,1,1,True,full,10.285189292929289,24.547381818181815,100,coarse,500,0.11249951023009258,4
0.1142,0.0,0.11249999999999999,-2.065460205078125,1,0,True,full,11.344890707070702,28.085547474747464,100,coarse,500,0.11249951023009258,5
0.11368,0.0,0.11249999999999999,-2.065460205078125,1,1,True,full,11.079794141414142,26.716581818181826,100,coarse,500,0.11249951023009258,5
0.11146,0.0,0.11249999999999999,-2.065460205078125,1,0,True,full,10.767519797979798,25.873438383838383,100,coarse,500,0.11249951023009258,6
0.11186,0.0,0.11249999999999999,-2.065460205078125,1,1,True,full,10.965374141414136,28.16907070707068,100,coarse,500,0.11249951023009258,6
0.11184,0.0,0.11249999999999999,-2.065460205078125,1,0,True,full,10.950177777777776,28.15348282828282,100,coarse,500,0.11249951023009258,7
0.1121,0.0,0.11249999999999999,-2.065460205078125,1,1,True,full,10.744073737373743,27.174577777777774,100,coarse,500,0.11249951023009258,7
0.11087999999999999,0.0,0.11249999999999999,-2.065460205078125,1,0,True,full,9.766495959595959,23.87832323232322,100,coarse,500,0.11249951023009258,8
0.10938,0.0,0.11249999999999999,-2.065460205078125,1,1,True,full,10.026417373737377,25.49713535353533,100,coarse,500,0.11249951023009258,8
0.11334,0.0,0.11249999999999999,-2.065460205078125,1,0,True,full,12.521684242424238,31.34073535353538,100,coarse,500,0.11249951023009258,9
0.11082,0.0,0.11249999999999999,-2.065460205078125,1,1,True,full,12.857974141414154,31.359632323232326,100,coarse,500,0.11249951023009258,9
0.11332,0.0,0.11249999999999999,-2.065460205078125,1,0,True,full,9.870171111111114,25.11473535353536,100,coarse,500,0.11249951023009258,10
0.11304,0.0,0.11249999999999999,-2.065460205078125,1,1,True,full,10.084028686868693,25.7107191919192,100,coarse,500,0.11249951023009258,10
0.11412000000000001,0.0,0.11249999999999999,-2.065460205078125,1,0,True,full,11.572002020202032,29.294933333333333,100,coarse,500,0.11249951023009258,11
0.1149,0.0,0.11249999999999999,-2.065460205078125,1,1,True,full,10.75667070707071,27.528719191919176,100,coarse,500,0.11249951023009258,11
0.11286,0.0,0.11249999999999999,-2.065460205078125,1,0,True,full,11.22977474747475,27.902820202020223,100,coarse,500,0.11249951023009258,12
0.10987999999999999,0.0,0.11249999999999999,-2.065460205078125,1,1,True,full,11.262176565656565,27.859199999999984,100,coarse,500,0.11249951023009258,12
0.11167999999999999,0.0,0.11249999999999999,-2.065460205078125,1,0,True,full,10.24802545454545,24.5869777777778,100,coarse,500,0.11249951023009258,13
0.11294,0.0,0.11249999999999999,-2.065460205078125,1,1,True,full,9.74177939393939,23.27887272727272,100,coarse,500,0.11249951023009258,13
0.11124,0.0,0.11249999999999999,-2.065460205078125,1,0,True,full,12.552986060606056,31.50104242424242,100,coarse,500,0.11249951023009258,14
0.11528000000000001,0.0,0.11249999999999999,-2.065460205078125,1,1,True,full,11.285741818181807,28.523284848484863,100,coarse,500,0.11249951023009258,14
0.11263999999999999,0.0,0.11249999999999999,-2.065460205078125,1,0,True,full,10.11068484848485,25.376703030303,100,coarse,500,0.11249951023009258,15
0.1108,0.0,0.11249999999999999,-2.065460205078125,1,1,True,full,10.260056363636373,25.274509090909092,100,coarse,500,0.11249951023009258,15
0.1142,0.0,0.11249999999999999,-2.065460205078125,1,0,True,full,10.532204444444455,27.41644848484848,100,coarse,500,0.11249951023009258,16
0.11246,0.0,0.11249999999999999,-2.065460205078125,1,1,True,full,11.724811919191904,30.161616161616173,100,coarse,500,0.11249951023009258,16
0.11074,0.0,0.11249999999999999,-2.065460205078125,1,0,True,full,9.209278585858586,22.652824242424256,100,coarse,500,0.11249951023009258,17
0.10976000000000001,0.0,0.11249999999999999,-2.065460205078125,1,1,True,full,9.001492929292924,22.258258585858577,100,coarse,500,0.11249951023009258,17
0.11282,0.0,0.11249999999999999,-2.065460205078125,1,0,True,full,9.870007272727271,24.711115151515152,100,coarse,500,0.11249951023009258,18
0.11077999999999999,0.0,0.11249999999999999,-2.065460205078125,1,1,True,full,10.158324444444451,25.161963636363648,100,coarse,500,0.11249951023009258,18
0.11068,0.0,0.11249999999999999,-2.065460205078125,1,0,True,full,10.395233535353537,25.999438383838378,100,coarse,500,0.11249951023009258,19
0.1115,0.0,0.11249999999999999,-2.065460205078125,1,1,True,full,10.655541616161615,26.295967676767702,100,coarse,500,0.11249951023009258,19
0.14864,0.0,0.15,-1.7346038818359375,2,0,True,full,12.041491515151513,30.01527272727271,100,coarse,500,0.14999963962825802,0
0.14948,0.0,0.15,-1.7346038818359375,2,1,True,full,13.054053535353525,33.307426262626294,100,coarse,500,0.14999963962825802,0
0.14606,0.0,0.15,-1.7346038818359375,2,0,True,full,11.893983636363627,29.729523232323235,100,coarse,500,0.14999963962825802,1
0.15195999999999998,0.0,0.15,-1.7346038818359375,2,1,True,full,11.316560202020193,28.091252525252504,100,coarse,500,0.14999963962825802,1
0.15094,0.0,0.15,-1.7346038818359375,2,0,True,full,10.82437535353536,26.808254545454545,100,coarse,500,0.14999963962825802,2
0.14886,0.0,0.15,-1.7346038818359375,2,1,True,full,11.359765454545453,28.489422222222228,100,coarse,500,0.14999963962825802,2
0.1508,0.0,0.15,-1.7346038818359375,2,0,True,full,11.04517979797979,27.991975757575744,100,coarse,500,0.14999963962825802,3
0.1499,0.0,0.15,-1.7346038818359375,2,1,True,full,11.86534787878788,30.591660606060604,100,coarse,500,0.14999963962825802,3
0.15102000000000002,0.0,0.15,-1.7346038818359375,2,0,True,full,11.52827090909091,27.75524444444444,100,coarse,500,0.14999963962825802,4
0.14984,0.0,0.15,-1.7346038818359375,2,1,True,full,10.557637777777776,25.531547474747487,100,coarse,500,0.14999963962825802,4
0.15226,0.0,0.15,-1.7346038818359375,2,0,True,full,11.69417898989898,29.08556363636365,100,coarse,500,0.14999963962825802,5
0.15184,0.0,0.15,-1.7346038818359375,2,1,True,full,11.303436767676773,27.261199999999985,100,coarse,500,0.14999963962825802,5
0.14876,0.0,0.15,-1.7346038818359375,2,0,True,full,11.198965858585861,28.368016161616158,100,coarse,500,0.14999963962825802,6
0.14938,0.0,0.15,-1.7346038818359375,2,1,True,full,11.37050323232324,27.645834343434345,100,coarse,500,0.14999963962825802,6
0.14976,0.0,0.15,-1.7346038818359375,2,0,True,full,11.213879393939406,28.169725252525247,100,coarse,500,0.14999963962825802,7
0.14824,0.0,0.15,-1.7346038818359375,2,1,True,full,11.522702626262632,29.604420202020222,100,coarse,500,0.14999963962825802,7
0.1465,0.0,0.15,-1.7346038818359375,2,0,True,full,10.452778383838389,26.13494141414142,100,coarse,500,0.14999963962825802,8
0.14566,0.0,0.15,-1.7346038818359375,2,1,True,full,10.285351717171718,26.01342626262626,100,coarse,500,0.14999963962825802,8
0.15148,0.0,0.15,-1.7346038818359375,2,0,True,full,12.981397575757576,31.07900606060604,100,coarse,500,0.14999963962825802,9
0.1478,0.0,0.15,-1.7346038818359375,2,1,True,full,13.911994141414146,34.0106424242424,100,coarse,500,0.14999963962825802,9
0.15056,0.0,0.15,-1.7346038818359375,2,0,True,full,10.44232686868687,26.810739393939375,100,coarse,500,0.14999963962825802,10
0.15042,0.0,0.15,-1.7346038818359375,2,1,True,full,10.384867272727277,26.300816161616154,100,coarse,500,0.14999963962825802,10
0.15184,0.0,0.15,-1.7346038818359375,2,0,True,full,11.637252121212128,29.41989494949495,100,coarse,500,0.14999963962825802,11
0.15346,0.0,0.15,-1.7346038818359375,2,1,True,full,11.486748282828291,28.95055757575757,100,coarse,500,0.14999963962825802,11
0.1516,0.0,0.15,-1.7346038818359375,2,0,True,full,11.817683030303032,28.955797979797964,100,coarse,500,0.14999963962825802,12
0.14768,0.0,0.15,-1.7346038818359375,2,1,True,full,11.62824141414142,28.14805656565656,100,coarse,500,0.14999963962825802,12
0.1491,0.0,0.15,-1.7346038818359375,2,0,True,full,10.847591515151512,26.303422222222217,100,coarse,500,0.14999963962825802,13
0.14987999999999999,0.0,0.15,-1.7346038818359375,2,1,True,full,11.076077373737364,28.612969696969717,100,coarse,500,0.14999963962825802,13
0.14926,0.0,0.15,-1.7346038818359375,2,0,True,full,14.314625656565658,36.24211717171715,100,coarse,500,0.14999963962825802,14
0.15295999999999998,0.0,0.15,-1.7346038818359375,2,1,True,full,12.16392525252525,29.73724444444443,100,coarse,500,0.14999963962825802,14
0.1509,0.0,0.15,-1.7346038818359375,2,0,True,full,10.32052404040405,25.24104242424242,100,coarse,500,0.14999963962825802,15
0.14812,0.0,0.15,-1.7346038818359375,2,1,True,full,10.678149292929291,26.16324848484849,100,coarse,500,0.14999963962825802,15
0.15228,0.0,0.15,-1.7346038818359375,2,0,True,full,12.19871111111112,32.44082828282828,100,coarse,500,0.14999963962825802,16
0.15054,0.0,0.15,-1.7346038818359375,2,1,True,full,12.682145454545461,32.900197979797994,100,coarse,500,0.14999963962825802,16
0.14906,0.0,0.15,-1.7346038818359375,2,0,True,full,9.329565050505053,22.67619393939395,100,coarse,500,0.14999963962825802,17
0.14734,0.0,0.15,-1.7346038818359375,2,1,True,full,9.599724848484852,23.824921212121204,100,coarse,500,0.14999963962825802,17
0.14946,0.0,0.15,-1.7346038818359375,2,0,True,full,10.309625656565666,25.982432323232306,100,coarse,500,0.14999963962825802,18
0.14798,0.0,0.15,-1.7346038818359375,2,1,True,full,11.028063232323232,27.76555555555554,100,coarse,500,0.14999963962825802,18
0.14736000000000002,0.0,0.15,-1.7346038818359375,2,0,True,full,11.138539797979803,27.669838383838393,100,coarse,500,0.14999963962825802,19
0.1478,0.0,0.15,-1.7346038818359375,2,1,True,full,11.127432323232322,28.17714343434344,100,coarse,500,0.14999963962825802,19
0.07624,0.0,0.075,-2.512298583984375,7,0,True,full,13.173339999999993,32.284440404040424,100,refine,500,0.07500048840088822,0
0.0765,0.0,0.075,-2.512298583984375,7,1,True,full,13.29964606060607,33.44244040404042,100,refine,500,0.07500048840088822,0
0.07440000000000001,0.0,0.075,-2.512298583984375,7,0,True,full,11.793402828282824,28.698363636363627,100,refine,500,0.07500048840088822,1
0.07682,0.0,0.075,-2.512298583984375,7,1,True,full,11.867992929292928,29.304359595959607,100,refine,500,0.07500048840088822,1
0.0748,0.0,0.075,-2.512298583984375,7,0,True,full,10.282188282828281,24.931248484848474,100,refine,500,0.07500048840088822,2
0.07588,0.0,0.075,-2.512298583984375,7,1,True,full,10.892172121212129,27.344444444444456,100,refine,500,0.07500048840088822,2
0.0753,0.0,0.075,-2.512298583984375,7,0,True,full,10.713840202020192,26.757620202020203,100,refine,500,0.07500048840088822,3
0.07426,0.0,0.075,-2.512298583984375,7,1,True,full,10.471429898989912,27.383680808080808,100,refine,500,0.07500048840088822,3
0.0751,0.0,0.075,-2.512298583984375,7,0,True,full,11.254014545454538,26.923713131313136,100,refine,500,0.07500048840088822,4
0.07551999999999999,0.0,0.075,-2.512298583984375,7,1,True,full,11.370206060606062,27.5287111111111,100,refine,500,0.07500048840088822,4
0.07554,0.0,0.075,-2.512298583984375,7,0,True,full,11.980109696969691,29.524852525252555,100,refine,500,0.07500048840088822,5
0.07662,0.0,0.075,-2.512298583984375,7,1,True,full,12.54280484848486,30.58694141414143,100,refine,500,0.07500048840088822,5
0.07504,0.0,0.075,-2.512298583984375,7,0,True,full,11.19491858585859,27.269216161616146,100,refine,500,0.07500048840088822,6
0.07546,0.0,0.075,-2.512298583984375,7,1,True,full,11.829905858585862,28.969967676767684,100,refine,500,0.07500048840088822,6
0.075,0.0,0.075,-2.512298583984375,7,0,True,full,11.730140606060594,29.797777777777753,100,refine,500,0.07500048840088822,7
0.0745,0.0,0.075,-2.512298583984375,7,1,True,full,10.753872727272732,26.77305454545453,100,refine,500,0.07500048840088822,7
0.07388,0.0,0.075,-2.512298583984375,7,0,True,full,10.95057575757577,26.96898181818178,100,refine,500,0.07500048840088822,8
0.07222,0.0,0.075,-2.512298583984375,7,1,True,full,10.614392929292926,26.26927676767676,100,refine,500,0.07500048840088822,8
0.0747,0.0,0.075,-2.512298583984375,7,0,True,full,12.522397171717172,29.68704242424241,100,refine,500,0.07500048840088822,9
0.07357999999999999,0.0,0.075,-2.512298583984375,7,1,True,full,14.623794343434339,34.886096969696965,100,refine,500,0.07500048840088822,9
0.07568,0.0,0.075,-2.512298583984375,7,0,True,full,10.522450303030313,26.936618181818176,100,refine,500,0.07500048840088822,10
0.0765,0.0,0.075,-2.512298583984375,7,1,True,full,10.387354949494956,25.758537373737372,100,refine,500,0.07500048840088822,10
0.07678,0.0,0.075,-2.512298583984375,7,0,True,full,11.702252727272725,28.889648484848482,100,refine,500,0.07500048840088822,11
0.0761,0.0,0.075,-2.512298583984375,7,1,True,full,11.322023636363632,27.934371717171704,100,refine,500,0.07500048840088822,11
0.07444,0.0,0.075,-2.512298583984375,7,0,True,full,12.469883838383828,31.371862626262633,100,refine,500,0.07500048840088822,12
0.0733,0.0,0.075,-2.512298583984375,7,1,True,full,12.211529090909085,30.027402020202068,100,refine,500,0.07500048840088822,12
0.07396,0.0,0.075,-2.512298583984375,7,0,True,full,11.05106383838384,26.653599999999994,100,refine,500,0.07500048840088822,13
0.07588,0.0,0.075,-2.512298583984375,7,1,True,full,10.956748686868679,26.9170909090909,100,refine,500,0.07500048840088822,13
0.07432,0.0,0.075,-2.512298583984375,7,0,True,full,12.988039393939385,32.74436363636363,100,refine,500,0.07500048840088822,14
0.07746,0.0,0.075,-2.512298583984375,7,1,True,full,11.995525656565661,30.01231919191919,100,refine,500,0.07500048840088822,14
0.07442,0.0,0.075,-2.512298583984375,7,0,True,full,10.981248484848486,27.118351515151527,100,refine,500,0.07500048840088822,15
0.0742,0.0,0.075,-2.512298583984375,7,1,True,full,11.059555151515159,26.743066666666646,100,refine,500,0.07500048840088822,15
0.07596,0.0,0.075,-2.512298583984375,7,0,True,full,11.24920444444446,28.00239595959595,100,refine,500,0.07500048840088822,16
0.0739,0.0,0.075,-2.512298583984375,7,1,True,full,11.616898181818186,29.02801212121212,100,refine,500,0.07500048840088822,16
0.07328,0.0,0.075,-2.512298583984375,7,0,True,full,10.626981010100996,26.57701414141413,100,refine,500,0.07500048840088822,17
0.07338,0.0,0.075,-2.512298583984375,7,1,True,full,10.20039111111111,25.041999999999998,100,refine,500,0.07500048840088822,17
0.07588,0.0,0.075,-2.512298583984375,7,0,True,full,11.530095757575761,27.764521212121206,100,refine,500,0.07500048840088822,18
0.07293999999999999,0.0,0.075,-2.512298583984375,7,1,True,full,11.341588888888902,27.038395959595928,100,refine,500,0.07500048840088822,18
0.07264,0.0,0.075,-2.512298583984375,7,0,True,full,11.366568080808081,28.18941414141415,100,refine,500,0.07500048840088822,19
0.07532,0.0,0.075,-2.512298583984375,7,1,True,full,11.74260383838384,28.699692929292933,100,refine,500,0.07500048840088822,19
0.09458,0.0,0.09375,-2.2686767578125,8,0,True,full,11.94321070707071,30.009498989898994,100,refine,500,0.09375057633460605,0
0.09388,0.0,0.09375,-2.2686767578125,8,1,True,full,12.922244242424245,33.003797979798,100,refine,500,0.09375057633460605,0
0.09122,0.0,0.09375,-2.2686767578125,8,0,True,full,10.956956363636353,26.7571595959596,100,refine,500,0.09375057633460605,1
0.09662000000000001,0.0,0.09375,-2.2686767578125,8,1,True,full,11.391769494949502,28.173721212121198,100,refine,500,0.09375057633460605,1
0.09391999999999999,0.0,0.09375,-2.2686767578125,8,0,True,full,10.088891111111101,25.35910303030305,100,refine,500,0.09375057633460605,2
0.09359999999999999,0.0,0.09375,-2.2686767578125,8,1,True,full,10.469219393939392,26.364379797979797,100,refine,500,0.09375057633460605,2
0.09408,0.0,0.09375,-2.2686767578125,8,0,True,full,10.718905252525246,27.37857373737374,100,refine,500,0.09375057633460605,3
0.09346,0.0,0.09375,-2.2686767578125,8,1,True,full,10.271003838383843,26.898161616161627,100,refine,500,0.09375057633460605,3
0.09523999999999999,0.0,0.09375,-2.2686767578125,8,0,True,full,10.660204444444451,25.80821818181818,100,refine,500,0.09375057633460605,4
0.0943,0.0,0.09375,-2.2686767578125,8,1,True,full,10.452976363636358,25.270565656565672,100,refine,500,0.09375057633460605,4
0.09476000000000001,0.0,0.09375,-2.2686767578125,8,0,True,full,11.103908080808077,26.811531313131294,100,refine,500,0.09375057633460605,5
0.0956,0.0,0.09375,-2.2686767578125,8,1,True,full,11.558304242424235,27.88861414141414,100,refine,500,0.09375057633460605,5
0.09352,0.0,0.09375,-2.2686767578125,8,0,True,full,10.286136161616163,25.019446464646446,100,refine,500,0.09375057633460605,6
0.09336,0.0,0.09375,-2.2686767578125,8,1,True,full,11.052902626262629,27.742230303030293,100,refine,500,0.09375057633460605,6
0.09362,0.0,0.09375,-2.2686767578125,8,0,True,full,10.838355555555545,27.175345454545432,100,refine,500,0.09375057633460605,7
0.09356,0.0,0.09375,-2.2686767578125,8,1,True,full,10.541133939393942,26.102682828282827,100,refine,500,0.09375057633460605,7
0.09162000000000001,0.0,0.09375,-2.2686767578125,8,0,True,full,10.107884040404045,24.817280808080803,100,refine,500,0.09375057633460605,8
0.09054000000000001,0.0,0.09375,-2.2686767578125,8,1,True,full,9.900639393939397,24.856561616161613,100,refine,500,0.09375057633460605,8
0.09416000000000001,0.0,0.09375,-2.2686767578125,8,0,True,full,12.70366949494949,30.711874747474766,100,refine,500,0.09375057633460605,9
0.09244,0.0,0.09375,-2.2686767578125,8,1,True,full,13.27177959595959,32.356270707070706,100,refine,500,0.09375057633460605,9
0.09478,0.0,0.09375,-2.2686767578125,8,0,True,full,10.222740202020198,26.243292929292902,100,refine,500,0.09375057633460605,10
0.09468,0.0,0.09375,-2.2686767578125,8,1,True,full,9.943282828282822,25.24382626262625,100,refine,500,0.09375057633460605,10
0.09513999999999999,0.0,0.09375,-2.2686767578125,8,0,True,full,11.651558383838388,29.08712727272727,100,refine,500,0.09375057633460605,11
0.09570000000000001,0.0,0.09375,-2.2686767578125,8,1,True,full,10.988633535353527,27.438593939393954,100,refine,500,0.09375057633460605,11
0.09344,0.0,0.09375,-2.2686767578125,8,0,True,full,11.545277979797978,28.532929292929275,100,refine,500,0.09375057633460605,12
0.09172000000000001,0.0,0.09375,-2.2686767578125,8,1,True,full,11.683339797979796,28.525830303030304,100,refine,500,0.09375057633460605,12
0.0932,0.0,0.09375,-2.2686767578125,8,0,True,full,10.477298383838388,25.319107070707084,100,refine,500,0.09375057633460605,13
0.09408,0.0,0.09375,-2.2686767578125,8,1,True,full,9.95765393939393,24.30843636363636,100,refine,500,0.09375057633460605,13
0.09230000000000001,0.0,0.09375,-2.2686767578125,8,0,True,full,12.025227272727278,31.16750303030303,100,refine,500,0.09375057633460605,14
0.0966,0.0,0.09375,-2.2686767578125,8,1,True,full,11.748420404040404,29.097175757575748,100,refine,500,0.09375057633460605,14
0.09468,0.0,0.09375,-2.2686767578125,8,0,True,full,10.532525050505047,26.754258585858572,100,refine,500,0.09375057633460605,15
0.09318,0.0,0.09375,-2.2686767578125,8,1,True,full,10.113005454545453,24.48868686868688,100,refine,500,0.09375057633460605,15
0.09492,0.0,0.09375,-2.2686767578125,8,0,True,full,10.893173131313135,28.01623030303031,100,refine,500,0.09375057633460605,16
0.09278,0.0,0.09375,-2.2686767578125,8,1,True,full,10.758451919191936,26.38909898989899,100,refine,500,0.09375057633460605,16
0.09114000000000001,0.0,0.09375,-2.2686767578125,8,0,True,full,9.537622020202006,24.00279999999997,100,refine,500,0.09375057633460605,17
0.0917,0.0,0.09375,-2.2686767578125,8,1,True,full,9.435298989898987,23.34996767676767,100,refine,500,0.09375057633460605,17
0.09368,0.0,0.09375,-2.2686767578125,8,0,True,full,10.799519393939397,26.482965656565636,100,refine,500,0.09375057633460605,18
0.09068,0.0,0.09375,-2.2686767578125,8,1,True,full,10.425198383838385,25.756682828282838,100,refine,500,0.09375057633460605,18
0.0915,0.0,0.09375,-2.2686767578125,8,0,True,full,11.445906868686867,28.393668686868683,100,refine,500,0.09375057633460605,19
0.09322,0.0,0.09375,-2.2686767578125,8,1,True,full,11.062791515151499,27.438501010101024,100,refine,500,0.09375057633460605,19
0.13083999999999998,0.0,0.13124999999999998,-1.88995361328125,9,0,True,full,11.910116363636368,29.973915151515175,100,refine,500,0.13124975851291706,0
0.13112000000000001,0.0,0.13124999999999998,-1.88995361328125,9,1,True,full,12.373587070707067,30.49370101010102,100,refine,500,0.13124975851291706,0
0.12838,0.0,0.13124999999999998,-1.88995361328125,9,0,True,full,11.50535656565656,29.754917171717146,100,refine,500,0.13124975851291706,1
0.13390000000000002,0.0,0.13124999999999998,-1.88995361328125,9,1,True,full,11.506578181818183,28.14972121212121,100,refine,500,0.13124975851291706,1
0.13188,0.0,0.13124999999999998,-1.88995361328125,9,0,True,full,10.650988686868683,26.42006868686868,100,refine,500,0.13124975851291706,2
0.13038,0.0,0.13124999999999998,-1.88995361328125,9,1,True,full,10.68611090909091,27.097139393939372,100,refine,500,0.13124975851291706,2
0.1319,0.0,0.13124999999999998,-1.88995361328125,9,0,True,full,10.438932727272721,26.511971717171722,100,refine,500,0.13124975851291706,3
0.13061999999999999,0.0,0.13124999999999998,-1.88995361328125,9,1,True,full,10.410050101010103,26.878787878787893,100,refine,500,0.13124975851291706,3
0.13214,0.0,0.13124999999999998,-1.88995361328125,9,0,True,full,10.725876161616158,25.937458585858604,100,refine,500,0.13124975851291706,4
0.13068,0.0,0.13124999999999998,-1.88995361328125,9,1,True,full,10.25866868686869,24.55549494949495,100,refine,500,0.13124975851291706,4
0.13314,0.0,0.13124999999999998,-1.88995361328125,9,0,True,full,11.047756767676763,27.18312727272731,100,refine,500,0.13124975851291706,5
0.13214,0.0,0.13124999999999998,-1.88995361328125,9,1,True,full,11.296830101010093,28.02282424242424,100,refine,500,0.13124975851291706,5
0.12988,0.0,0.13124999999999998,-1.88995361328125,9,0,True,full,11.099964646464654,27.872339393939406,100,refine,500,0.13124975851291706,6
0.13012,0.0,0.13124999999999998,-1.88995361328125,9,1,True,full,12.108252323232312,31.76736161616164,100,refine,500,0.13124975851291706,6
0.13116,0.0,0.13124999999999998,-1.88995361328125,9,0,True,full,11.431150909090904,28.83075151515153,100,refine,500,0.13124975851291706,7
0.12992,0.0,0.13124999999999998,-1.88995361328125,9,1,True,full,10.563759191919194,26.40012525252524,100,refine,500,0.13124975851291706,7
0.12874,0.0,0.13124999999999998,-1.88995361328125,9,0,True,full,9.932553737373743,24.832492929292922,100,refine,500,0.13124975851291706,8
0.12816,0.0,0.13124999999999998,-1.88995361328125,9,1,True,full,10.070623636363635,25.19539393939397,100,refine,500,0.13124975851291706,8
0.13132,0.0,0.13124999999999998,-1.88995361328125,9,0,True,full,12.571479797979803,30.90353131313129,100,refine,500,0.13124975851291706,9
0.1286,0.0,0.13124999999999998,-1.88995361328125,9,1,True,full,13.349241414141419,33.58116363636361,100,refine,500,0.13124975851291706,9
0.13119999999999998,0.0,0.13124999999999998,-1.88995361328125,9,0,True,full,9.747684242424246,24.17332929292928,100,refine,500,0.13124975851291706,10
0.13118,0.0,0.13124999999999998,-1.88995361328125,9,1,True,full,10.254581818181816,26.606597979797986,100,refine,500,0.13124975851291706,10
0.13318,0.0,0.13124999999999998,-1.88995361328125,9,0,True,full,11.565620404040416,28.974258585858585,100,refine,500,0.13124975851291706,11
0.13484,0.0,0.13124999999999998,-1.88995361328125,9,1,True,full,11.177908080808074,28.293018181818198,100,refine,500,0.13124975851291706,11
0.13336,0.0,0.13124999999999998,-1.88995361328125,9,0,True,full,11.240191515151523,27.47139797979796,100,refine,500,0.13124975851291706,12
0.12912,0.0,0.13124999999999998,-1.88995361328125,9,1,True,full,11.554066262626272,28.02960808080808,100,refine,500,0.13124975851291706,12
0.1304,0.0,0.13124999999999998,-1.88995361328125,9,0,True,full,10.45310424242425,25.72944242424242,100,refine,500,0.13124975851291706,13
0.13126,0.0,0.13124999999999998,-1.88995361328125,9,1,True,full,10.470375555555554,25.40768080808079,100,refine,500,0.13124975851291706,13
0.13042,0.0,0.13124999999999998,-1.88995361328125,9,0,True,full,13.334570909090907,33.63581414141416,100,refine,500,0.13124975851291706,14
0.13466,0.0,0.13124999999999998,-1.88995361328125,9,1,True,full,11.666459393939393,29.157216161616155,100,refine,500,0.13124975851291706,14
0.13146000000000002,0.0,0.13124999999999998,-1.88995361328125,9,0,True,full,10.12543595959595,25.270416161616147,100,refine,500,0.13124975851291706,15
0.12938,0.0,0.13124999999999998,-1.88995361328125,9,1,True,full,10.207136565656565,24.913979797979756,100,refine,500,0.13124975851291706,15
0.13316,0.0,0.13124999999999998,-1.88995361328125,9,0,True,full,10.576544848484843,26.887341414141407,100,refine,500,0.13124975851291706,16
0.13154,0.0,0.13124999999999998,-1.88995361328125,9,1,True,full,12.35183676767678,32.31324040404041,100,refine,500,0.13124975851291706,16
0.12904,0.0,0.13124999999999998,-1.88995361328125,9,0,True,full,9.168163838383839,22.359983838383823,100,refine,500,0.13124975851291706,17
0.12826,0.0,0.13124999999999998,-1.88995361328125,9,1,True,full,9.03048383838384,22.267628282828284,100,refine,500,0.13124975851291706,17
0.13174,0.0,0.13124999999999998,-1.88995361328125,9,0,True,full,10.028100808080817,25.297527272727287,100,refine,500,0.13124975851291706,18
0.12928,0.0,0.13124999999999998,-1.88995361328125,9,1,True,full,10.773509494949499,27.031624242424236,100,refine,500,0.13124975851291706,18
0.12972,0.0,0.13124999999999998,-1.88995361328125,9,0,True,full,10.814399393939393,27.135575757575737,100,refine,500,0.13124975851291706,19
0.12956,0.0,0.13124999999999998,-1.88995361328125,9,1,True,full,11.021071111111118,27.364218181818163,100,refine,500,0.13124975851291706,19
