slot,mean_version_age,max_version_age,p95_version_age,p99_version_age,top_5pct_mean_version_age,mean_time_age,num_transmitters,num_successful_decodes,num_transmitters_decoded,num_improved_cache_entries,total_version_improvement
20,1.0,4.0,3.0,4.0,3.8421052631578947,17.98421052631579,5,15,5,12,16
21,0.9763157894736842,4.0,3.0,4.0,3.6315789473684212,18.526315789473685,1,8,1,20,28
22,0.8921052631578947,4.0,3.0,4.0,3.4210526315789473,18.98421052631579,3,13,3,24,32
23,0.8789473684210526,4.0,3.0,4.0,3.4210526315789473,19.92105263157895,3,12,2,5,5
24,0.9605263157894737,4.0,3.0,4.0,3.4210526315789473,20.818421052631578,2,5,2,4,7
25,0.9368421052631579,4.0,3.0,4.0,3.3684210526315788,21.723684210526315,4,10,3,7,9
26,1.0105263157894737,4.0,3.0,4.0,3.526315789473684,22.45263157894737,3,10,3,7,10
27,0.9973684210526316,4.0,3.0,4.0,3.526315789473684,22.860526315789475,3,14,3,15,24
28,0.9578947368421052,4.0,3.0,4.0,3.526315789473684,23.576315789473686,3,15,3,7,15
29,1.0368421052631578,4.0,3.0,4.0,3.473684210526316,24.126315789473683,3,11,3,14,27
30,1.081578947368421,4.0,3.0,4.0,3.4210526315789473,24.71578947368421,3,13,3,14,21
31,1.1263157894736842,4.0,3.0,4.0,3.4210526315789473,25.13157894736842,5,10,4,15,21
32,0.881578947368421,4.0,3.0,4.0,3.3157894736842106,24.16842105263158,2,13,2,66,112
33,0.9052631578947369,5.0,3.0,4.2099999999999795,3.526315789473684,24.907894736842106,3,15,3,8,10
34,0.8078947368421052,5.0,3.0,3.419999999999959,3.4210526315789473,25.068421052631578,5,11,5,22,37
35,0.8736842105263158,5.0,3.0,3.419999999999959,3.4210526315789473,25.73421052631579,5,15,4,10,13
36,0.8789473684210526,5.0,3.0,3.0,3.3157894736842106,26.25,6,10,6,12,17
37,0.9157894736842105,5.0,4.0,4.0,4.052631578947368,26.818421052631578,8,11,6,16,24
38,0.9763157894736842,5.0,3.0500000000000114,4.0,4.052631578947368,27.210526315789473,4,9,3,9,15
39,0.9842105263157894,5.0,3.0,5.0,4.684210526315789,27.4,4,13,3,21,35
40,1.0763157894736841,5.0,3.0,5.0,4.684210526315789,28.107894736842105,4,15,4,3,3
41,1.0921052631578947,5.0,3.0,5.0,4.684210526315789,28.560526315789474,6,9,4,9,13
42,1.15,5.0,3.0,5.0,4.684210526315789,28.757894736842104,1,7,1,15,16
43,1.1605263157894736,5.0,3.0,5.0,4.684210526315789,29.1,4,11,4,10,15
44,1.0842105263157895,5.0,3.0,5.0,4.684210526315789,28.54736842105263,1,10,1,27,29
45,0.9710526315789474,5.0,3.0,5.0,4.684210526315789,27.555263157894736,6,12,5,37,43
46,0.9631578947368421,5.0,4.0,5.0,4.842105263157895,27.731578947368423,5,15,5,15,22
47,0.9868421052631579,5.0,4.0,5.0,4.842105263157895,28.38157894736842,8,9,6,8,10
48,0.9263157894736842,5.0,4.0,5.0,4.842105263157895,28.65,3,15,3,19,23
49,0.9736842105263158,5.0,4.0,5.0,4.842105263157895,27.402631578947368,5,14,4,37,58
50,1.063157894736842,5.0,4.0,5.0,4.842105263157895,27.13421052631579,3,15,3,18,23
51,1.0236842105263158,5.0,4.0,5.0,4.842105263157895,27.560526315789474,3,15,3,15,15
52,0.9105263157894737,5.0,4.0,5.0,4.7894736842105265,26.207894736842107,4,16,4,33,43
53,0.8921052631578947,5.0,4.0,5.0,4.7894736842105265,26.33684210526316,3,11,3,23,26
54,0.9421052631578948,5.0,4.0,5.0,4.7894736842105265,27.33684210526316,1,5,1,0,0
55,0.8605263157894737,5.0,4.0,5.0,4.684210526315789,27.481578947368423,1,5,1,17,31
56,0.9,5.0,4.0,5.0,4.684210526315789,28.33157894736842,2,6,2,3,4
57,0.7710526315789473,5.0,3.0,5.0,4.421052631578948,26.99473684210526,3,14,3,40,68
58,0.5078947368421053,5.0,2.0,4.2099999999999795,3.210526315789474,24.621052631578948,3,10,3,58,100
59,0.5,5.0,2.0,4.2099999999999795,3.210526315789474,25.61315789473684,1,10,1,3,3
60,0.35526315789473684,5.0,2.0,3.0,2.4210526315789473,25.28421052631579,2,13,2,28,55
61,0.4263157894736842,5.0,2.0,3.0,2.6842105263157894,25.860526315789475,4,15,4,9,11
62,0.3473684210526316,5.0,2.0,3.0,2.4210526315789473,25.721052631578946,4,14,4,23,30
63,0.38421052631578945,5.0,2.0,3.0,2.4210526315789473,26.539473684210527,8,9,4,3,5
64,0.3631578947368421,5.0,2.0,2.0,2.3157894736842106,27.178947368421053,2,10,2,6,8
65,0.29210526315789476,2.0,1.0,2.0,1.8421052631578947,27.24736842105263,5,14,4,17,27
66,0.2789473684210526,2.0,1.0,2.0,1.8421052631578947,28.039473684210527,8,8,5,5,5
67,0.3763157894736842,3.0,1.0,3.0,2.6842105263157894,29.010526315789473,1,6,1,1,1
68,0.45789473684210524,3.0,2.0,3.0,2.8421052631578947,29.70263157894737,4,8,3,7,7
69,0.4263157894736842,3.0,2.0,3.0,2.8421052631578947,30.155263157894737,6,13,5,12,12
70,0.4710526315789474,3.0,2.0,3.0,2.789473684210526,31.110526315789475,5,15,5,1,2
71,0.4605263157894737,3.0,2.0,3.0,2.789473684210526,31.936842105263157,4,11,4,3,4
72,0.4868421052631579,3.0,2.0,3.0,2.789473684210526,32.53947368421053,2,10,2,7,9
73,0.5210526315789473,3.0,2.0,3.0,2.789473684210526,33.27894736842105,1,5,1,3,6
74,0.5394736842105263,3.0,2.0,3.0,2.789473684210526,33.723684210526315,4,14,4,11,12
75,0.49473684210526314,3.0,2.0,3.0,2.789473684210526,33.25,2,12,2,16,17
76,0.40789473684210525,3.0,2.0,3.0,2.789473684210526,32.27105263157895,2,13,2,25,33
77,0.46842105263157896,3.0,2.0,3.0,2.789473684210526,32.223684210526315,2,10,2,15,15
78,0.4394736842105263,3.0,2.0,3.0,2.789473684210526,32.50526315789474,4,13,4,11,11
79,0.4421052631578947,3.0,2.0,3.0,2.789473684210526,31.976315789473684,4,15,4,16,18
80,0.5157894736842106,3.0,2.0,3.0,2.789473684210526,32.52368421052632,1,8,1,9,10
81,0.5236842105263158,3.0,2.0,3.0,2.473684210526316,31.61315789473684,3,14,3,25,35
82,0.5684210526315789,4.0,2.0,4.0,2.9473684210526314,32.5921052631579,7,11,5,2,2
83,0.618421052631579,4.0,2.0,4.0,2.9473684210526314,33.5921052631579,1,5,1,0,0
84,0.5789473684210527,4.0,2.0,4.0,2.9473684210526314,33.83684210526316,2,11,2,11,15
85,0.5236842105263158,4.0,2.0,4.0,2.736842105263158,33.38421052631579,4,15,4,16,21
86,0.4842105263157895,4.0,2.0,4.0,2.6315789473684212,33.21842105263158,6,10,5,12,15
87,0.5052631578947369,4.0,2.0,4.0,2.526315789473684,33.48421052631579,4,12,4,8,11
88,0.37894736842105264,4.0,2.0,2.0,2.1052631578947367,31.431578947368422,4,14,4,32,48
89,0.4605263157894737,4.0,3.0,3.0,3.0526315789473686,31.91578947368421,4,10,4,5,7
90,0.4868421052631579,3.0,2.0500000000000114,3.0,3.0,32.36578947368421,8,9,6,6,9
91,0.4605263157894737,3.0,2.0500000000000114,3.0,3.0,32.84736842105263,2,4,2,6,10
92,0.47368421052631576,3.0,2.0500000000000114,3.0,3.0,33.23947368421052,4,11,4,13,14
93,0.5184210526315789,3.0,3.0,3.0,3.0,34.21052631578947,1,6,1,2,2
94,0.5868421052631579,4.0,3.0500000000000114,4.0,4.0,34.23421052631579,4,14,4,7,12
95,0.5842105263157895,4.0,3.0500000000000114,4.0,4.0,35.12894736842105,8,9,6,1,1
96,0.6342105263157894,4.0,4.0,4.0,4.0,35.50526315789474,6,14,5,9,19
97,0.6026315789473684,4.0,4.0,4.0,4.0,35.66842105263158,3,13,3,6,12
98,0.65,4.0,4.0,4.0,4.0,36.61842105263158,8,7,5,1,1
99,0.6368421052631579,4.0,4.0,4.0,4.0,37.0921052631579,3,16,3,5,5
100,0.49473684210526314,4.0,2.0,4.0,3.0526315789473686,35.555263157894736,4,11,4,21,54
101,0.5131578947368421,4.0,2.0,4.0,2.8421052631578947,35.921052631578945,5,12,4,6,12
102,0.5210526315789473,5.0,2.0,5.0,2.789473684210526,35.26842105263158,4,15,4,20,35
103,0.5052631578947369,5.0,2.0,2.6299999999999386,2.6315789473684212,34.386842105263156,6,13,5,19,25
104,0.45789473684210524,2.0,2.0,2.0,2.0,33.71052631578947,4,12,4,20,37
105,0.4105263157894737,2.0,2.0,2.0,2.0,33.007894736842104,3,11,3,17,18
106,0.3973684210526316,2.0,2.0,2.0,2.0,33.64473684210526,5,15,4,5,5
107,0.4394736842105263,2.0,2.0,2.0,2.0,34.58157894736842,6,11,3,3,3
108,0.4473684210526316,2.0,2.0,2.0,2.0,34.53421052631579,1,6,1,12,16
109,0.4342105263157895,2.0,2.0,2.0,2.0,33.8421052631579,4,13,4,20,24
110,0.4052631578947368,2.0,2.0,2.0,2.0,34.23947368421052,3,12,3,9,11
111,0.37894736842105264,2.0,2.0,2.0,2.0,33.95263157894737,2,12,2,15,29
112,0.35789473684210527,3.0,2.0,3.0,2.526315789473684,33.69210526315789,4,11,4,19,27
113,0.40789473684210525,3.0,2.0,3.0,2.789473684210526,34.69210526315789,0,0,0,0,0
114,0.3815789473684211,3.0,2.0,3.0,2.736842105263158,35.15263157894737,5,13,5,7,10
115,0.39473684210526316,3.0,2.0,3.0,2.736842105263158,35.44210526315789,4,15,4,13,14
116,0.4868421052631579,3.0,2.0,3.0,2.736842105263158,36.01052631578948,5,8,3,3,3
117,0.47368421052631576,3.0,2.0,3.0,2.736842105263158,36.52894736842105,2,10,2,5,5
118,0.48157894736842105,3.0,2.0,3.0,2.6315789473684212,36.91842105263158,2,10,2,8,16
119,0.4868421052631579,3.0,2.0,3.0,2.526315789473684,36.68157894736842,4,13,4,13,17
120,0.4789473684210526,3.0,2.0,3.0,2.526315789473684,37.507894736842104,1,5,1,3,3
121,0.3684210526315789,3.0,1.0,3.0,2.0526315789473686,35.92894736842105,3,16,3,30,42
122,0.4131578947368421,3.0,2.0,3.0,2.3157894736842106,36.794736842105266,4,11,4,2,2
123,0.38421052631578945,3.0,2.0,3.0,2.3157894736842106,37.42631578947368,4,13,4,10,11
124,0.41842105263157897,3.0,2.0,3.0,2.3157894736842106,38.27894736842105,5,11,4,6,6
125,0.43157894736842106,3.0,2.0,2.0,2.1578947368421053,38.626315789473686,6,8,5,8,14
126,0.5473684210526316,2.0,2.0,2.0,2.0,38.98947368421052,1,6,1,7,13
127,0.5289473684210526,2.0,2.0,2.0,2.0,38.71052631578947,5,14,4,7,7
128,0.5131578947368421,2.0,2.0,2.0,2.0,38.73157894736842,4,14,4,5,6
129,0.4421052631578947,2.0,2.0,2.0,2.0,37.473684210526315,4,11,3,23,27
130,0.4236842105263158,2.0,2.0,2.0,2.0,36.46578947368421,2,10,2,23,26
131,0.5868421052631579,3.0,2.0,3.0,2.9473684210526314,36.43421052631579,2,12,2,12,14
132,0.631578947368421,3.0,2.0,3.0,2.789473684210526,35.392105263157895,7,12,6,19,21
133,0.631578947368421,3.0,2.0,3.0,2.6842105263157894,34.88421052631579,3,9,2,17,19
134,0.6289473684210526,3.0,2.0,3.0,2.6315789473684212,35.85263157894737,2,10,2,1,1
135,0.6684210526315789,3.0,2.0,3.0,2.4210526315789473,36.72631578947368,3,12,3,4,4
136,0.7605263157894737,3.0,2.0,3.0,2.3684210526315788,37.64736842105263,4,13,4,3,3
137,0.7736842105263158,3.0,2.0,3.0,2.263157894736842,37.76842105263158,4,14,4,12,14
138,0.781578947368421,3.0,2.0,3.0,2.263157894736842,37.04210526315789,2,12,2,16,16
139,0.781578947368421,3.0,2.0,3.0,2.263157894736842,38.04210526315789,5,9,4,0,0
140,0.9315789473684211,3.0,2.0,3.0,2.263157894736842,39.04210526315789,1,7,1,0,0
141,0.9736842105263158,2.0,2.0,2.0,2.0,37.415789473684214,4,16,3,22,22
142,0.9921052631578947,3.0,2.0,3.0,2.9473684210526314,35.84473684210526,2,12,2,31,31
143,1.0,3.0,2.0,3.0,2.9473684210526314,35.71052631578947,5,10,4,14,16
144,0.9526315789473684,3.0,2.0,3.0,2.9473684210526314,35.03947368421053,1,6,1,14,18
145,0.9736842105263158,3.0,2.0,3.0,2.9473684210526314,34.98421052631579,3,12,3,10,11
146,1.0710526315789475,3.0,2.0,3.0,2.9473684210526314,35.87894736842105,2,8,2,1,1
147,1.0842105263157895,3.0,3.0,3.0,3.0,34.15263157894737,3,15,3,25,33
148,1.1342105263157896,3.0,3.0,3.0,3.0,35.15263157894737,0,0,0,0,0
149,1.1789473684210525,3.0,3.0,3.0,3.0,33.507894736842104,4,15,4,27,40
150,1.081578947368421,3.0,3.0,3.0,3.0,32.06842105263158,1,9,1,22,37
151,1.231578947368421,3.0,3.0,3.0,3.0,33.06842105263158,0,0,0,0,0
152,1.1552631578947368,3.0,3.0,3.0,3.0,32.50526315789474,6,13,4,20,29
153,1.0921052631578947,3.0,3.0,3.0,3.0,31.88421052631579,1,7,1,14,24
154,1.105263157894737,3.0,3.0,3.0,3.0,32.27368421052632,5,13,3,12,14
155,1.1394736842105264,3.0,3.0,3.0,3.0,32.98684210526316,3,10,3,5,6
156,1.0710526315789475,3.0,3.0,3.0,3.0,32.82631578947368,1,7,1,13,26
157,1.1631578947368422,3.0,3.0,3.0,3.0,33.786842105263155,4,7,3,3,3
158,1.1157894736842104,3.0,3.0,3.0,3.0,32.421052631578945,4,13,4,32,37
159,1.0,3.0,3.0,3.0,3.0,30.773684210526316,4,11,4,33,44
160,1.1342105263157896,3.0,3.0,3.0,3.0,30.571052631578947,3,11,3,17,25
161,1.0657894736842106,4.0,3.0,4.0,3.4210526315789473,29.49736842105263,4,12,4,31,45
162,0.9868421052631579,4.0,3.0,4.0,3.3157894736842106,28.121052631578948,5,11,5,32,49
163,0.9157894736842105,4.0,3.0,3.2099999999999795,3.210526315789474,26.897368421052633,4,15,4,30,46
164,0.8736842105263158,4.0,3.0,3.0,3.1578947368421053,26.936842105263157,3,12,3,13,16
165,0.9289473684210526,4.0,3.0,4.0,3.3157894736842106,27.592105263157894,1,7,1,10,17
166,0.9078947368421053,4.0,3.0,3.0,3.1052631578947367,24.810526315789474,3,15,3,56,84
167,0.8605263157894737,3.0,3.0,3.0,3.0,24.028947368421054,3,13,3,22,37
168,0.9,3.0,3.0,3.0,3.0,24.78157894736842,3,9,3,2,4
169,0.9710526315789474,3.0,3.0,3.0,3.0,25.25,8,7,6,7,11
170,0.868421052631579,3.0,3.0,3.0,3.0,24.486842105263158,3,13,3,31,39
171,0.868421052631579,3.0,3.0,3.0,3.0,25.486842105263158,0,0,0,0,0
172,0.7526315789473684,3.0,3.0,3.0,3.0,23.9,4,14,4,46,63
173,0.7052631578947368,3.0,3.0,3.0,3.0,24.36315789473684,2,9,2,16,18
174,0.6710526315789473,3.0,3.0,3.0,3.0,24.92105263157895,5,15,4,13,13
175,0.6973684210526315,3.0,3.0,3.0,3.0,25.431578947368422,1,4,1,3,9
176,0.8,3.0,3.0,3.0,3.0,25.67105263157895,3,10,3,16,18
177,0.7947368421052632,3.0,3.0,3.0,3.0,26.61842105263158,1,5,1,2,2
178,0.8210526315789474,4.0,3.0,4.0,3.6315789473684212,27.128947368421052,1,7,1,3,9
179,0.8315789473684211,4.0,3.0,4.0,3.5789473684210527,26.068421052631578,3,15,3,32,34
180,0.7842105263157895,4.0,3.0,4.0,3.5789473684210527,26.057894736842105,2,9,2,15,18
181,0.7,4.0,3.0,4.0,3.5789473684210527,25.597368421052632,3,14,3,24,32
182,0.6842105263157895,4.0,3.0,4.0,3.5789473684210527,26.402631578947368,3,13,3,5,6
183,0.7763157894736842,4.0,3.0,4.0,3.5789473684210527,27.21842105263158,7,12,7,3,3
184,0.8763157894736842,4.0,3.0,4.0,3.5789473684210527,28.21842105263158,1,4,1,0,0
185,0.7631578947368421,4.0,3.0,4.0,3.473684210526316,27.307894736842105,3,12,3,30,43
186,0.8131578947368421,4.0,3.0,4.0,3.473684210526316,28.307894736842105,0,0,0,0,0
187,0.7368421052631579,4.0,2.0,4.0,3.263157894736842,27.189473684210526,4,16,4,39,48
188,0.5842105263157895,4.0,2.0,3.0,2.473684210526316,25.039473684210527,4,13,3,45,77
189,0.6157894736842106,4.0,2.0,3.0,2.473684210526316,25.760526315789473,3,9,3,7,7
190,0.6026315789473684,3.0,2.0,3.0,2.3684210526315788,25.41842105263158,4,13,4,22,24
191,0.5605263157894737,3.0,2.0,2.0,2.1052631578947367,23.692105263157895,4,11,3,45,54
192,0.6868421052631579,4.0,3.0,3.0,3.0526315789473686,23.457894736842107,4,16,4,26,28
193,0.6526315789473685,4.0,3.0,3.0,3.0526315789473686,23.73421052631579,5,14,5,13,13
194,0.5973684210526315,4.0,3.0,3.0,3.0526315789473686,24.042105263157893,1,5,1,11,21
195,0.6763157894736842,5.0,3.0500000000000114,4.0,4.052631578947368,24.642105263157895,4,15,4,6,8
196,0.7263157894736842,5.0,3.0500000000000114,4.0,4.052631578947368,25.642105263157895,2,9,2,0,0
197,0.6684210526315789,4.0,3.0500000000000114,4.0,4.0,25.592105263157894,4,14,4,20,22
198,0.6684210526315789,4.0,3.0500000000000114,4.0,4.0,25.607894736842105,2,13,2,17,19
199,0.7631578947368421,4.0,3.0500000000000114,4.0,4.0,26.43421052631579,1,5,1,2,2
