checkpoint_episode,checkpoint_label,scenario_id,policy,n_nodes,slots,update_probability,target_tx_ratio,matched_rate_probability,policy_probability,mean_VAoI,actual_tx_ratio,action_prob_mean,action_prob_std,action_prob_min,action_prob_p10,action_prob_p50,action_prob_p90,action_prob_max,action_prob_node_std_mean,action_prob_global_std,action_prob_per_node_mean_std,grid_update_probability,grid_alpha,curvature_center
0,u=0.20_alpha=0.50,v00,nn,100,500,0.2,0.1,0.09998709708452225,0.09998709708452225,7.741268888888891,0.10210000000000001,0.09998709708452225,0.012080073356628418,0.08333492279052734,0.08714346885681203,0.09642429649829865,0.11781778931617737,0.13034924864768982,0.012080073356628418,0.012080073356628418,0.012079884298145771,0.2,0.5,0.4012991820118967
0,u=0.20_alpha=0.50,v00,fixed_random,100,500,0.2,0.1,0.09998709708452225,0.1,8.052971515151514,0.09913999999999999,0.10000000894069672,7.450580596923828e-09,0.10000000149011612,0.10000000149011612,0.10000000149011612,0.10000000149011612,0.10000000149011612,2.9802322387695312e-08,7.450580596923828e-09,1.4901161193847656e-08,0.2,0.5,0.4012991820118967
0,u=0.20_alpha=0.50,v00,matched_random,100,500,0.2,0.1,0.09998709708452225,0.09998709708452225,7.404476161616162,0.1014,0.09998711198568344,1.4901161193847656e-08,0.09998709708452225,0.09998709708452225,0.09998709708452225,0.09998709708452225,0.09998709708452225,0.0,1.4901161193847656e-08,0.0,0.2,0.5,0.4012991820118967
0,u=0.20_alpha=0.50,v01,nn,100,500,0.2,0.1,0.10178108513355255,0.10178108513355255,7.609779191919195,0.10102,0.10178108513355255,0.012503384612500668,0.08333492279052734,0.08723491430282593,0.09994151443243027,0.11867716908454895,0.13034924864768982,0.012503384612500668,0.012503384612500668,0.012503289617598057,0.2,0.5,0.4012991820118967
0,u=0.20_alpha=0.50,v01,fixed_random,100,500,0.2,0.1,0.10178108513355255,0.1,8.045002626262626,0.10002000000000001,0.10000000894069672,7.450580596923828e-09,0.10000000149011612,0.10000000149011612,0.10000000149011612,0.10000000149011612,0.10000000149011612,2.9802322387695312e-08,7.450580596923828e-09,1.4901161193847656e-08,0.2,0.5,0.4012991820118967
0,u=0.20_alpha=0.50,v01,matched_random,100,500,0.2,0.1,0.10178108513355255,0.10178108513355255,7.831027272727275,0.10188000000000001,0.10178111493587494,2.9802322387695312e-08,0.10178108513355255,0.10178108513355255,0.10178108513355255,0.10178108513355255,0.10178108513355255,0.0,2.9802322387695312e-08,0.0,0.2,0.5,0.4012991820118967
0,u=0.20_alpha=0.50,v02,nn,100,500,0.2,0.1,0.099965400993824,0.099965400993824,8.008571515151521,0.10116,0.099965400993824,0.011884944513440132,0.08333492279052734,0.08333492279052734,0.09828028082847595,0.11565476655960083,0.13034924864768982,0.011884942650794983,0.011884944513440132,0.011884815990924835,0.2,0.5,0.4012991820118967
0,u=0.20_alpha=0.50,v02,fixed_random,100,500,0.2,0.1,0.099965400993824,0.1,7.982936363636363,0.10114000000000001,0.10000000894069672,7.450580596923828e-09,0.10000000149011612,0.10000000149011612,0.10000000149011612,0.10000000149011612,0.10000000149011612,2.9802322387695312e-08,7.450580596923828e-09,1.4901161193847656e-08,0.2,0.5,0.4012991820118967
0,u=0.20_alpha=0.50,v02,matched_random,100,500,0.2,0.1,0.099965400993824,0.099965400993824,8.598041010101014,0.09974,0.0999654084444046,7.450580596923828e-09,0.099965400993824,0.099965400993824,0.099965400993824,0.099965400993824,0.099965400993824,7.450580596923828e-09,7.450580596923828e-09,1.4901161193847656e-08,0.2,0.5,0.4012991820118967
0,u=0.20_alpha=0.50,v03,nn,100,500,0.2,0.1,0.10062337666749954,0.10062337666749954,8.431223636363642,0.1018,0.10062337666749954,0.010612620040774345,0.08333492279052734,0.08702018558979152,0.09994149208068848,0.11259132623672485,0.13034924864768982,0.010612620040774345,0.010612620040774345,0.010612448677420616,0.2,0.5,0.4012991820118967
0,u=0.20_alpha=0.50,v03,fixed_random,100,500,0.2,0.1,0.10062337666749954,0.1,9.064156565656551,0.10071999999999999,0.10000000894069672,7.450580596923828e-09,0.10000000149011612,0.10000000149011612,0.10000000149011612,0.10000000149011612,0.10000000149011612,2.9802322387695312e-08,7.450580596923828e-09,1.4901161193847656e-08,0.2,0.5,0.4012991820118967
0,u=0.20_alpha=0.50,v03,matched_random,100,500,0.2,0.1,0.10062337666749954,0.10062337666749954,8.373001010101007,0.10132,0.10062337666749954,0.0,0.10062337666749954,0.10062337666749954,0.10062337666749954,0.10062337666749954,0.10062337666749954,7.450580596923828e-09,0.0,1.4901161193847656e-08,0.2,0.5,0.4012991820118967
0,u=0.20_alpha=0.50,v04,nn,100,500,0.2,0.1,0.09848842024803162,0.09848842024803162,8.277248080808087,0.09762,0.09848842024803162,0.011783864349126816,0.08333492279052734,0.08333492279052734,0.09698280692100525,0.11440609097480572,0.13034924864768982,0.01178386528044939,0.011783864349126816,0.011783584952354431,0.2,0.5,0.4012991820118967
0,u=0.20_alpha=0.50,v04,fixed_random,100,500,0.2,0.1,0.09848842024803162,0.1,8.32633474747475,0.10012,0.10000000894069672,7.450580596923828e-09,0.10000000149011612,0.10000000149011612,0.10000000149011612,0.10000000149011612,0.10000000149011612,2.9802322387695312e-08,7.450580596923828e-09,1.4901161193847656e-08,0.2,0.5,0.4012991820118967
0,u=0.20_alpha=0.50,v04,matched_random,100,500,0.2,0.1,0.09848842024803162,0.09848842024803162,8.695963838383834,0.09827999999999999,0.09848843514919281,1.4901161193847656e-08,0.09848842024803162,0.09848842024803162,0.09848842024803162,0.09848842024803162,0.09848842024803162,2.2351741790771484e-08,1.4901161193847656e-08,7.450580596923828e-09,0.2,0.5,0.4012991820118967
0,u=0.20_alpha=0.50,v05,nn,100,500,0.2,0.1,0.09975031018257141,0.09975031018257141,9.568347676767669,0.09974,0.09975031018257141,0.013193201273679733,0.08333492279052734,0.08333492279052734,0.09807471930980682,0.11620830297469287,0.13034924864768982,0.013193203136324883,0.013193201273679733,0.013192958198487759,0.2,0.5,0.4012991820118967
0,u=0.20_alpha=0.50,v05,fixed_random,100,500,0.2,0.1,0.09975031018257141,0.1,10.416790101010095,0.09936,0.10000000894069672,7.450580596923828e-09,0.10000000149011612,0.10000000149011612,0.10000000149011612,0.10000000149011612,0.10000000149011612,2.9802322387695312e-08,7.450580596923828e-09,1.4901161193847656e-08,0.2,0.5,0.4012991820118967
0,u=0.20_alpha=0.50,v05,matched_random,100,500,0.2,0.1,0.09975031018257141,0.09975031018257141,9.323362020202016,0.10264,0.09975029528141022,1.4901161193847656e-08,0.09975031018257141,0.09975031018257141,0.09975031018257141,0.09975031018257141,0.09975031018257141,0.0,1.4901161193847656e-08,1.4901161193847656e-08,0.2,0.5,0.4012991820118967
0,u=0.20_alpha=0.50,v06,nn,100,500,0.2,0.1,0.0998707190155983,0.0998707190155983,7.90370282828283,0.09736,0.0998707190155983,0.012100908905267715,0.08333492279052734,0.08333492279052734,0.09853014349937439,0.11565476655960083,0.13034924864768982,0.01210090797394514,0.012100908905267715,0.012100712396204472,0.2,0.5,0.4012991820118967
0,u=0.20_alpha=0.50,v06,fixed_random,100,500,0.2,0.1,0.0998707190155983,0.1,7.687189090909086,0.09853999999999999,0.10000000894069672,7.450580596923828e-09,0.10000000149011612,0.10000000149011612,0.10000000149011612,0.10000000149011612,0.10000000149011612,2.9802322387695312e-08,7.450580596923828e-09,1.4901161193847656e-08,0.2,0.5,0.4012991820118967
0,u=0.20_alpha=0.50,v06,matched_random,100,500,0.2,0.1,0.0998707190155983,0.0998707190155983,8.27799212121213,0.1002,0.0998707115650177,7.450580596923828e-09,0.0998707190155983,0.0998707190155983,0.0998707190155983,0.0998707190155983,0.0998707190155983,0.0,7.450580596923828e-09,2.2351741790771484e-08,0.2,0.5,0.4012991820118967
0,u=0.20_alpha=0.50,v07,nn,100,500,0.2,0.1,0.09879357367753983,0.09879357367753983,7.455256161616164,0.09986,0.09879357367753983,0.009954317472875118,0.08333492279052734,0.08551156520843638,0.09803041815757751,0.11161544919013977,0.13034924864768982,0.009954318404197693,0.009954317472875118,0.00995414424687624,0.2,0.5,0.4012991820118967
0,u=0.20_alpha=0.50,v07,fixed_random,100,500,0.2,0.1,0.09879357367753983,0.1,7.722701414141408,0.10006,0.10000000894069672,7.450580596923828e-09,0.10000000149011612,0.10000000149011612,0.10000000149011612,0.10000000149011612,0.10000000149011612,2.9802322387695312e-08,7.450580596923828e-09,1.4901161193847656e-08,0.2,0.5,0.4012991820118967
0,u=0.20_alpha=0.50,v07,matched_random,100,500,0.2,0.1,0.09879357367753983,0.09879357367753983,7.96436343434343,0.09936,0.09879358112812042,7.450580596923828e-09,0.09879357367753983,0.09879357367753983,0.09879357367753983,0.09879357367753983,0.09879357367753983,2.2351741790771484e-08,7.450580596923828e-09,7.450580596923828e-09,0.2,0.5,0.4012991820118967
0,u=0.20_alpha=0.50,v08,nn,100,500,0.2,0.1,0.10119111090898514,0.10119111090898514,7.159300404040406,0.1007,0.10119111090898514,0.013585090637207031,0.08333492279052734,0.0851641356945049,0.09994149208068848,0.13034924864768982,0.13034924864768982,0.013585090637207031,0.013585090637207031,0.01358496118336916,0.2,0.5,0.4012991820118967
0,u=0.20_alpha=0.50,v08,fixed_random,100,500,0.2,0.1,0.10119111090898514,0.1,7.790240606060601,0.10092000000000001,0.10000000894069672,7.450580596923828e-09,0.10000000149011612,0.10000000149011612,0.10000000149011612,0.10000000149011612,0.10000000149011612,2.9802322387695312e-08,7.450580596923828e-09,1.4901161193847656e-08,0.2,0.5,0.4012991820118967
0,u=0.20_alpha=0.50,v08,matched_random,100,500,0.2,0.1,0.10119111090898514,0.10119111090898514,7.800208080808083,0.10188000000000001,0.10119114071130753,2.9802322387695312e-08,0.10119111090898514,0.10119111090898514,0.10119111090898514,0.10119111090898514,0.10119111090898514,2.9802322387695312e-08,2.9802322387695312e-08,1.4901161193847656e-08,0.2,0.5,0.4012991820118967
0,u=0.20_alpha=0.50,v09,nn,100,500,0.2,0.1,0.10075394809246063,0.10075394809246063,8.038537373737377,0.10084,0.10075394809246063,0.012176061980426311,0.08333492279052734,0.08333494961261749,0.09994149208068848,0.12008515000343323,0.13034924864768982,0.01217606384307146,0.012176061980426311,0.012175961397588253,0.2,0.5,0.4012991820118967
0,u=0.20_alpha=0.50,v09,fixed_random,100,500,0.2,0.1,0.10075394809246063,0.1,8.087360202020202,0.10334,0.10000000894069672,7.450580596923828e-09,0.10000000149011612,0.10000000149011612,0.10000000149011612,0.10000000149011612,0.10000000149011612,2.9802322387695312e-08,7.450580596923828e-09,1.4901161193847656e-08,0.2,0.5,0.4012991820118967
0,u=0.20_alpha=0.50,v09,matched_random,100,500,0.2,0.1,0.10075394809246063,0.10075394809246063,9.067258585858584,0.10022,0.10075392574071884,2.2351741790771484e-08,0.10075394809246063,0.10075394809246063,0.10075394809246063,0.10075394809246063,0.10075394809246063,1.4901161193847656e-08,2.2351741790771484e-08,7.450580596923828e-09,0.2,0.5,0.4012991820118967
0,u=0.20_alpha=1.00,v00,nn,100,500,0.2,0.1,0.10123423486948013,0.10123423486948013,7.5446745454545425,0.1027,0.10123423486948013,0.025104723870754242,0.0692334771156311,0.07580133378505795,0.09296615421772003,0.13832250237464905,0.16818803548812866,0.02510472945868969,0.025104723870754242,0.0251047033816576,0.2,1.0,0.4012991820118967
0,u=0.20_alpha=1.00,v00,fixed_random,100,500,0.2,0.1,0.10123423486948013,0.1,8.052971515151514,0.09913999999999999,0.10000000894069672,7.450580596923828e-09,0.10000000149011612,0.10000000149011612,0.10000000149011612,0.10000000149011612,0.10000000149011612,2.9802322387695312e-08,7.450580596923828e-09,1.4901161193847656e-08,0.2,1.0,0.4012991820118967
0,u=0.20_alpha=1.00,v00,matched_random,100,500,0.2,0.1,0.10123423486948013,0.10123423486948013,7.372593333333332,0.10238,0.10123421996831894,1.4901161193847656e-08,0.10123423486948013,0.10123423486948013,0.10123423486948013,0.10123423486948013,0.10123423486948013,7.450580596923828e-09,1.4901161193847656e-08,1.4901161193847656e-08,0.2,1.0,0.4012991820118967
0,u=0.20_alpha=1.00,v01,nn,100,500,0.2,0.1,0.10493046045303345,0.10493046045303345,7.438185656565652,0.10428000000000001,0.10493046045303345,0.02607135660946369,0.0692334771156311,0.07596173882484436,0.09988312050700188,0.14029890298843384,0.16818803548812866,0.02607136219739914,0.02607135660946369,0.02607133239507675,0.2,1.0,0.4012991820118967
0,u=0.20_alpha=1.00,v01,fixed_random,100,500,0.2,0.1,0.10493046045303345,0.1,8.045002626262626,0.10002000000000001,0.10000000894069672,7.450580596923828e-09,0.10000000149011612,0.10000000149011612,0.10000000149011612,0.10000000149011612,0.10000000149011612,2.9802322387695312e-08,7.450580596923828e-09,1.4901161193847656e-08,0.2,1.0,0.4012991820118967
0,u=0.20_alpha=1.00,v01,matched_random,100,500,0.2,0.1,0.10493046045303345,0.10493046045303345,7.794095959595962,0.10506,0.10493044555187225,1.4901161193847656e-08,0.10493046045303345,0.10493046045303345,0.10493046045303345,0.10493046045303345,0.10493046045303345,1.4901161193847656e-08,1.4901161193847656e-08,0.0,0.2,1.0,0.4012991820118967
0,u=0.20_alpha=1.00,v02,nn,100,500,0.2,0.1,0.10116885602474213,0.10116885602474213,7.658136969696961,0.10176,0.10116885602474213,0.024168575182557106,0.0692334771156311,0.0692334771156311,0.09658759832382202,0.13339698314666748,0.16818803548812866,0.024168578907847404,0.024168575182557106,0.024168577045202255,0.2,1.0,0.4012991820118967
0,u=0.20_alpha=1.00,v02,fixed_random,100,500,0.2,0.1,0.10116885602474213,0.1,7.982936363636363,0.10114000000000001,0.10000000894069672,7.450580596923828e-09,0.10000000149011612,0.10000000149011612,0.10000000149011612,0.10000000149011612,0.10000000149011612,2.9802322387695312e-08,7.450580596923828e-09,1.4901161193847656e-08,0.2,1.0,0.4012991820118967
0,u=0.20_alpha=1.00,v02,matched_random,100,500,0.2,0.1,0.10116885602474213,0.10116885602474213,8.559339999999997,0.10092000000000001,0.10116885602474213,0.0,0.10116885602474213,0.10116885602474213,0.10116885602474213,0.10116885602474213,0.10116885602474213,7.450580596923828e-09,0.0,1.4901161193847656e-08,0.2,1.0,0.4012991820118967
0,u=0.20_alpha=1.00,v03,nn,100,500,0.2,0.1,0.10223796963691711,0.10223796963691711,8.227603636363638,0.10288,0.10223796963691711,0.021508287638425827,0.0692334771156311,0.07558762133121695,0.09988310933113098,0.12654513120651245,0.16818803548812866,0.021508287638425827,0.021508287638425827,0.02150815725326538,0.2,1.0,0.4012991820118967
0,u=0.20_alpha=1.00,v03,fixed_random,100,500,0.2,0.1,0.10223796963691711,0.1,9.064156565656551,0.10071999999999999,0.10000000894069672,7.450580596923828e-09,0.10000000149011612,0.10000000149011612,0.10000000149011612,0.10000000149011612,0.10000000149011612,2.9802322387695312e-08,7.450580596923828e-09,1.4901161193847656e-08,0.2,1.0,0.4012991820118967
0,u=0.20_alpha=1.00,v03,matched_random,100,500,0.2,0.1,0.10223796963691711,0.10223796963691711,8.446517171717176,0.10304,0.10223794728517532,2.2351741790771484e-08,0.10223796963691711,0.10223796963691711,0.10223796963691711,0.10223796963691711,0.10223796963691711,2.9802322387695312e-08,2.2351741790771484e-08,0.0,0.2,1.0,0.4012991820118967
0,u=0.20_alpha=1.00,v04,nn,100,500,0.2,0.1,0.0982135608792305,0.0982135608792305,8.090256565656558,0.09772,0.0982135608792305,0.02408939227461815,0.0692334771156311,0.0692334771156311,0.09404721856117249,0.13058779835700535,0.16818803548812866,0.024089394137263298,0.02408939227461815,0.024089349433779716,0.2,1.0,0.4012991820118967
0,u=0.20_alpha=1.00,v04,fixed_random,100,500,0.2,0.1,0.0982135608792305,0.1,8.32633474747475,0.10012,0.10000000894069672,7.450580596923828e-09,0.10000000149011612,0.10000000149011612,0.10000000149011612,0.10000000149011612,0.10000000149011612,2.9802322387695312e-08,7.450580596923828e-09,1.4901161193847656e-08,0.2,1.0,0.4012991820118967
0,u=0.20_alpha=1.00,v04,matched_random,100,500,0.2,0.1,0.0982135608792305,0.0982135608792305,8.712072727272721,0.09804,0.0982135608792305,0.0,0.0982135608792305,0.0982135608792305,0.0982135608792305,0.0982135608792305,0.0982135608792305,1.4901161193847656e-08,0.0,7.450580596923828e-09,0.2,1.0,0.4012991820118967
0,u=0.20_alpha=1.00,v05,nn,100,500,0.2,0.1,0.10100717842578888,0.10100717842578888,8.8396806060606,0.10112,0.10100717842578888,0.02731909044086933,0.0692334771156311,0.0692334771156311,0.09618449211120605,0.13467142879961067,0.16818803548812866,0.027319086715579033,0.02731909044086933,0.027319027110934258,0.2,1.0,0.4012991820118967
0,u=0.20_alpha=1.00,v05,fixed_random,100,500,0.2,0.1,0.10100717842578888,0.1,10.416790101010095,0.09936,0.10000000894069672,7.450580596923828e-09,0.10000000149011612,0.10000000149011612,0.10000000149011612,0.10000000149011612,0.10000000149011612,2.9802322387695312e-08,7.450580596923828e-09,1.4901161193847656e-08,0.2,1.0,0.4012991820118967
0,u=0.20_alpha=1.00,v05,matched_random,100,500,0.2,0.1,0.10100717842578888,0.10100717842578888,9.439391515151524,0.10378,0.10100720822811127,2.9802322387695312e-08,0.10100717842578888,0.10100717842578888,0.10100717842578888,0.10100717842578888,0.10100717842578888,1.4901161193847656e-08,2.9802322387695312e-08,7.450580596923828e-09,0.2,1.0,0.4012991820118967
0,u=0.20_alpha=1.00,v06,nn,100,500,0.2,0.1,0.10101044178009033,0.10101044178009033,7.598010505050513,0.09808,0.10101044178009033,0.025002850219607353,0.0692334771156311,0.0692334771156311,0.09707969427108765,0.13339698314666748,0.16818803548812866,0.025002846494317055,0.025002850219607353,0.025002798065543175,0.2,1.0,0.4012991820118967
0,u=0.20_alpha=1.00,v06,fixed_random,100,500,0.2,0.1,0.10101044178009033,0.1,7.687189090909086,0.09853999999999999,0.10000000894069672,7.450580596923828e-09,0.10000000149011612,0.10000000149011612,0.10000000149011612,0.10000000149011612,0.10000000149011612,2.9802322387695312e-08,7.450580596923828e-09,1.4901161193847656e-08,0.2,1.0,0.4012991820118967
0,u=0.20_alpha=1.00,v06,matched_random,100,500,0.2,0.1,0.10101044178009033,0.10101044178009033,8.269740808080812,0.10125999999999999,0.10101044178009033,0.0,0.10101044178009033,0.10101044178009033,0.10101044178009033,0.10101044178009033,0.10101044178009033,7.450580596923828e-09,0.0,7.450580596923828e-09,0.2,1.0,0.4012991820118967
0,u=0.20_alpha=1.00,v07,nn,100,500,0.2,0.1,0.09847083687782288,0.09847083687782288,7.198756565656561,0.09960000000000001,0.09847083687782288,0.020246505737304688,0.0692334771156311,0.07295729592442739,0.0960955023765564,0.12439370155334473,0.16818803548812866,0.020246507599949837,0.020246505737304688,0.02024652808904648,0.2,1.0,0.4012991820118967
0,u=0.20_alpha=1.00,v07,fixed_random,100,500,0.2,0.1,0.09847083687782288,0.1,7.722701414141408,0.10006,0.10000000894069672,7.450580596923828e-09,0.10000000149011612,0.10000000149011612,0.10000000149011612,0.10000000149011612,0.10000000149011612,2.9802322387695312e-08,7.450580596923828e-09,1.4901161193847656e-08,0.2,1.0,0.4012991820118967
0,u=0.20_alpha=1.00,v07,matched_random,100,500,0.2,0.1,0.09847083687782288,0.09847083687782288,7.972099797979791,0.09912000000000001,0.09847082197666168,1.4901161193847656e-08,0.09847083687782288,0.09847083687782288,0.09847083687782288,0.09847083687782288,0.09847083687782288,1.4901161193847656e-08,1.4901161193847656e-08,2.2351741790771484e-08,0.2,1.0,0.4012991820118967
0,u=0.20_alpha=1.00,v08,nn,100,500,0.2,0.1,0.10396265983581543,0.10396265983581543,6.809812727272729,0.10354,0.10396265983581543,0.028716986998915672,0.0692334771156311,0.0723559707403202,0.09988310933113098,0.16818803548812866,0.16818803548812866,0.028716983273625374,0.028716986998915672,0.02871692180633545,0.2,1.0,0.4012991820118967
0,u=0.20_alpha=1.00,v08,fixed_random,100,500,0.2,0.1,0.10396265983581543,0.1,7.790240606060601,0.10092000000000001,0.10000000894069672,7.450580596923828e-09,0.10000000149011612,0.10000000149011612,0.10000000149011612,0.10000000149011612,0.10000000149011612,2.9802322387695312e-08,7.450580596923828e-09,1.4901161193847656e-08,0.2,1.0,0.4012991820118967
0,u=0.20_alpha=1.00,v08,matched_random,100,500,0.2,0.1,0.10396265983581543,0.10396265983581543,7.5812385858585865,0.10493999999999999,0.10396265983581543,0.0,0.10396265983581543,0.10396265983581543,0.10396265983581543,0.10396265983581543,0.10396265983581543,7.450580596923828e-09,0.0,7.450580596923828e-09,0.2,1.0,0.4012991820118967
0,u=0.20_alpha=1.00,v09,nn,100,500,0.2,0.1,0.10278904438018799,0.10278904438018799,7.73441838383838,0.10316,0.10278904438018799,0.02532249689102173,0.0692334771156311,0.06923348382115364,0.09988310933113098,0.14356088638305664,0.16818803548812866,0.025322498753666878,0.02532249689102173,0.025322487577795982,0.2,1.0,0.4012991820118967
0,u=0.20_alpha=1.00,v09,fixed_random,100,500,0.2,0.1,0.10278904438018799,0.1,8.087360202020202,0.10334,0.10000000894069672,7.450580596923828e-09,0.10000000149011612,0.10000000149011612,0.10000000149011612,0.10000000149011612,0.10000000149011612,2.9802322387695312e-08,7.450580596923828e-09,1.4901161193847656e-08,0.2,1.0,0.4012991820118967
0,u=0.20_alpha=1.00,v09,matched_random,100,500,0.2,0.1,0.10278904438018799,0.10278904438018799,9.00542686868687,0.10224,0.10278904438018799,0.0,0.10278904438018799,0.10278904438018799,0.10278904438018799,0.10278904438018799,0.10278904438018799,7.450580596923828e-09,0.0,1.4901161193847656e-08,0.2,1.0,0.4012991820118967
0,u=0.20_alpha=1.20,v00,nn,100,500,0.2,0.1,0.10209104418754578,0.10209104418754578,7.477371515151514,0.10369999999999999,0.10209104418754578,0.03065306320786476,0.06423693895339966,0.07165611684322457,0.09161512553691864,0.14732885360717773,0.18561121821403503,0.030653061345219612,0.03065306320786476,0.0306529738008976,0.2,1.2,0.4012991820118967
0,u=0.20_alpha=1.20,v00,fixed_random,100,500,0.2,0.1,0.10209104418754578,0.1,8.052971515151514,0.09913999999999999,0.10000000894069672,7.450580596923828e-09,0.10000000149011612,0.10000000149011612,0.10000000149011612,0.10000000149011612,0.10000000149011612,2.9802322387695312e-08,7.450580596923828e-09,1.4901161193847656e-08,0.2,1.2,0.4012991820118967
0,u=0.20_alpha=1.20,v00,matched_random,100,500,0.2,0.1,0.10209104418754578,0.10209104418754578,7.3632769696969715,0.10332000000000001,0.10209106653928757,2.2351741790771484e-08,0.10209104418754578,0.10209104418754578,0.10209104418754578,0.10209104418754578,0.10209104418754578,7.450580596923828e-09,2.2351741790771484e-08,7.450580596923828e-09,0.2,1.2,0.4012991820118967
0,u=0.20_alpha=1.20,v01,nn,100,500,0.2,0.1,0.10658291727304459,0.10658291727304459,7.4662646464646425,0.10596,0.10658291727304459,0.03187592700123787,0.06423693895339966,0.07183858752250671,0.09985975548624992,0.14983108639717102,0.18561121821403503,0.03187593072652817,0.03187592700123787,0.0318758599460125,0.2,1.2,0.4012991820118967
0,u=0.20_alpha=1.20,v01,fixed_random,100,500,0.2,0.1,0.10658291727304459,0.1,8.045002626262626,0.10002000000000001,0.10000000894069672,7.450580596923828e-09,0.10000000149011612,0.10000000149011612,0.10000000149011612,0.10000000149011612,0.10000000149011612,2.9802322387695312e-08,7.450580596923828e-09,1.4901161193847656e-08,0.2,1.2,0.4012991820118967
0,u=0.20_alpha=1.20,v01,matched_random,100,500,0.2,0.1,0.10658291727304459,0.10658291727304459,7.804825656565651,0.10662,0.10658290237188339,1.4901161193847656e-08,0.10658291727304459,0.10658291727304459,0.10658291727304459,0.10658291727304459,0.10658291727304459,7.450580596923828e-09,1.4901161193847656e-08,0.0,0.2,1.2,0.4012991820118967
0,u=0.20_alpha=1.20,v02,nn,100,500,0.2,0.1,0.10199593007564545,0.10199593007564545,7.64530363636364,0.10221999999999999,0.10199593007564545,0.02925332635641098,0.06423693895339966,0.06423693895339966,0.09591794013977051,0.14111542701721191,0.18561121821403503,0.029253331944346428,0.02925332635641098,0.029253356158733368,0.2,1.2,0.4012991820118967
0,u=0.20_alpha=1.20,v02,fixed_random,100,500,0.2,0.1,0.10199593007564545,0.1,7.982936363636363,0.10114000000000001,0.10000000894069672,7.450580596923828e-09,0.10000000149011612,0.10000000149011612,0.10000000149011612,0.10000000149011612,0.10000000149011612,2.9802322387695312e-08,7.450580596923828e-09,1.4901161193847656e-08,0.2,1.2,0.4012991820118967
0,u=0.20_alpha=1.20,v02,matched_random,100,500,0.2,0.1,0.10199593007564545,0.10199593007564545,8.526770707070705,0.1017,0.10199593752622604,7.450580596923828e-09,0.10199593007564545,0.10199593007564545,0.10199593007564545,0.10199593007564545,0.10199593007564545,1.4901161193847656e-08,7.450580596923828e-09,2.2351741790771484e-08,0.2,1.2,0.4012991820118967
0,u=0.20_alpha=1.20,v03,nn,100,500,0.2,0.1,0.10316047817468643,0.10316047817468643,8.300465858585858,0.10371999999999999,0.10316047817468643,0.02600093185901642,0.06423693895339966,0.07141419351101153,0.09985974431037903,0.13252860307693481,0.18561121821403503,0.02600092999637127,0.02600093185901642,0.026000911369919777,0.2,1.2,0.4012991820118967
0,u=0.20_alpha=1.20,v03,fixed_random,100,500,0.2,0.1,0.10316047817468643,0.1,9.064156565656551,0.10071999999999999,0.10000000894069672,7.450580596923828e-09,0.10000000149011612,0.10000000149011612,0.10000000149011612,0.10000000149011612,0.10000000149011612,2.9802322387695312e-08,7.450580596923828e-09,1.4901161193847656e-08,0.2,1.2,0.4012991820118967
0,u=0.20_alpha=1.20,v03,matched_random,100,500,0.2,0.1,0.10316047817468643,0.10316047817468643,8.41128626262626,0.10388,0.10316048562526703,7.450580596923828e-09,0.10316047817468643,0.10316047817468643,0.10316047817468643,0.10316047817468643,0.10316047817468643,2.9802322387695312e-08,7.450580596923828e-09,7.450580596923828e-09,0.2,1.2,0.4012991820118967
0,u=0.20_alpha=1.20,v04,nn,100,500,0.2,0.1,0.09844622015953064,0.09844622015953064,8.059615353535353,0.09795999999999999,0.09844622015953064,0.029234519228339195,0.06423693895339966,0.06423693895339966,0.09289538860321045,0.13758722245692637,0.18561121821403503,0.029234519228339195,0.029234519228339195,0.029234452173113823,0.2,1.2,0.4012991820118967
0,u=0.20_alpha=1.20,v04,fixed_random,100,500,0.2,0.1,0.09844622015953064,0.1,8.32633474747475,0.10012,0.10000000894069672,7.450580596923828e-09,0.10000000149011612,0.10000000149011612,0.10000000149011612,0.10000000149011612,0.10000000149011612,2.9802322387695312e-08,7.450580596923828e-09,1.4901161193847656e-08,0.2,1.2,0.4012991820118967
0,u=0.20_alpha=1.20,v04,matched_random,100,500,0.2,0.1,0.09844622015953064,0.09844622015953064,8.696632929292923,0.09817999999999999,0.09844624251127243,2.2351741790771484e-08,0.09844622015953064,0.09844622015953064,0.09844622015953064,0.09844622015953064,0.09844622015953064,0.0,2.2351741790771484e-08,0.0,0.2,1.2,0.4012991820118967
0,u=0.20_alpha=1.20,v05,nn,100,500,0.2,0.1,0.10193390399217606,0.10193390399217606,8.36502585858585,0.10196,0.10193390399217606,0.033325161784887314,0.06423693895339966,0.06423693895339966,0.09543801844120026,0.14272954463956392,0.18561121821403503,0.03332516551017761,0.033325161784887314,0.03332500159740448,0.2,1.2,0.4012991820118967
0,u=0.20_alpha=1.20,v05,fixed_random,100,500,0.2,0.1,0.10193390399217606,0.1,10.416790101010095,0.09936,0.10000000894069672,7.450580596923828e-09,0.10000000149011612,0.10000000149011612,0.10000000149011612,0.10000000149011612,0.10000000149011612,2.9802322387695312e-08,7.450580596923828e-09,1.4901161193847656e-08,0.2,1.2,0.4012991820118967
0,u=0.20_alpha=1.20,v05,matched_random,100,500,0.2,0.1,0.10193390399217606,0.10193390399217606,9.423468484848485,0.1048,0.10193393379449844,2.9802322387695312e-08,0.10193390399217606,0.10193390399217606,0.10193390399217606,0.10193390399217606,0.10193390399217606,7.450580596923828e-09,2.9802322387695312e-08,7.450580596923828e-09,0.2,1.2,0.4012991820118967
0,u=0.20_alpha=1.20,v06,nn,100,500,0.2,0.1,0.10182325541973114,0.10182325541973114,7.546238787878784,0.09898,0.10182325541973114,0.030473656952381134,0.06423693895339966,0.06423693895339966,0.09650474786758423,0.14111542701721191,0.18561121821403503,0.030473651364445686,0.030473656952381134,0.030473513528704643,0.2,1.2,0.4012991820118967
0,u=0.20_alpha=1.20,v06,fixed_random,100,500,0.2,0.1,0.10182325541973114,0.1,7.687189090909086,0.09853999999999999,0.10000000894069672,7.450580596923828e-09,0.10000000149011612,0.10000000149011612,0.10000000149011612,0.10000000149011612,0.10000000149011612,2.9802322387695312e-08,7.450580596923828e-09,1.4901161193847656e-08,0.2,1.2,0.4012991820118967
0,u=0.20_alpha=1.20,v06,matched_random,100,500,0.2,0.1,0.10182325541973114,0.10182325541973114,8.241993333333332,0.10212,0.10182323306798935,2.2351741790771484e-08,0.10182325541973114,0.10182325541973114,0.10182325541973114,0.10182325541973114,0.10182325541973114,2.2351741790771484e-08,2.2351741790771484e-08,7.450580596923828e-09,0.2,1.2,0.4012991820118967
0,u=0.20_alpha=1.20,v07,nn,100,500,0.2,0.1,0.09858624637126923,0.09858624637126923,7.122137979797987,0.09945999999999999,0.09858624637126923,0.02452021837234497,0.06423693895339966,0.06842944771051661,0.09533113241195679,0.12984693050384521,0.18561121821403503,0.02452021837234497,0.02452021837234497,0.024520190432667732,0.2,1.2,0.4012991820118967
0,u=0.20_alpha=1.20,v07,fixed_random,100,500,0.2,0.1,0.09858624637126923,0.1,7.722701414141408,0.10006,0.10000000894069672,7.450580596923828e-09,0.10000000149011612,0.10000000149011612,0.10000000149011612,0.10000000149011612,0.10000000149011612,2.9802322387695312e-08,7.450580596923828e-09,1.4901161193847656e-08,0.2,1.2,0.4012991820118967
0,u=0.20_alpha=1.20,v07,matched_random,100,500,0.2,0.1,0.09858624637126923,0.09858624637126923,7.966384848484845,0.0992,0.09858623892068863,7.450580596923828e-09,0.09858624637126923,0.09858624637126923,0.09858624637126923,0.09858624637126923,0.09858624637126923,0.0,7.450580596923828e-09,1.4901161193847656e-08,0.2,1.2,0.4012991820118967
0,u=0.20_alpha=1.20,v08,nn,100,500,0.2,0.1,0.1055276095867157,0.1055276095867157,6.724331313131309,0.10552,0.1055276095867157,0.03529958799481392,0.06423693895339966,0.06774926483631347,0.09985974431037903,0.18561121821403503,0.18561121821403503,0.03529959172010422,0.03529958799481392,0.035299383103847504,0.2,1.2,0.4012991820118967
0,u=0.20_alpha=1.20,v08,fixed_random,100,500,0.2,0.1,0.1055276095867157,0.1,7.790240606060601,0.10092000000000001,0.10000000894069672,7.450580596923828e-09,0.10000000149011612,0.10000000149011612,0.10000000149011612,0.10000000149011612,0.10000000149011612,2.9802322387695312e-08,7.450580596923828e-09,1.4901161193847656e-08,0.2,1.2,0.4012991820118967
0,u=0.20_alpha=1.20,v08,matched_random,100,500,0.2,0.1,0.1055276095867157,0.1055276095867157,7.3035870707070645,0.10666,0.10552762448787689,1.4901161193847656e-08,0.1055276095867157,0.1055276095867157,0.1055276095867157,0.1055276095867157,0.1055276095867157,2.9802322387695312e-08,1.4901161193847656e-08,1.4901161193847656e-08,0.2,1.2,0.4012991820118967
0,u=0.20_alpha=1.20,v09,nn,100,500,0.2,0.1,0.10396716743707657,0.10396716743707657,7.681256969696962,0.10433999999999999,0.10396716743707657,0.030940454453229904,0.06423693895339966,0.06423695236444474,0.09985974431037903,0.15397176146507263,0.18561121821403503,0.030940452590584755,0.030940454453229904,0.030940337106585503,0.2,1.2,0.4012991820118967
0,u=0.20_alpha=1.20,v09,fixed_random,100,500,0.2,0.1,0.10396716743707657,0.1,8.087360202020202,0.10334,0.10000000894069672,7.450580596923828e-09,0.10000000149011612,0.10000000149011612,0.10000000149011612,0.10000000149011612,0.10000000149011612,2.9802322387695312e-08,7.450580596923828e-09,1.4901161193847656e-08,0.2,1.2,0.4012991820118967
0,u=0.20_alpha=1.20,v09,matched_random,100,500,0.2,0.1,0.10396716743707657,0.10396716743707657,8.867993535353527,0.10339999999999999,0.10396717488765717,7.450580596923828e-09,0.10396716743707657,0.10396716743707657,0.10396716743707657,0.10396716743707657,0.10396716743707657,7.450580596923828e-09,7.450580596923828e-09,0.0,0.2,1.2,0.4012991820118967
0,u=0.20_alpha=1.50,v00,nn,100,500,0.2,0.1,0.10376089811325073,0.10376089811325073,7.502447474747469,0.10522000000000001,0.10376089811325073,0.03939266875386238,0.05736881494522095,0.06582962870597954,0.08962252736091614,0.1617414951324463,0.21430417895317078,0.03939266875386238,0.03939266875386238,0.039392609149217606,0.2,1.5,0.4012991820118967
0,u=0.20_alpha=1.50,v00,fixed_random,100,500,0.2,0.1,0.10376089811325073,0.1,8.052971515151514,0.09913999999999999,0.10000000894069672,7.450580596923828e-09,0.10000000149011612,0.10000000149011612,0.10000000149011612,0.10000000149011612,0.10000000149011612,2.9802322387695312e-08,7.450580596923828e-09,1.4901161193847656e-08,0.2,1.5,0.4012991820118967
0,u=0.20_alpha=1.50,v00,matched_random,100,500,0.2,0.1,0.10376089811325073,0.10376089811325073,7.383950909090901,0.10474,0.10376090556383133,7.450580596923828e-09,0.10376089811325073,0.10376089811325073,0.10376089811325073,0.10376089811325073,0.10376089811325073,7.450580596923828e-09,7.450580596923828e-09,1.4901161193847656e-08,0.2,1.5,0.4012991820118967
0,u=0.20_alpha=1.50,v01,nn,100,500,0.2,0.1,0.10948662459850311,0.10948662459850311,7.585737979797983,0.109,0.10948662459850311,0.041045181453228,0.05736881494522095,0.06603994965553284,0.09982473030686378,0.16512185335159302,0.21430417895317078,0.041045185178518295,0.041045181453228,0.04104513302445412,0.2,1.5,0.4012991820118967
0,u=0.20_alpha=1.50,v01,fixed_random,100,500,0.2,0.1,0.10948662459850311,0.1,8.045002626262626,0.10002000000000001,0.10000000894069672,7.450580596923828e-09,0.10000000149011612,0.10000000149011612,0.10000000149011612,0.10000000149011612,0.10000000149011612,2.9802322387695312e-08,7.450580596923828e-09,1.4901161193847656e-08,0.2,1.5,0.4012991820118967
0,u=0.20_alpha=1.50,v01,matched_random,100,500,0.2,0.1,0.10948662459850311,0.10948662459850311,7.822457171717175,0.10992,0.10948660224676132,2.2351741790771484e-08,0.10948662459850311,0.10948662459850311,0.10948662459850311,0.10948662459850311,0.10948662459850311,7.450580596923828e-09,2.2351741790771484e-08,7.450580596923828e-09,0.2,1.5,0.4012991820118967
0,u=0.20_alpha=1.50,v02,nn,100,500,0.2,0.1,0.10360441356897354,0.10360441356897354,7.673928484848484,0.10407999999999999,0.10360441356897354,0.037111300975084305,0.05736881494522095,0.05736881494522095,0.09492148458957672,0.15338897705078125,0.21430417895317078,0.0371113047003746,0.037111300975084305,0.03711127117276192,0.2,1.5,0.4012991820118967
0,u=0.20_alpha=1.50,v02,fixed_random,100,500,0.2,0.1,0.10360441356897354,0.1,7.982936363636363,0.10114000000000001,0.10000000894069672,7.450580596923828e-09,0.10000000149011612,0.10000000149011612,0.10000000149011612,0.10000000149011612,0.10000000149011612,2.9802322387695312e-08,7.450580596923828e-09,1.4901161193847656e-08,0.2,1.5,0.4012991820118967
0,u=0.20_alpha=1.50,v02,matched_random,100,500,0.2,0.1,0.10360441356897354,0.10360441356897354,8.434270707070711,0.10302,0.10360442101955414,7.450580596923828e-09,0.10360441356897354,0.10360441356897354,0.10360441356897354,0.10360441356897354,0.10360441356897354,7.450580596923828e-09,7.450580596923828e-09,7.450580596923828e-09,0.2,1.5,0.4012991820118967
0,u=0.20_alpha=1.50,v03,nn,100,500,0.2,0.1,0.10483863949775696,0.10483863949775696,8.11337454545454,0.10558,0.10483863949775696,0.03292786329984665,0.05736881494522095,0.06555287241935996,0.09982472658157349,0.14195170998573303,0.21430417895317078,0.03292786329984665,0.03292786329984665,0.03292781114578247,0.2,1.5,0.4012991820118967
0,u=0.20_alpha=1.50,v03,fixed_random,100,500,0.2,0.1,0.10483863949775696,0.1,9.064156565656551,0.10071999999999999,0.10000000894069672,7.450580596923828e-09,0.10000000149011612,0.10000000149011612,0.10000000149011612,0.10000000149011612,0.10000000149011612,2.9802322387695312e-08,7.450580596923828e-09,1.4901161193847656e-08,0.2,1.5,0.4012991820118967
0,u=0.20_alpha=1.50,v03,matched_random,100,500,0.2,0.1,0.10483863949775696,0.10483863949775696,8.511492525252521,0.1057,0.10483862459659576,1.4901161193847656e-08,0.10483863949775696,0.10483863949775696,0.10483863949775696,0.10483863949775696,0.10483863949775696,2.9802322387695312e-08,1.4901161193847656e-08,7.450580596923828e-09,0.2,1.5,0.4012991820118967
0,u=0.20_alpha=1.50,v04,nn,100,500,0.2,0.1,0.09915658086538315,0.09915658086538315,8.042034949494951,0.09868,0.09915658086538315,0.037249691784381866,0.05736881494522095,0.05736881494522095,0.09119141101837158,0.1486752092838211,0.21430417895317078,0.03724968433380127,0.037249691784381866,0.037249643355607986,0.2,1.5,0.4012991820118967
0,u=0.20_alpha=1.50,v04,fixed_random,100,500,0.2,0.1,0.09915658086538315,0.1,8.32633474747475,0.10012,0.10000000894069672,7.450580596923828e-09,0.10000000149011612,0.10000000149011612,0.10000000149011612,0.10000000149011612,0.10000000149011612,2.9802322387695312e-08,7.450580596923828e-09,1.4901161193847656e-08,0.2,1.5,0.4012991820118967
0,u=0.20_alpha=1.50,v04,matched_random,100,500,0.2,0.1,0.09915658086538315,0.09915658086538315,8.776483030303027,0.09894,0.09915658831596375,7.450580596923828e-09,0.09915658086538315,0.09915658086538315,0.09915658086538315,0.09915658086538315,0.09915658086538315,7.450580596923828e-09,7.450580596923828e-09,7.450580596923828e-09,0.2,1.5,0.4012991820118967
0,u=0.20_alpha=1.50,v05,nn,100,500,0.2,0.1,0.10377573221921921,0.10377573221921921,8.300634343434346,0.10362,0.10377573221921921,0.0427846796810627,0.05736881494522095,0.05736881494522095,0.09432868659496307,0.15557065010067625,0.21430417895317078,0.042784683406353,0.0427846796810627,0.042784612625837326,0.2,1.5,0.4012991820118967
0,u=0.20_alpha=1.50,v05,fixed_random,100,500,0.2,0.1,0.10377573221921921,0.1,10.416790101010095,0.09936,0.10000000894069672,7.450580596923828e-09,0.10000000149011612,0.10000000149011612,0.10000000149011612,0.10000000149011612,0.10000000149011612,2.9802322387695312e-08,7.450580596923828e-09,1.4901161193847656e-08,0.2,1.5,0.4012991820118967
0,u=0.20_alpha=1.50,v05,matched_random,100,500,0.2,0.1,0.10377573221921921,0.10377573221921921,9.318315555555555,0.10646000000000001,0.10377573221921921,0.0,0.10377573221921921,0.10377573221921921,0.10377573221921921,0.10377573221921921,0.10377573221921921,7.450580596923828e-09,0.0,7.450580596923828e-09,0.2,1.5,0.4012991820118967
0,u=0.20_alpha=1.50,v06,nn,100,500,0.2,0.1,0.10342272371053696,0.10342272371053696,7.29929353535354,0.1005,0.10342272371053696,0.039075423032045364,0.05736881494522095,0.05736881494522095,0.09564819931983948,0.15338897705078125,0.21430417895317078,0.039075423032045364,0.039075423032045364,0.03907524421811104,0.2,1.5,0.4012991820118967
0,u=0.20_alpha=1.50,v06,fixed_random,100,500,0.2,0.1,0.10342272371053696,0.1,7.687189090909086,0.09853999999999999,0.10000000894069672,7.450580596923828e-09,0.10000000149011612,0.10000000149011612,0.10000000149011612,0.10000000149011612,0.10000000149011612,2.9802322387695312e-08,7.450580596923828e-09,1.4901161193847656e-08,0.2,1.5,0.4012991820118967
0,u=0.20_alpha=1.50,v06,matched_random,100,500,0.2,0.1,0.10342272371053696,0.10342272371053696,8.406068080808078,0.10364000000000001,0.10342274606227875,2.2351741790771484e-08,0.10342272371053696,0.10342272371053696,0.10342272371053696,0.10342272371053696,0.10342272371053696,1.4901161193847656e-08,2.2351741790771484e-08,0.0,0.2,1.5,0.4012991820118967
0,u=0.20_alpha=1.50,v07,nn,100,500,0.2,0.1,0.099017433822155,0.099017433822155,7.241729696969694,0.09966,0.099017433822155,0.031147539615631104,0.05736881494522095,0.06212552934885314,0.09419476985931396,0.1384068727493286,0.21430417895317078,0.031147537752985954,0.031147539615631104,0.03114747442305088,0.2,1.5,0.4012991820118967
0,u=0.20_alpha=1.50,v07,fixed_random,100,500,0.2,0.1,0.099017433822155,0.1,7.722701414141408,0.10006,0.10000000894069672,7.450580596923828e-09,0.10000000149011612,0.10000000149011612,0.10000000149011612,0.10000000149011612,0.10000000149011612,2.9802322387695312e-08,7.450580596923828e-09,1.4901161193847656e-08,0.2,1.5,0.4012991820118967
0,u=0.20_alpha=1.50,v07,matched_random,100,500,0.2,0.1,0.099017433822155,0.099017433822155,7.9379010101010135,0.09960000000000001,0.0990174189209938,1.4901161193847656e-08,0.099017433822155,0.099017433822155,0.099017433822155,0.099017433822155,0.099017433822155,1.4901161193847656e-08,1.4901161193847656e-08,1.4901161193847656e-08,0.2,1.5,0.4012991820118967
0,u=0.20_alpha=1.50,v08,nn,100,500,0.2,0.1,0.10836923867464066,0.10836923867464066,6.653531111111115,0.10833999999999999,0.10836923867464066,0.04580746591091156,0.05736881494522095,0.06134816706180814,0.09982472658157349,0.21430417895317078,0.21430417895317078,0.04580747336149216,0.04580746591091156,0.04580727592110634,0.2,1.5,0.4012991820118967
0,u=0.20_alpha=1.50,v08,fixed_random,100,500,0.2,0.1,0.10836923867464066,0.1,7.790240606060601,0.10092000000000001,0.10000000894069672,7.450580596923828e-09,0.10000000149011612,0.10000000149011612,0.10000000149011612,0.10000000149011612,0.10000000149011612,2.9802322387695312e-08,7.450580596923828e-09,1.4901161193847656e-08,0.2,1.5,0.4012991820118967
0,u=0.20_alpha=1.50,v08,matched_random,100,500,0.2,0.1,0.10836923867464066,0.10836923867464066,7.225801818181819,0.10949999999999999,0.10836923867464066,0.0,0.10836923867464066,0.10836923867464066,0.10836923867464066,0.10836923867464066,0.10836923867464066,1.4901161193847656e-08,0.0,7.450580596923828e-09,0.2,1.5,0.4012991820118967
0,u=0.20_alpha=1.50,v09,nn,100,500,0.2,0.1,0.10612508654594421,0.10612508654594421,7.564369090909093,0.10662,0.10612508654594421,0.039816610515117645,0.05736881494522095,0.057368855178356166,0.09982472658157349,0.17073550820350647,0.21430417895317078,0.03981660678982735,0.039816610515117645,0.03981654345989227,0.2,1.5,0.4012991820118967
0,u=0.20_alpha=1.50,v09,fixed_random,100,500,0.2,0.1,0.10612508654594421,0.1,8.087360202020202,0.10334,0.10000000894069672,7.450580596923828e-09,0.10000000149011612,0.10000000149011612,0.10000000149011612,0.10000000149011612,0.10000000149011612,2.9802322387695312e-08,7.450580596923828e-09,1.4901161193847656e-08,0.2,1.5,0.4012991820118967
0,u=0.20_alpha=1.50,v09,matched_random,100,500,0.2,0.1,0.10612508654594421,0.10612508654594421,8.648320000000004,0.1057,0.106125108897686,2.2351741790771484e-08,0.10612508654594421,0.10612508654594421,0.10612508654594421,0.10612508654594421,0.10612508654594421,7.450580596923828e-09,2.2351741790771484e-08,1.4901161193847656e-08,0.2,1.5,0.4012991820118967
0,u=0.20_alpha=1.80,v00,nn,100,500,0.2,0.1,0.10588885843753815,0.10588885843753815,7.4165676767676825,0.10773999999999999,0.10588885843753815,0.04866966977715492,0.0511949360370636,0.06044632792472966,0.08767011761665344,0.17727094888687134,0.2460923194885254,0.04866967350244522,0.04866966977715492,0.04866980016231537,0.2,1.8,0.4012991820118967
0,u=0.20_alpha=1.80,v00,fixed_random,100,500,0.2,0.1,0.10588885843753815,0.1,8.052971515151514,0.09913999999999999,0.10000000894069672,7.450580596923828e-09,0.10000000149011612,0.10000000149011612,0.10000000149011612,0.10000000149011612,0.10000000149011612,2.9802322387695312e-08,7.450580596923828e-09,1.4901161193847656e-08,0.2,1.8,0.4012991820118967
0,u=0.20_alpha=1.80,v00,matched_random,100,500,0.2,0.1,0.10588885843753815,0.10588885843753815,7.388410707070702,0.10647999999999999,0.10588885843753815,0.0,0.10588885843753815,0.10588885843753815,0.10588885843753815,0.10588885843753815,0.10588885843753815,1.4901161193847656e-08,0.0,7.450580596923828e-09,0.2,1.8,0.4012991820118967
0,u=0.20_alpha=1.80,v01,nn,100,500,0.2,0.1,0.11289903521537781,0.11289903521537781,7.8130147474747496,0.11246,0.11289903521537781,0.05080841854214668,0.0511949360370636,0.06067880988121033,0.09978973865509033,0.18163976073265076,0.2460923194885254,0.05080842599272728,0.05080841854214668,0.0508086159825325,0.2,1.8,0.4012991820118967
0,u=0.20_alpha=1.80,v01,fixed_random,100,500,0.2,0.1,0.11289903521537781,0.1,8.045002626262626,0.10002000000000001,0.10000000894069672,7.450580596923828e-09,0.10000000149011612,0.10000000149011612,0.10000000149011612,0.10000000149011612,0.10000000149011612,2.9802322387695312e-08,7.450580596923828e-09,1.4901161193847656e-08,0.2,1.8,0.4012991820118967
0,u=0.20_alpha=1.80,v01,matched_random,100,500,0.2,0.1,0.11289903521537781,0.11289903521537781,7.7309004040403995,0.11342,0.112899050116539,1.4901161193847656e-08,0.11289903521537781,0.11289903521537781,0.11289903521537781,0.11289903521537781,0.11289903521537781,7.450580596923828e-09,1.4901161193847656e-08,1.4901161193847656e-08,0.2,1.8,0.4012991820118967
0,u=0.20_alpha=1.80,v02,nn,100,500,0.2,0.1,0.105649933218956,0.105649933218956,7.73927191919192,0.1059,0.105649933218956,0.04528357833623886,0.0511949360370636,0.0511949360370636,0.09393449127674103,0.1665230691432953,0.2460923194885254,0.04528357833623886,0.04528357833623886,0.0452837198972702,0.2,1.8,0.4012991820118967
0,u=0.20_alpha=1.80,v02,fixed_random,100,500,0.2,0.1,0.105649933218956,0.1,7.982936363636363,0.10114000000000001,0.10000000894069672,7.450580596923828e-09,0.10000000149011612,0.10000000149011612,0.10000000149011612,0.10000000149011612,0.10000000149011612,2.9802322387695312e-08,7.450580596923828e-09,1.4901161193847656e-08,0.2,1.8,0.4012991820118967
0,u=0.20_alpha=1.80,v02,matched_random,100,500,0.2,0.1,0.105649933218956,0.105649933218956,8.362440606060602,0.10484,0.10564994066953659,7.450580596923828e-09,0.105649933218956,0.105649933218956,0.105649933218956,0.105649933218956,0.105649933218956,7.450580596923828e-09,7.450580596923828e-09,7.450580596923828e-09,0.2,1.8,0.4012991820118967
0,u=0.20_alpha=1.80,v03,nn,100,500,0.2,0.1,0.10686641931533813,0.10686641931533813,7.805338787878788,0.10788,0.10686641931533813,0.04011489823460579,0.0511949360370636,0.0601427495479613,0.09978973865509033,0.15192744135856628,0.2460923194885254,0.04011489823460579,0.04011489823460579,0.04011492058634758,0.2,1.8,0.4012991820118967
0,u=0.20_alpha=1.80,v03,fixed_random,100,500,0.2,0.1,0.10686641931533813,0.1,9.064156565656551,0.10071999999999999,0.10000000894069672,7.450580596923828e-09,0.10000000149011612,0.10000000149011612,0.10000000149011612,0.10000000149011612,0.10000000149011612,2.9802322387695312e-08,7.450580596923828e-09,1.4901161193847656e-08,0.2,1.8,0.4012991820118967
0,u=0.20_alpha=1.80,v03,matched_random,100,500,0.2,0.1,0.10686641931533813,0.10686641931533813,8.488180808080813,0.10794000000000001,0.10686640441417694,1.4901161193847656e-08,0.10686641931533813,0.10686641931533813,0.10686641931533813,0.10686641931533813,0.10686641931533813,1.4901161193847656e-08,1.4901161193847656e-08,7.450580596923828e-09,0.2,1.8,0.4012991820118967
0,u=0.20_alpha=1.80,v04,nn,100,500,0.2,0.1,0.10029219835996628,0.10029219835996628,7.926268080808075,0.09994,0.10029219835996628,0.04566444456577301,0.051194921135902405,0.0511949360370636,0.08951565623283386,0.16049086153506256,0.2460923194885254,0.04566444084048271,0.04566444456577301,0.04566458985209465,0.2,1.8,0.4012991820118967
0,u=0.20_alpha=1.80,v04,fixed_random,100,500,0.2,0.1,0.10029219835996628,0.1,8.32633474747475,0.10012,0.10000000894069672,7.450580596923828e-09,0.10000000149011612,0.10000000149011612,0.10000000149011612,0.10000000149011612,0.10000000149011612,2.9802322387695312e-08,7.450580596923828e-09,1.4901161193847656e-08,0.2,1.8,0.4012991820118967
0,u=0.20_alpha=1.80,v04,matched_random,100,500,0.2,0.1,0.10029219835996628,0.10029219835996628,8.715955555555563,0.10022,0.10029219835996628,0.0,0.10029219835996628,0.10029219835996628,0.10029219835996628,0.10029219835996628,0.10029219835996628,0.0,0.0,0.0,0.2,1.8,0.4012991820118967
0,u=0.20_alpha=1.80,v05,nn,100,500,0.2,0.1,0.10615172237157822,0.10615172237157822,8.31346565656565,0.10658,0.10615172237157822,0.05283145606517792,0.0511949360370636,0.0511949360370636,0.09323154389858246,0.16934376955028244,0.2460923194885254,0.05283146724104881,0.05283145606517792,0.05283166095614433,0.2,1.8,0.4012991820118967
0,u=0.20_alpha=1.80,v05,fixed_random,100,500,0.2,0.1,0.10615172237157822,0.1,10.416790101010095,0.09936,0.10000000894069672,7.450580596923828e-09,0.10000000149011612,0.10000000149011612,0.10000000149011612,0.10000000149011612,0.10000000149011612,2.9802322387695312e-08,7.450580596923828e-09,1.4901161193847656e-08,0.2,1.8,0.4012991820118967
0,u=0.20_alpha=1.80,v05,matched_random,100,500,0.2,0.1,0.10615172237157822,0.10615172237157822,9.2996397979798,0.10901999999999999,0.10615170747041702,1.4901161193847656e-08,0.10615172237157822,0.10615172237157822,0.10615172237157822,0.10615172237157822,0.10615172237157822,1.4901161193847656e-08,1.4901161193847656e-08,7.450580596923828e-09,0.2,1.8,0.4012991820118967
0,u=0.20_alpha=1.80,v06,nn,100,500,0.2,0.1,0.1054718866944313,0.1054718866944313,7.2766208080808035,0.10221999999999999,0.1054718866944313,0.0481950119137764,0.051194921135902405,0.0511949360370636,0.09479838609695435,0.1665230691432953,0.2460923194885254,0.0481950081884861,0.0481950119137764,0.04819519817829132,0.2,1.8,0.4012991820118967
0,u=0.20_alpha=1.80,v06,fixed_random,100,500,0.2,0.1,0.1054718866944313,0.1,7.687189090909086,0.09853999999999999,0.10000000894069672,7.450580596923828e-09,0.10000000149011612,0.10000000149011612,0.10000000149011612,0.10000000149011612,0.10000000149011612,2.9802322387695312e-08,7.450580596923828e-09,1.4901161193847656e-08,0.2,1.8,0.4012991820118967
0,u=0.20_alpha=1.80,v06,matched_random,100,500,0.2,0.1,0.1054718866944313,0.1054718866944313,8.48075090909091,0.10546,0.10547186434268951,2.2351741790771484e-08,0.1054718866944313,0.1054718866944313,0.1054718866944313,0.1054718866944313,0.1054718866944313,7.450580596923828e-09,2.2351741790771484e-08,7.450580596923828e-09,0.2,1.8,0.4012991820118967
0,u=0.20_alpha=1.80,v07,nn,100,500,0.2,0.1,0.09975287318229675,0.09975287318229675,7.199006666666665,0.10007999999999999,0.09975287318229675,0.03807228058576584,0.051194921135902405,0.05636875629425363,0.09307059645652771,0.14743560552597046,0.2460923194885254,0.03807228431105614,0.03807228058576584,0.03807235136628151,0.2,1.8,0.4012991820118967
0,u=0.20_alpha=1.80,v07,fixed_random,100,500,0.2,0.1,0.09975287318229675,0.1,7.722701414141408,0.10006,0.10000000894069672,7.450580596923828e-09,0.10000000149011612,0.10000000149011612,0.10000000149011612,0.10000000149011612,0.10000000149011612,2.9802322387695312e-08,7.450580596923828e-09,1.4901161193847656e-08,0.2,1.8,0.4012991820118967
0,u=0.20_alpha=1.80,v07,matched_random,100,500,0.2,0.1,0.09975287318229675,0.09975287318229675,7.933530101010102,0.10007999999999999,0.09975288808345795,1.4901161193847656e-08,0.09975287318229675,0.09975287318229675,0.09975287318229675,0.09975287318229675,0.09975287318229675,7.450580596923828e-09,1.4901161193847656e-08,1.4901161193847656e-08,0.2,1.8,0.4012991820118967
0,u=0.20_alpha=1.80,v08,nn,100,500,0.2,0.1,0.11180023103952408,0.11180023103952408,6.642156767676771,0.11198000000000001,0.11180023103952408,0.05711471289396286,0.0511949360370636,0.05551702082157397,0.09978973865509033,0.2460923194885254,0.2460923194885254,0.05711471661925316,0.05711471289396286,0.05711496248841286,0.2,1.8,0.4012991820118967
0,u=0.20_alpha=1.80,v08,fixed_random,100,500,0.2,0.1,0.11180023103952408,0.1,7.790240606060601,0.10092000000000001,0.10000000894069672,7.450580596923828e-09,0.10000000149011612,0.10000000149011612,0.10000000149011612,0.10000000149011612,0.10000000149011612,2.9802322387695312e-08,7.450580596923828e-09,1.4901161193847656e-08,0.2,1.8,0.4012991820118967
0,u=0.20_alpha=1.80,v08,matched_random,100,500,0.2,0.1,0.11180023103952408,0.11180023103952408,7.14209292929293,0.1127,0.11180021613836288,1.4901161193847656e-08,0.11180023103952408,0.11180023103952408,0.11180023103952408,0.11180023103952408,0.11180023103952408,7.450580596923828e-09,1.4901161193847656e-08,1.4901161193847656e-08,0.2,1.8,0.4012991820118967
0,u=0.20_alpha=1.80,v09,nn,100,500,0.2,0.1,0.1087474524974823,0.1087474524974823,7.535019393939396,0.10962,0.1087474524974823,0.049275051802396774,0.051194921135902405,0.0511949360370636,0.09978973865509033,0.18891692161560059,0.2460923194885254,0.049275048077106476,0.049275051802396774,0.04927525296807289,0.2,1.8,0.4012991820118967
0,u=0.20_alpha=1.80,v09,fixed_random,100,500,0.2,0.1,0.1087474524974823,0.1,8.087360202020202,0.10334,0.10000000894069672,7.450580596923828e-09,0.10000000149011612,0.10000000149011612,0.10000000149011612,0.10000000149011612,0.10000000149011612,2.9802322387695312e-08,7.450580596923828e-09,1.4901161193847656e-08,0.2,1.8,0.4012991820118967
0,u=0.20_alpha=1.80,v09,matched_random,100,500,0.2,0.1,0.1087474524974823,0.1087474524974823,8.643560606060612,0.1085,0.1087474673986435,1.4901161193847656e-08,0.1087474524974823,0.1087474524974823,0.1087474524974823,0.1087474524974823,0.1087474524974823,2.2351741790771484e-08,1.4901161193847656e-08,2.2351741790771484e-08,0.2,1.8,0.4012991820118967
