episode,mean_VAoI,avg_tx_ratio,target_tx_ratio,n_nodes,update_probability,lagrange,actor_loss,critic_loss,entropy,mean_action_probability,mean_broadcast_debt,mean_abs_vaoi_advantage,mean_abs_budget_advantage,mean_abs_debt_advantage,max_node_activity_ratio,node_cap_violation_fraction,curvature_control_messages
0,3.601468485340476,0.10053999994322657,0.1,100,0.05,1.0005399999432265,-0.00606662267819047,27.76600456237793,0.3225255608558655,0.09999994933605194,0.7867520451545715,0.69388747215271,0.024249589070677757,0.0013745425967499614,0.13,0.0,932
1,3.9231692904960362,0.10143999983742834,0.1,100,0.05,1.0019799997806549,-0.005784191191196442,30.061716079711914,0.31853044033050537,0.09864411503076553,0.806481122970581,0.7441920042037964,0.024172594770789146,0.0014004830736666918,0.13,0.0,942
2,2.7358896953985097,0.0972199997678399,0.1,100,0.05,0.9991999995484948,-0.0060767969116568565,13.718039512634277,0.31301072239875793,0.096781887114048,0.7206950187683105,0.7170689105987549,0.023572057485580444,0.0012174287112429738,0.136,0.0,1036
3,4.982697570994496,0.09455999998375773,0.1,100,0.05,0.9937599995322526,-0.00599326379597187,43.21650314331055,0.3055392801761627,0.0942235067486763,0.7028799057006836,0.8258937001228333,0.022943900898098946,0.0011721370974555612,0.128,0.0,1046
4,3.2227353565096855,0.0927799999639392,0.1,100,0.05,0.9865399994961918,-0.005642407573759556,15.875603675842285,0.29533353447914124,0.0907134935259819,0.6648809909820557,0.7355735301971436,0.02222733572125435,0.0010802153265103698,0.118,0.0,1012
5,4.523670298166573,0.08820000002533197,0.1,100,0.05,0.9747399995215237,-0.005680841393768787,32.97172164916992,0.28201383352279663,0.08636310696601868,0.5749190449714661,0.7057099342346191,0.02111007273197174,0.0008884048438630998,0.132,0.0,936
6,3.3299826268479227,0.08226000011712313,0.1,100,0.05,0.9569999996386468,-0.005321142263710499,14.557310104370117,0.2651483714580536,0.08059925585985184,0.5192990899085999,0.649094820022583,0.019607651978731155,0.000762428913731128,0.118,0.0,1028
7,3.6749260592460633,0.07399999997392297,0.1,100,0.05,0.9309999996125697,-0.005056575872004032,17.32416534423828,0.24517031013965607,0.07352977246046066,0.4059560298919678,0.6289024353027344,0.017635775730013847,0.0005455372156575322,0.104,0.0,1042
8,3.680598785802722,0.06781999992579221,0.1,100,0.05,0.8988199995383619,-0.004541317466646433,15.143136024475098,0.2220516800880432,0.06576540321111679,0.3459619879722595,0.624066948890686,0.01568402722477913,0.00042564395698718727,0.096,0.0,926
9,4.418363230392337,0.05683999975770712,0.1,100,0.05,0.855659999296069,-0.004520408809185028,21.037090301513672,0.19444222748279572,0.05707314983010292,0.2599929869174957,0.6953082084655762,0.013130612671375275,0.00028046677471138537,0.088,0.0,962
10,3.417330299191177,0.04617999956011772,0.1,100,0.05,0.8018399988561866,-0.003650869242846966,12.487372398376465,0.16554787755012512,0.047228530049324036,0.1846430003643036,0.48168936371803284,0.010435998439788818,0.0001612938503967598,0.068,0.0,1038
11,4.426331512957812,0.038399999596178534,0.1,100,0.05,0.7402399984523651,-0.0029357154853641987,21.299102783203125,0.13859598338603973,0.03811529278755188,0.1512650102376938,0.5094078183174133,0.008135588839650154,0.00011733498831745237,0.06,0.0,1014
12,5.058480400189757,0.03001999956741929,0.1,100,0.05,0.6702599980197844,-0.001920395065099001,26.96071434020996,0.11968258023262024,0.03034074977040291,0.10813600569963455,0.5093582272529602,0.006036854349076748,6.71825764584355e-05,0.048,0.0,1080
13,5.787043436080217,0.026599999595433473,0.1,100,0.05,0.5968599976152179,-0.0016011747065931559,33.18516540527344,0.10746414959430695,0.025713501498103142,0.09263300150632858,0.5948222875595093,0.004803341347724199,4.956057091476396e-05,0.052,0.0,932
14,6.192432527884841,0.022019999615848065,0.1,100,0.05,0.5188799972310659,-0.0014559279661625624,42.94715881347656,0.09388772398233414,0.022111637517809868,0.07264099270105362,0.570603609085083,0.003669869154691696,3.147916140733287e-05,0.042,0.0,958
15,6.946004058964551,0.018259999632835387,0.1,100,0.05,0.4371399968639013,-0.0012069027870893478,67.1103744506836,0.08206528425216675,0.018759770318865776,0.05932700261473656,0.4983852207660675,0.0027172507252544165,2.310760464752093e-05,0.038,0.0,906
16,6.792027467504144,0.01613999968394637,0.1,100,0.05,0.3532799965478477,-0.001023987540975213,68.98262786865234,0.07139680534601212,0.01593220978975296,0.051503997296094894,0.46429818868637085,0.0020081603433936834,1.732262535369955e-05,0.036,0.0,1018
17,7.428580396212637,0.01389999971166253,0.1,100,0.05,0.2671799962595102,-0.00066791707649827,81.73918914794922,0.06788497418165207,0.013476695865392685,0.04426799714565277,0.4560019075870514,0.001401856541633606,1.4474589079327416e-05,0.036,0.0,978
18,8.371943834342062,0.012899999730288983,0.1,100,0.05,0.18007999598979918,-0.0006910254014655948,145.53562927246094,0.06966504454612732,0.012712476775050163,0.040362998843193054,0.452972412109375,0.0010011736303567886,1.1359630661900155e-05,0.026,0.0,1128
19,8.249144246205688,0.012879999723285436,0.1,100,0.05,0.09295999571308461,-0.0008018858497962356,148.02565002441406,0.07593565434217453,0.013510399498045444,0.04077500104904175,0.45612016320228577,0.0006994149298407137,1.2429240086930804e-05,0.026,0.0,938
20,7.274256553538144,0.013759999711066484,0.1,100,0.05,0.006719995424151082,-0.0007963072275742888,143.2984619140625,0.08180064707994461,0.014748409390449524,0.04271700605750084,0.4723777770996094,0.00039109637145884335,1.2376704034977593e-05,0.028,0.0,1014
21,7.263697578169405,0.016279999669641255,0.1,100,0.05,0.0,-0.0008811976294964552,126.13401794433594,0.08676234632730484,0.015789471566677094,0.05163700133562088,0.4385471045970917,3.179405757691711e-05,1.726044138194993e-05,0.032,0.0,942
22,6.595614550225437,0.016999999660998584,0.1,100,0.05,0.0,-0.0009753707563504577,117.5367660522461,0.09502340108156204,0.017157573252916336,0.05527399852871895,0.46482327580451965,0.0,2.105171006405726e-05,0.03,0.0,956
23,6.7575791926123205,0.01847999967262149,0.1,100,0.05,0.0,-0.001024927245453,122.65526580810547,0.10386967658996582,0.019296815618872643,0.06167500093579292,0.46615567803382874,0.0,2.6067013095598668e-05,0.052,0.0,1084
24,5.9691848525740205,0.021919999606907367,0.1,100,0.05,0.0,-0.0011814949102699757,84.9138412475586,0.11510652303695679,0.021970443427562714,0.0759039968252182,0.48054930567741394,0.0,3.70386078429874e-05,0.042,0.0,898
25,5.571831715449691,0.02397999960184097,0.1,100,0.05,0.0,-0.0013555641053244472,80.93859100341797,0.12760329246520996,0.024455973878502846,0.082784004509449,0.5513516664505005,0.0,4.28212879342027e-05,0.046,0.0,1130
26,4.7556806176900865,0.02901999955624342,0.1,100,0.05,0.0,-0.0016443355707451701,62.11934280395508,0.14705856144428253,0.028805209323763847,0.10237599909305573,0.5320738554000854,0.0,5.882496407139115e-05,0.048,0.0,932
27,4.033134942963719,0.03411999960243702,0.1,100,0.05,0.0,-0.001584445359185338,47.0750846862793,0.16369259357452393,0.034259166568517685,0.12210799753665924,0.5039611458778381,0.0,7.837927114451304e-05,0.056,0.0,1030
28,4.108591315016151,0.03963999957591295,0.1,100,0.05,0.0,-0.0017537589883431792,40.2939338684082,0.17614153027534485,0.0390964150428772,0.15494900941848755,0.5412421226501465,0.0,0.00012030438665533438,0.06,0.0,1050
29,4.191844438366592,0.04327999963611364,0.1,100,0.05,0.0,-0.0018032868392765522,45.087059020996094,0.18644197285175323,0.04330599680542946,0.17737999558448792,0.5188589096069336,0.0,0.00015174242435023189,0.06,0.0,1010
30,3.7805515200793742,0.046379999559372664,0.1,100,0.05,0.0,-0.002009169664233923,39.460018157958984,0.19639550149440765,0.0462416410446167,0.18780700862407684,0.4757043719291687,0.0,0.0001643299328861758,0.068,0.0,1022
31,4.188376771494746,0.049079999666661024,0.1,100,0.05,0.0,-0.0019966510590165854,43.04224395751953,0.20594246685504913,0.049889907240867615,0.20428699254989624,0.5280802249908447,0.0,0.00018906900368165225,0.074,0.0,944
32,3.5945436337441206,0.051539999622851614,0.1,100,0.05,0.0,-0.0022124904207885265,42.14931106567383,0.21492677927017212,0.05261756852269173,0.2167060226202011,0.5738303661346436,0.0,0.00021129089873284101,0.074,0.0,1092
33,3.145707882449031,0.05521999974176288,0.1,100,0.05,0.0,-0.0022818066645413637,20.048324584960938,0.22740723192691803,0.05643410608172417,0.24928000569343567,0.5745250582695007,0.0,0.00026234990218654275,0.08,0.0,1088
34,3.885005658570677,0.06123999986797571,0.1,100,0.05,0.0,-0.002506644930690527,44.90583419799805,0.23998871445655823,0.060607511550188065,0.2816219925880432,0.451303631067276,0.0,0.0003126923111267388,0.086,0.0,1034
35,3.608409893296659,0.06505999991670251,0.1,100,0.05,0.0,-0.002467911457642913,28.36443519592285,0.25079503655433655,0.0654124915599823,0.3244439959526062,0.5993118286132812,0.0,0.00039122856105677783,0.084,0.0,1038
36,3.255151712208986,0.06965999975800514,0.1,100,0.05,0.0,-0.002548887627199292,25.004009246826172,0.25753721594810486,0.06943129748106003,0.35979199409484863,0.5886997580528259,0.0,0.00045392135507427156,0.096,0.0,948
37,3.8452147467434408,0.07091999988257885,0.1,100,0.05,0.0,-0.002618486527353525,30.72664451599121,0.2616025507450104,0.07139572501182556,0.38442203402519226,0.5232114195823669,0.0,0.0005030462052673101,0.102,0.0,954
38,3.131598178066313,0.07308000001683831,0.1,100,0.05,0.0,-0.0028549409471452236,19.621234893798828,0.2711620628833771,0.07375427335500717,0.37880101799964905,0.5791928768157959,0.0,0.0004987559514120221,0.098,0.0,990
39,3.0627418146878482,0.07711999996006488,0.1,100,0.05,0.0,-0.0029027010314166546,19.238733291625977,0.28207674622535706,0.07763255387544632,0.4297489821910858,0.5999305248260498,0.0,0.0005968225887045264,0.108,0.0,1022
40,3.355537573993206,0.08096000008657575,0.1,100,0.05,0.0,-0.002850616117939353,24.379404067993164,0.2884405255317688,0.08170226961374283,0.4894610643386841,0.5989868640899658,0.0,0.0007140125380828977,0.126,0.0,1016
41,3.232575963176787,0.08329999981820584,0.1,100,0.05,0.0,-0.002904154360294342,20.87744903564453,0.2911126911640167,0.0842948630452156,0.5182270407676697,0.5718892812728882,0.0,0.0007774712285026908,0.108,0.0,948
42,3.622075356066227,0.08403999986127018,0.1,100,0.05,0.0,-0.00296172802336514,23.871339797973633,0.2928153872489929,0.08499148488044739,0.5035849809646606,0.5100617408752441,0.0,0.0007507723057642579,0.116,0.0,864
43,3.8063088949397206,0.0863599998652935,0.1,100,0.05,0.0,-0.0029808005783706903,29.81764793395996,0.2970839738845825,0.08639243245124817,0.5673289895057678,0.6903935670852661,0.0,0.0008754919981583953,0.118,0.0,1036
44,3.773458990961313,0.08746000004559755,0.1,100,0.05,0.0,-0.00298726256005466,22.60296058654785,0.2991637587547302,0.08744411170482635,0.5867540240287781,0.5653718113899231,0.0,0.0009170114644803107,0.12,0.0,902
45,3.7069357583895326,0.08705999993532897,0.1,100,0.05,0.0,-0.0030816923826932907,47.48138427734375,0.302758127450943,0.08872441202402115,0.538769006729126,0.5098734498023987,0.0,0.0008271268452517688,0.114,0.0,1084
46,3.8472511077672245,0.08883999986574054,0.1,100,0.05,0.0,-0.0031279893592000008,32.88950729370117,0.30806848406791687,0.09060348570346832,0.5909610390663147,0.5392947793006897,0.0,0.00093644461594522,0.126,0.0,970
47,2.975014957681298,0.09237999992445112,0.1,100,0.05,0.0,-0.0031222773250192404,15.729726791381836,0.31151679158210754,0.09249325096607208,0.6705850958824158,0.5537668466567993,0.0,0.0010967133566737175,0.124,0.0,1104
48,4.158308680295944,0.09255999983847141,0.1,100,0.05,0.0,-0.0031428905203938484,35.13505554199219,0.31346678733825684,0.09405665099620819,0.6804690361022949,0.5247581005096436,0.0,0.0011256468715146184,0.124,0.0,938
49,3.397770302962512,0.0932999998666346,0.1,100,0.05,0.0,-0.0032006518449634314,21.31290054321289,0.31593823432922363,0.09499698877334595,0.6634699702262878,0.5602098107337952,0.0,0.001089779776521027,0.132,0.0,880
50,3.2338951509296896,0.09545999981462955,0.1,100,0.05,0.0,-0.0032145415898412466,20.893749237060547,0.31714752316474915,0.09579265862703323,0.6512089967727661,0.5118065476417542,0.0,0.0010659946128726006,0.124,0.0,1060
51,3.123393335968256,0.0964599999859929,0.1,100,0.05,0.0,-0.003249764209613204,19.401355743408203,0.32016003131866455,0.09679694473743439,0.6969770193099976,0.5320026278495789,0.0,0.0011647489154711366,0.124,0.0,1012
52,3.714177169047296,0.09779999985545873,0.1,100,0.05,0.0,-0.0032497637439519167,26.478496551513672,0.3227381110191345,0.09795649349689484,0.7437840104103088,0.5103173851966858,0.0,0.0012572810519486666,0.128,0.0,994
53,3.2609797921925785,0.09833999984711408,0.1,100,0.05,0.0,-0.0033122366294264793,21.330652236938477,0.3256494402885437,0.09903088212013245,0.7122119665145874,0.46561291813850403,0.0,0.0012087723007425666,0.13,0.0,988
54,3.40173272806406,0.09856000005081296,0.1,100,0.05,0.0,-0.003378082299605012,25.540924072265625,0.3307037353515625,0.10031913220882416,0.7488610744476318,0.4793582856655121,0.0,0.0012928012292832136,0.134,0.0,956
55,3.492352925084531,0.10301999976485968,0.1,100,0.05,0.003019999764859671,-0.003393140621483326,24.882429122924805,0.3363550901412964,0.10296069085597992,0.8770790100097656,0.5754314661026001,0.0,0.0015511742094531655,0.146,0.0,920
56,3.9398383883014323,0.10659999981150031,0.1,100,0.05,0.009619999576359978,-0.003475130070000887,29.0550594329834,0.3413860499858856,0.10521348565816879,0.9605689644813538,0.5612139701843262,8.57843115227297e-05,0.0017392843728885055,0.138,0.0,918
57,3.0082460614033044,0.1084599998742342,0.1,100,0.05,0.018079999450594172,-0.003573355497792363,17.367401123046875,0.3491089940071106,0.1083519458770752,1.0035189390182495,0.5444100499153137,0.00027893486549146473,0.0018460890278220177,0.144,0.0,1032
58,3.701644042484462,0.11034000000730157,0.1,100,0.05,0.028419999457895737,-0.0036095459945499897,25.111772537231445,0.3537573516368866,0.11138799786567688,1.0478060245513916,0.5620522499084473,0.0005345921963453293,0.0019595131743699312,0.148,0.0,922
59,3.65441635812819,0.113720000077039,0.1,100,0.05,0.04213999953493473,-0.0036289216950535774,26.218124389648438,0.3557378649711609,0.11356537789106369,1.1815969944000244,0.49962711334228516,0.0008586631156504154,0.0022666193544864655,0.14,0.0,912
60,3.1182391914576293,0.11539999967813491,0.1,100,0.05,0.05753999921306964,-0.003695928491652012,22.62725830078125,0.35785555839538574,0.11500230431556702,1.260736107826233,0.5183781981468201,0.0012882206356152892,0.00242172391153872,0.142,0.0,1102
61,3.208409095309675,0.11675999978184701,0.1,100,0.05,0.07429999899491664,-0.003688946133479476,17.991703033447266,0.3595840632915497,0.11546889692544937,1.300812005996704,0.588159441947937,0.0017706435173749924,0.0025251468177884817,0.16,0.01,1026
62,3.3412525213584305,0.11597999982535839,0.1,100,0.05,0.09027999882027503,-0.0037860232405364513,24.353477478027344,0.35554569959640503,0.11602751910686493,1.303966999053955,0.4754401445388794,0.0022838572040200233,0.0025043480563908815,0.148,0.0,1010
63,3.733330506335944,0.11411999983340501,0.1,100,0.05,0.10439999865368003,-0.00366096175275743,28.92649269104004,0.35311180353164673,0.11436430364847183,1.1480189561843872,0.577511191368103,0.0027373218908905983,0.00218944507651031,0.152,0.01,1074
64,3.758172124005854,0.1148599999807775,0.1,100,0.05,0.11925999863445753,-0.003599725430831313,24.36137580871582,0.3521580994129181,0.1131894662976265,1.1740680932998657,0.5654148459434509,0.003159245941787958,0.0022417667787522078,0.152,0.01,1020
65,2.9874797960072756,0.11431999991089106,0.1,100,0.05,0.13357999854534858,-0.003596442984417081,16.437562942504883,0.3506169617176056,0.11286380887031555,1.2547500133514404,0.535435676574707,0.003595144022256136,0.0023789904080331326,0.15,0.0,1024
66,4.136468276262283,0.11285999987274409,0.1,100,0.05,0.14643999841809266,-0.0036597554571926594,34.090065002441406,0.34385445713996887,0.11131951212882996,1.1728819608688354,0.5329756736755371,0.003978473600000143,0.0021951100789010525,0.146,0.0,928
67,3.2863309094011783,0.11001999973133206,0.1,100,0.05,0.1564599981494247,-0.0035364741925150156,21.414304733276367,0.33619821071624756,0.10856755822896957,1.0699560642242432,0.5030513405799866,0.0042637730948626995,0.0019522758666425943,0.15,0.0,1000
68,4.490166050463915,0.10569999991729856,0.1,100,0.05,0.16215999806672327,-0.0033996724523603916,53.2176399230957,0.3341977298259735,0.10520059615373611,0.8705470561981201,0.44189453125,0.004412069916725159,0.0015539050800725818,0.15,0.0,886
69,3.793864238381386,0.1032399997971952,0.1,100,0.05,0.16539999786391846,-0.0035289577208459377,29.099140167236328,0.3305324912071228,0.10430970788002014,0.8059599995613098,0.49049532413482666,0.004507339559495449,0.0014053366612643003,0.14,0.0,1054
70,5.510380605190992,0.10323999993130564,0.1,100,0.05,0.1686399977952241,-0.0033292484004050493,90.47171020507812,0.3232685923576355,0.10191107541322708,0.8409600257873535,0.4632202088832855,0.00455005606636405,0.001466248300857842,0.126,0.0,948
71,3.700756563566625,0.09905999990180135,0.1,100,0.05,0.16769999769702543,-0.0034022547770291567,23.89704704284668,0.3173660933971405,0.09962105751037598,0.7505569458007812,0.5710908770561218,0.0045085689052939415,0.0012703604297712445,0.13,0.0,918
72,3.950466466449201,0.09651999997720122,0.1,100,0.05,0.16421999767422663,-0.0032812776044011116,23.87018394470215,0.30655157566070557,0.095774807035923,0.7086690068244934,0.5629125237464905,0.004354916512966156,0.0011680140160024166,0.136,0.0,968
73,3.1927129269205032,0.09273999988660217,0.1,100,0.05,0.1569599975608288,-0.0030574151314795017,19.840736389160156,0.3009583055973053,0.09170126169919968,0.6154589653015137,0.5171651840209961,0.004107712302356958,0.0009718303917907178,0.118,0.0,972
74,3.26998545871675,0.09015999983996154,0.1,100,0.05,0.14711999740079032,-0.00307890260592103,19.76555633544922,0.29473206400871277,0.08910588920116425,0.5844430327415466,0.49679967761039734,0.003827796084806323,0.0008947124006226659,0.128,0.0,1034
75,3.35501676620543,0.0849800000153482,0.1,100,0.05,0.1320999974161385,-0.003011176595464349,18.64605712890625,0.2872055470943451,0.08617730438709259,0.5137280225753784,0.538521945476532,0.0034425409976392984,0.0007561552338302135,0.132,0.0,1006
76,3.7181890932768584,0.08225999994203448,0.1,100,0.05,0.11435999735817298,-0.0028996479231864214,30.269372940063477,0.28349798917770386,0.08317004889249802,0.4940530061721802,0.5408384203910828,0.002998765790835023,0.0007091496372595429,0.112,0.0,994
77,3.5477111157402397,0.08185999992117286,0.1,100,0.05,0.09621999727934584,-0.0028710581827908754,29.168983459472656,0.28402087092399597,0.08208869397640228,0.4534890353679657,0.5435020923614502,0.0025761376600712538,0.0006293233600445092,0.106,0.0,1024
78,3.1011466663107274,0.08068000006303191,0.1,100,0.05,0.07689999734237775,-0.002956653479486704,17.06475067138672,0.28101691603660583,0.08269967883825302,0.469245970249176,0.5698822736740112,0.002161949872970581,0.0006636767648160458,0.108,0.0,1004
79,4.0521697027385235,0.08174000009521842,0.1,100,0.05,0.05863999743759617,-0.0027898838743567467,35.378047943115234,0.2795557677745819,0.08060544729232788,0.462924987077713,0.48142924904823303,0.0017185673350468278,0.0006413098890334368,0.106,0.0,962
80,3.128984644640237,0.08315999994799494,0.1,100,0.05,0.041799997385591106,-0.0028712658677250147,17.12334442138672,0.2870562672615051,0.08013064414262772,0.4807709753513336,0.5166614055633545,0.0013177550863474607,0.000665189465507865,0.118,0.0,966
81,3.9997947446256874,0.08502000001072883,0.1,100,0.05,0.026819997396319933,-0.002924960572272539,25.3505802154541,0.29631832242012024,0.0841294527053833,0.4979119896888733,0.5514673590660095,0.0009701431263238192,0.0007102943491190672,0.11,0.0,1068
82,3.609164043262601,0.08737999994680286,0.1,100,0.05,0.014199997343122786,-0.0030320058576762676,22.6789608001709,0.30303066968917847,0.08804202824831009,0.5214509963989258,0.6298840641975403,0.0006433750386349857,0.0007680157432332635,0.118,0.0,938
83,4.223041009217501,0.09069999963790178,0.1,100,0.05,0.004899996981024557,-0.003130570985376835,31.369728088378906,0.3093305230140686,0.09035919606685638,0.5832729935646057,0.619098424911499,0.0003505214990582317,0.0008916583028621972,0.12,0.0,998
84,3.0546731306016444,0.09447999995201826,0.1,100,0.05,0.0,-0.0032014811877161264,18.534332275390625,0.3171823024749756,0.09333621710538864,0.6251749992370605,0.5004528164863586,0.00012501643504947424,0.0009820546256378293,0.124,0.0,958
85,3.4070210174918176,0.09729999995604158,0.1,100,0.05,0.0,-0.0032915547490119934,24.147781372070312,0.32575899362564087,0.0969678983092308,0.6972500085830688,0.515823483467102,0.0,0.0011338768526911736,0.128,0.0,902
86,3.2109585842043162,0.10095999985933304,0.1,100,0.05,0.0009599998593330383,-0.0033370063174515963,18.741199493408203,0.33311665058135986,0.10070641338825226,0.770904004573822,0.5246257185935974,0.0,0.0013014981523156166,0.124,0.0,864
87,3.781733949303627,0.10276000003516673,0.1,100,0.05,0.0037199998944997675,-0.003427768126130104,34.269405364990234,0.33940476179122925,0.10406617075204849,0.8250470161437988,0.5587085485458374,2.668737397470977e-05,0.0014276171568781137,0.142,0.0,988
88,3.767741007372737,0.10850000004097819,0.1,100,0.05,0.012219999935477954,-0.003452041419222951,28.082876205444336,0.3435068726539612,0.10689323395490646,0.923488974571228,0.5203630328178406,0.0001071436345227994,0.0016374504193663597,0.142,0.0,976
89,4.538567271389067,0.1077999995611608,0.1,100,0.05,0.020019999496638755,-0.003519295249134302,31.466676712036133,0.34580257534980774,0.10898582637310028,0.8993020057678223,0.5644024014472961,0.0003539807803463191,0.0016029756516218185,0.142,0.0,1012
90,3.7288581770509484,0.11109999979287385,0.1,100,0.05,0.031119999289512604,-0.003508599940687418,31.968961715698242,0.3441656529903412,0.10970237106084824,0.9959999322891235,0.498125284910202,0.000589273520745337,0.0018019451526924968,0.144,0.0,1012
91,3.531500606253743,0.10731999979540706,0.1,100,0.05,0.03843999908491966,-0.003512174356728792,20.045087814331055,0.342332661151886,0.10914098471403122,0.9266700148582458,0.5613390803337097,0.0009002982405945659,0.0016618905356153846,0.146,0.0,964
92,3.7874494957104323,0.10809999988228082,0.1,100,0.05,0.04653999896720047,-0.003511889837682247,21.015836715698242,0.3396050035953522,0.10822783410549164,0.9476860165596008,0.5977501273155212,0.0011112403590232134,0.001691158744506538,0.142,0.0,960
93,4.151426062688231,0.10643999981880188,0.1,100,0.05,0.05297999878600235,-0.003430850338190794,42.23920822143555,0.33655378222465515,0.10660912096500397,0.8828489780426025,0.49164941906929016,0.0013269511982798576,0.0015487255295738578,0.134,0.0,1018
94,3.4942406020723284,0.10706000004708767,0.1,100,0.05,0.06003999883309001,-0.00341269513592124,23.468904495239258,0.3338281214237213,0.10569582134485245,0.9096629619598389,0.4638941287994385,0.0015087119536474347,0.001582697732374072,0.14,0.0,1024
95,4.005750501118601,0.09989999995008111,0.1,100,0.05,0.05993999878317112,-0.00344869215041399,33.025150299072266,0.3307031989097595,0.10445098578929901,0.7319719791412354,0.5658060908317566,0.0016498424811288714,0.0012382706627249718,0.14,0.0,978
96,3.5542503077834846,0.10337999962642788,0.1,100,0.05,0.063319998409599,-0.003352143568918109,18.104555130004883,0.3313022553920746,0.10286830365657806,0.7508560419082642,0.6084828972816467,0.00166035327129066,0.0012602451024577022,0.126,0.0,928
97,3.6873684796392916,0.10411999964341521,0.1,100,0.05,0.0674399980530142,-0.003377635730430484,20.871109008789062,0.33519816398620605,0.10325002670288086,0.7727360129356384,0.604883074760437,0.0017622793093323708,0.001306389458477497,0.13,0.0,936
98,4.016571518644691,0.1063800000436604,0.1,100,0.05,0.0738199980966746,-0.0033775002229958773,38.14364242553711,0.3339248299598694,0.10460972785949707,0.8644259572029114,0.45519956946372986,0.0019059947226196527,0.0014873179607093334,0.132,0.0,1054
99,3.5193141406923534,0.10509999990090728,0.1,100,0.05,0.07891999799758187,-0.00338083622045815,18.265405654907227,0.32873597741127014,0.1041441485285759,0.8342920541763306,0.573676586151123,0.0020709619857370853,0.0014290682738646865,0.166,0.01,1098
100,3.4359392008557914,0.1038399999551475,0.1,100,0.05,0.08275999795272937,-0.003321153810247779,17.224599838256836,0.3234708607196808,0.10207484662532806,0.7749649882316589,0.6208158731460571,0.0021820447873324156,0.0012999788159504533,0.14,0.0,1002
101,3.4481911090537904,0.09952000008523464,0.1,100,0.05,0.082279998037964,-0.0033109772484749556,21.097808837890625,0.32577741146087646,0.09981835633516312,0.6785899996757507,0.5451117753982544,0.002223336836323142,0.0010998002253472805,0.124,0.0,978
102,3.7349864689260723,0.09933999992534519,0.1,100,0.05,0.08161999796330918,-0.003342658281326294,22.257047653198242,0.3320304751396179,0.10060413926839828,0.7009380459785461,0.6277564167976379,0.002216687658801675,0.0011532091302797198,0.13,0.0,974
103,3.9518102993667124,0.10287999991327525,0.1,100,0.05,0.08449999787658442,-0.003426971845328808,27.533241271972656,0.32967764139175415,0.10347876697778702,0.7552499771118164,0.5023210644721985,0.0022608956787735224,0.0012684171088039875,0.134,0.0,980
104,4.607831306621432,0.10091999989375472,0.1,100,0.05,0.08541999777033914,-0.003366009099408984,41.43122100830078,0.3236507177352905,0.1022699773311615,0.7136259078979492,0.4695568382740021,0.002308786613866687,0.001185920904390514,0.138,0.0,996
105,3.6768216172270476,0.09806000002473593,0.1,100,0.05,0.08347999779507506,-0.0033333287574350834,21.857364654541016,0.31668347120285034,0.09916535764932632,0.6739620566368103,0.49637508392333984,0.002273349091410637,0.0010869012912735343,0.12,0.0,1014
106,3.3492975810095666,0.09592000007256865,0.1,100,0.05,0.0793999978676437,-0.0031791103538125753,30.753902435302734,0.3145604431629181,0.09630517661571503,0.6594890356063843,0.5076659917831421,0.002171402098610997,0.0010476680472493172,0.134,0.0,1052
107,3.4039779796600342,0.09754000000283122,0.1,100,0.05,0.07693999787047492,-0.003187788650393486,16.98293113708496,0.31305035948753357,0.09590929001569748,0.6458190083503723,0.5485057234764099,0.002076955046504736,0.0010136205237358809,0.138,0.0,1030
108,4.200084849663079,0.09531999984383584,0.1,100,0.05,0.07225999771431076,-0.0032455194741487503,35.76306915283203,0.3024894595146179,0.09452104568481445,0.6492089629173279,0.5936827063560486,0.0019793654792010784,0.0010128974681720138,0.132,0.0,926
109,3.2251660584695636,0.09184000004082918,0.1,100,0.05,0.06409999775513993,-0.002952245529741049,15.861824035644531,0.294068306684494,0.08933413028717041,0.5944640040397644,0.5453144311904907,0.001782553386874497,0.0008915717480704188,0.13,0.0,1022
110,3.0487917179688813,0.08868000008538365,0.1,100,0.05,0.052779997840523576,-0.002962509635835886,14.78880500793457,0.2920868992805481,0.08725114166736603,0.5400869846343994,0.5767219066619873,0.0015404863515868783,0.0007831893744878471,0.126,0.0,964
111,4.001661618091166,0.08361999994143844,0.1,100,0.05,0.03639999778196201,-0.0029804655350744724,18.703569412231445,0.287880539894104,0.08589626103639603,0.4646660089492798,0.5232681035995483,0.00122668850235641,0.0006458680145442486,0.112,0.0,932
112,2.7041733321547508,0.08474000000581146,0.1,100,0.05,0.021139997787773465,-0.0029023850802332163,16.100419998168945,0.28984105587005615,0.08331270515918732,0.4766690731048584,0.49789586663246155,0.0008394418400712311,0.0006563839851878583,0.114,0.0,1018
113,4.288574136152864,0.08621999987214804,0.1,100,0.05,0.0073599976599214995,-0.0029811037238687277,30.111310958862305,0.30109378695487976,0.08572778105735779,0.5037149786949158,0.5201756358146667,0.0004979845834895968,0.0007140543311834335,0.112,0.0,950
114,3.8255191895216702,0.08987999991700053,0.1,100,0.05,0.0,-0.0031492155976593494,39.211944580078125,0.31084051728248596,0.08919141441583633,0.5390079617500305,0.5457343459129333,0.0001798000157577917,0.000788299017585814,0.118,0.0,1022
115,3.6767571708261966,0.09646000006049872,0.1,100,0.05,0.0,-0.0032117934897542,23.872228622436523,0.32217544317245483,0.09429821372032166,0.6431190371513367,0.5062241554260254,0.0,0.00099760212469846,0.138,0.0,978
116,3.4401860587596893,0.09854000005498528,0.1,100,0.05,0.0,-0.003349872538819909,28.886531829833984,0.3315233886241913,0.09904790669679642,0.6592110395431519,0.4546373784542084,0.0,0.0010528875282034278,0.13,0.0,1034
117,3.646859196417034,0.10265999987348914,0.1,100,0.05,0.0026599998734891384,-0.003352525644004345,24.141765594482422,0.3367750346660614,0.10335635393857956,0.7571039795875549,0.5146220922470093,0.0,0.0012669466668739915,0.13,0.0,1062
118,4.222051105886698,0.1070599996522069,0.1,100,0.05,0.009719999525696035,-0.003451836993917823,29.434171676635742,0.34041905403137207,0.1057034507393837,0.8214229941368103,0.5643833875656128,7.575278141302988e-05,0.0014109347248449922,0.14,0.0,1012
119,3.006503845214844,0.10688000009953975,0.1,100,0.05,0.016599999625235784,-0.0035381538327783346,16.659320831298828,0.34688374400138855,0.10775276273488998,0.8495689630508423,0.5105197429656982,0.00027897272957488894,0.0014805797254666686,0.138,0.0,982
120,3.8450369746796786,0.10811999986320733,0.1,100,0.05,0.024719999488443112,-0.0037675334606319666,20.867935180664062,0.35731780529022217,0.11076868325471878,0.8820210695266724,0.5215807557106018,0.000484594376757741,0.001564952079206705,0.136,0.0,1000
121,3.388955766905099,0.11557999969273805,0.1,100,0.05,0.040299999181181156,-0.003836187068372965,22.837703704833984,0.3698325753211975,0.11553343385457993,1.117372989654541,0.4810686707496643,0.0007566327112726867,0.00208407174795866,0.15,0.0,972
122,4.048681005939842,0.12133999989181757,0.1,100,0.05,0.06163999907299872,-0.004020574036985636,23.729961395263672,0.38364821672439575,0.12190677970647812,1.342702031135559,0.6206590533256531,0.0012893032981082797,0.002617680700495839,0.148,0.0,996
123,4.100358587794006,0.12895999997109175,0.1,100,0.05,0.09059999904409047,-0.0041151042096316814,25.224956512451172,0.39468133449554443,0.12904031574726105,1.6562620401382446,0.5615314245223999,0.002072281902655959,0.003340709488838911,0.158,0.01,936
124,3.5738723261021077,0.13284000009298325,0.1,100,0.05,0.12343999913707371,-0.004269944503903389,27.156906127929688,0.3947288393974304,0.13468369841575623,2.017534017562866,0.4975619912147522,0.003137391759082675,0.004143328405916691,0.156,0.05,1068
125,4.383189902149141,0.13554000005126,0.1,100,0.05,0.1589799991883337,-0.004327232949435711,28.742042541503906,0.3825826942920685,0.1342640370130539,2.1337080001831055,0.4645449221134186,0.004300139844417572,0.004396699368953705,0.174,0.11,928
126,3.2444721246398984,0.13300000000745058,0.1,100,0.05,0.19197999919578426,-0.003954287618398666,23.427133560180664,0.37540921568870544,0.12976689636707306,1.775684118270874,0.5382884740829468,0.005403263494372368,0.0035784952342510223,0.166,0.07,1018
127,4.083747678980231,0.1269999998435378,0.1,100,0.05,0.21897999903932205,-0.004044091794639826,27.21818733215332,0.3706894516944885,0.1268780529499054,1.4887090921401978,0.5361380577087402,0.006328239571303129,0.0029313869308680296,0.154,0.04,918
128,4.5266201986223455,0.12281999978423118,0.1,100,0.05,0.24179999882355324,-0.004205808043479919,22.926603317260742,0.3544636070728302,0.12303220480680466,1.3575539588928223,0.6005346179008484,0.007013949099928141,0.0025933117140084505,0.146,0.0,1012
129,3.245717775553465,0.11553999992832542,0.1,100,0.05,0.25733999875187863,-0.0036399841774255037,14.912047386169434,0.3467210829257965,0.11640315502882004,0.9918779730796814,0.5212844610214233,0.007349767256528139,0.0017913051415234804,0.14,0.0,912
130,3.2730096931010486,0.1134600001014769,0.1,100,0.05,0.27079999885335554,-0.0035222568549215794,16.913646697998047,0.3433409333229065,0.11168854683637619,0.9137439727783203,0.4852268397808075,0.007614104077219963,0.0015886574983596802,0.14,0.0,994
131,3.7454939446561037,0.1115199998319149,0.1,100,0.05,0.28231999868527047,-0.003786599962040782,15.746097564697266,0.32758089900016785,0.10952766239643097,0.9000570178031921,0.5454076528549194,0.007877623662352562,0.001540520926937461,0.138,0.0,936
132,3.032815754443407,0.10226000025868416,0.1,100,0.05,0.28457999894395464,-0.003770196810364723,15.605910301208496,0.2994454801082611,0.10210558772087097,0.7003099918365479,0.5166678428649902,0.007660519797354937,0.0011081998236477375,0.126,0.0,1056
133,2.953357574470341,0.08919999992102384,0.1,100,0.05,0.2737799988649785,-0.004211152903735638,12.75036334991455,0.25836530327796936,0.08982029557228088,0.5167479515075684,0.4903211295604706,0.006861693691462278,0.0007180653628893197,0.12,0.0,1036
134,3.630919793628156,0.07203999995440245,0.1,100,0.05,0.24581999881938094,-0.00286183413118124,20.466869354248047,0.22723418474197388,0.07302329689264297,0.3400140106678009,0.5053648948669434,0.00545494956895709,0.00038175491499714553,0.098,0.0,974
135,3.476666261181235,0.05893999980390072,0.1,100,0.05,0.20475999862328165,-0.0023301350884139538,16.340749740600586,0.20948226749897003,0.05994749814271927,0.23741400241851807,0.5458642840385437,0.00407952768728137,0.00021197959722485393,0.082,0.0,992
136,3.718676966238767,0.05469999967515469,0.1,100,0.05,0.15945999829843632,-0.002099310979247093,17.5120792388916,0.19854241609573364,0.05369870737195015,0.22381097078323364,0.5156402587890625,0.0031250116880983114,0.00019152795721311122,0.088,0.0,1076
137,3.723937986686826,0.04821999968588352,0.1,100,0.05,0.10767999798431985,-0.0020142935682088137,15.021695137023926,0.19474968314170837,0.04973774775862694,0.1805039793252945,0.5628284215927124,0.0022162175737321377,0.0001333897525910288,0.072,0.0,988
138,3.8805937368124725,0.04929999954625964,0.1,100,0.05,0.05697999753057948,-0.00199115090072155,30.715801239013672,0.19220396876335144,0.04932449385523796,0.18853698670864105,0.5031675100326538,0.0015095737762749195,0.00014274226850830019,0.076,0.0,1038
139,4.433898592945188,0.04875999968871474,0.1,100,0.05,0.005739997219294218,-0.001913734246045351,24.280399322509766,0.1917855441570282,0.048280004411935806,0.18783803284168243,0.481273353099823,0.0007874371367506683,0.00014216169074643403,0.076,0.0,956
140,3.3830888845697045,0.048319999735802414,0.1,100,0.05,0.0,-0.001923082396388054,17.77842140197754,0.18719398975372314,0.04740448668599129,0.18114198744297028,0.5001348257064819,7.835933502065018e-05,0.00013034608855377883,0.068,0.0,1008
141,3.455250503152609,0.04655999963358044,0.1,100,0.05,0.0,-0.0018828753381967545,18.0280704498291,0.18618305027484894,0.04640103504061699,0.17652899026870728,0.520022451877594,0.0,0.00012853281805291772,0.07,0.0,1066
142,4.578346462130547,0.04605999967083335,0.1,100,0.05,0.0,-0.0020598943810909986,34.32669448852539,0.20241132378578186,0.04704688489437103,0.172636017203331,0.48394328355789185,0.0,0.0001240247511304915,0.074,0.0,960
143,4.2944323181658985,0.05123999979719519,0.1,100,0.05,0.0,-0.002135199261829257,27.47694206237793,0.21975624561309814,0.05162462964653969,0.20198097825050354,0.6272507905960083,0.0,0.00016204176063183695,0.078,0.0,970
144,3.526085852921009,0.058479999877512456,0.1,100,0.05,0.0,-0.002236276166513562,25.806499481201172,0.2338327169418335,0.058458663523197174,0.2422019988298416,0.4623384475708008,0.0,0.0002187516656704247,0.08,0.0,1020
145,3.2276840391159056,0.06377999985963106,0.1,100,0.05,0.0,-0.002356377663090825,17.20269203186035,0.24073152244091034,0.06218867748975754,0.27670997381210327,0.553257942199707,0.0,0.00026917282957583666,0.104,0.0,1120
146,3.748585458200425,0.06577999985218048,0.1,100,0.05,0.0,-0.0024270638823509216,23.230918884277344,0.2455569952726364,0.06671059131622314,0.2973180115222931,0.5416421890258789,0.0,0.00030920436256565154,0.094,0.0,1004
147,3.442598182987422,0.06959999980404973,0.1,100,0.05,0.0,-0.0025577060878276825,16.677003860473633,0.2548096776008606,0.06863285601139069,0.3121649920940399,0.6287565231323242,0.0,0.0003280304663348943,0.1,0.0,1010
148,3.2267800071164965,0.07029999986290932,0.1,100,0.05,0.0,-0.0025670924223959446,16.306413650512695,0.26364967226982117,0.07080399245023727,0.33059900999069214,0.5442556738853455,0.0,0.0003631464787758887,0.098,0.0,968
149,3.3920181803256275,0.07721999998390675,0.1,100,0.05,0.0,-0.0026595531962811947,15.907417297363281,0.26939672231674194,0.07511915266513824,0.38134801387786865,0.4968138337135315,0.0,0.00044566424912773073,0.112,0.0,944
150,3.1099141399376093,0.07471999991312624,0.1,100,0.05,0.0,-0.0026999772526323795,16.181299209594727,0.2686022222042084,0.07571382075548172,0.35162100195884705,0.5164788961410522,0.0,0.00040241473470814526,0.1,0.0,956
151,3.329730704944581,0.07812000001966954,0.1,100,0.05,0.0,-0.0029836264438927174,17.464221954345703,0.2858685255050659,0.07779396325349808,0.3821980059146881,0.5151031017303467,0.0,0.00045583443716168404,0.104,0.0,936
152,3.6064656577333807,0.0834599999859929,0.1,100,0.05,0.0,-0.0028345673345029354,23.50528907775879,0.2983390688896179,0.08411666750907898,0.43187204003334045,0.4880349338054657,0.0,0.0005533755756914616,0.11,0.0,978
153,3.7813684856370093,0.08785999989509582,0.1,100,0.05,0.0,-0.0031759270932525396,21.72247314453125,0.3085126578807831,0.08818290382623672,0.4800909757614136,0.4838581681251526,0.0,0.000649082416202873,0.12,0.0,918
154,3.0936981818079947,0.09409999976679682,0.1,100,0.05,0.0,-0.0030710441060364246,18.565919876098633,0.31899407505989075,0.09400252252817154,0.5666460394859314,0.48006850481033325,0.0,0.0008216602145694196,0.124,0.0,1072
155,3.424941207882017,0.0979400000795722,0.1,100,0.05,0.0,-0.0032869060523808002,20.51972007751465,0.32653242349624634,0.09831061214208603,0.6041710376739502,0.4786297380924225,0.0,0.0009057517745532095,0.128,0.0,910
156,2.9134959644787015,0.1034399998486042,0.1,100,0.05,0.0034399998486042,-0.0034153126180171967,15.486133575439453,0.3407588005065918,0.10319807380437851,0.6971999406814575,0.4937237501144409,0.0,0.0011048115557059646,0.128,0.0,1016
157,3.1550737346559763,0.10623999994993209,0.1,100,0.05,0.009679999798536287,-0.003584323450922966,16.521034240722656,0.35194894671440125,0.10700135678052902,0.7832000255584717,0.459913045167923,9.789147588890046e-05,0.001289418083615601,0.14,0.0,1032
158,4.056504856511951,0.11343999963998795,0.1,100,0.05,0.023119999438524233,-0.0035177224781364202,25.474164962768555,0.35868242383003235,0.11377072334289551,0.9143949747085571,0.4718407392501831,0.0002909721515607089,0.0015916269039735198,0.146,0.0,1024
159,4.015464644379914,0.11538000009953976,0.1,100,0.05,0.03849999953806399,-0.0036674137227237225,25.236570358276367,0.3576681315898895,0.11689944565296173,0.9419469237327576,0.5008355975151062,0.0007082471274770796,0.0016754084499552846,0.138,0.0,974
160,3.280923640407622,0.11737999993562698,0.1,100,0.05,0.05587999947369096,-0.0036369673907756805,16.232276916503906,0.356270968914032,0.11625336110591888,1.0338029861450195,0.47780126333236694,0.001184904482215643,0.0018415983067825437,0.146,0.0,986
161,2.93697292894125,0.11677999978512525,0.1,100,0.05,0.07265999925881621,-0.003674400271847844,14.942634582519531,0.36023983359336853,0.11708030104637146,0.9742490649223328,0.47499334812164307,0.0017198878340423107,0.0017238006694242358,0.148,0.0,1008
162,4.338447881020605,0.11859999989718199,0.1,100,0.05,0.0912599991559982,-0.0035963915288448334,19.514482498168945,0.35899657011032104,0.11755836755037308,1.081279993057251,0.5238704085350037,0.0022532541770488024,0.0019333213567733765,0.146,0.0,874
163,3.7408064631819724,0.11877999991178513,0.1,100,0.05,0.11003999906778332,-0.0037718573585152626,21.668437957763672,0.34777364134788513,0.11788349598646164,1.0001699924468994,0.4675599932670593,0.0028316399548202753,0.0017682338366284966,0.146,0.0,962
164,3.631708483170718,0.11293999972194434,0.1,100,0.05,0.12297999878972765,-0.0037006805650889874,18.676660537719727,0.3284635841846466,0.11215441673994064,0.8348469734191895,0.4663926064968109,0.0032705978956073523,0.0013976633781567216,0.14,0.0,976
165,3.109164646245539,0.10657999994978308,0.1,100,0.05,0.12955999873951074,-0.00343033904209733,15.242828369140625,0.33802804350852966,0.10652178525924683,0.721377968788147,0.47069159150123596,0.0034845001064240932,0.0011544593144208193,0.14,0.0,994
166,3.411326670229435,0.10665999971702694,0.1,100,0.05,0.13621999845653768,-0.003355950815603137,15.403617858886719,0.3436702787876129,0.10583490878343582,0.7272529602050781,0.47156569361686707,0.0036594385746866465,0.0011585341999307275,0.148,0.0,986
167,3.095788484118879,0.10967999981343746,0.1,100,0.05,0.14589999826997513,-0.0034578838385641575,15.078739166259766,0.3451751172542572,0.10930701345205307,0.79694002866745,0.4714130759239197,0.003950979560613632,0.0013139569200575352,0.136,0.0,1068
168,4.17155252655223,0.10927999988570809,0.1,100,0.05,0.15517999815568323,-0.0035778218880295753,22.125186920166016,0.3485185205936432,0.11143852770328522,0.7837119698524475,0.49220287799835205,0.004259944427758455,0.0013015823205932975,0.142,0.0,990
169,3.0638783836215735,0.11403999977186322,0.1,100,0.05,0.16921999792754644,-0.003670384641736746,20.47626304626465,0.3396800756454468,0.11281280219554901,0.8982549905776978,0.47139543294906616,0.00463875150308013,0.0015258491039276123,0.134,0.0,1038
170,3.0165838429182767,0.10793999981880188,0.1,100,0.05,0.17715999774634833,-0.0035214365925639868,12.771191596984863,0.32330870628356934,0.10798512399196625,0.7927270531654358,0.5117650628089905,0.004845108836889267,0.0012982647167518735,0.136,0.0,1014
171,3.980999595090747,0.10209999995306135,0.1,100,0.05,0.17925999769940967,-0.0033327664714306593,18.730487823486328,0.3137483298778534,0.10169153660535812,0.6475659608840942,0.5098570585250854,0.00481764180585742,0.0009867525659501553,0.132,0.0,944
172,3.52834383533895,0.09823999989032746,0.1,100,0.05,0.1774999975897371,-0.003269159235060215,16.497196197509766,0.3030174970626831,0.09688989073038101,0.5755339860916138,0.5430867671966553,0.004689652938395739,0.0008314583101309836,0.128,0.0,962
