episode,mean_VAoI,avg_tx_ratio,tx_ratio_ema,target_tx_ratio,budget_error,budget_relative_error,budget_error_after_deadzone,mean_action_probability,multiplier_used,multiplier_next,multiplier_at_max,actor_loss,critic_loss,entropy,approx_kl,clip_fraction,mean_vaoi_advantage,std_vaoi_advantage,max_abs_vaoi_advantage,mean_budget_advantage,std_budget_advantage,max_abs_budget_advantage,vaoi_policy_gradient_norm,budget_policy_gradient_norm,budget_to_vaoi_gradient_ratio,n_nodes,update_probability,max_node_activity_ratio,node_cap_violation_fraction,curvature_control_messages,alpha_raw,alpha_kappa,q_base_mean,q_base_std,q_base_min,q_base_max,corr_s_kappa_q_base,action_prob_mean,action_prob_std,action_prob_min,action_prob_p10,action_prob_p50,action_prob_p90,action_prob_max,action_prob_node_std_mean,action_prob_global_std,action_prob_per_node_mean_std
0,12.816293542146683,0.10395999978482723,0.10197999989241362,0.1,0.0019799998924136114,0.01979999694413642,0.0,0.10204628109931946,0.0,0.0,False,-4.4921875996806193e-07,465.9549560546875,0.3293398320674896,-1.4379024193544865e-08,0.0,4.882812376649781e-08,0.9999997615814209,4.223300457000732,0.0,0.0,0.0,1.1671792208289844e-06,0.0,0.0,100,0.2,0.146,0.0,970,-1.0492140054702759,0.30026230216026306,0.10204628109931946,0.006341979373246431,0.0896683931350708,0.11735806614160538,0.9993636337579078,0.10204628109931946,0.006341979373246431,0.0896683931350708,0.09377386868000064,0.10187950730323792,0.1103745698928833,0.11735806614160538,0.006341979373246431,0.006341979373246431,0.006341989152133465
1,23.759799598649145,0.0986999997086823,0.10033999980054796,0.1,0.00033999980054795487,0.003399997665479782,0.0,0.09980706125497818,0.0,0.0,False,-1.56249996052793e-07,1755.45849609375,0.324271023273468,-1.5911773232346604e-07,0.0,6.103515914901436e-08,0.9999998807907104,2.5817666053771973,0.0,0.0,0.0,0.0001848926767706871,0.0,0.0,100,0.2,0.146,0.0,904,-1.0483394861221313,0.3004891872406006,0.09980706125497818,0.008417737670242786,0.08965981006622314,0.11737436056137085,0.9992655095364793,0.09980706125497818,0.008417737670242786,0.08965981006622314,0.08965981006622314,0.09836450219154358,0.11737436056137085,0.11737436056137085,0.008417737670242786,0.008417737670242786,0.008417646400630474
2,12.009230322748422,0.09786000006273389,0.09909999993164093,0.1,-0.0009000000683590803,-0.008999999783590824,0.0,0.10010497272014618,0.0,0.0,False,1.1718749703959475e-07,401.90997314453125,0.3250178098678589,-3.141000703976715e-08,0.0,-3.5156250532963895e-07,0.9999997615814209,4.49367618560791,0.0,0.0,0.0,0.00010611300240270793,0.0,0.0,100,0.2,0.142,0.0,1070,-1.0472880601882935,0.3007621765136719,0.10010497272014618,0.007358405273407698,0.089652419090271,0.11738839745521545,0.9992472005387611,0.10010497272014618,0.007358405273407698,0.089652419090271,0.09119704365730286,0.09895649552345276,0.10933209955692041,0.11738839745521545,0.007358404342085123,0.007358405273407698,0.0073584457859396935
3,13.270172138154507,0.09823999989405274,0.09866999991284683,0.1,-0.0013300000871531714,-0.01329999954153176,0.0,0.09974250942468643,0.0,0.0,False,2.636718647863745e-07,493.1412353515625,0.32423511147499084,7.74508706058441e-08,0.0,-1.9531249506599124e-07,0.9999998211860657,4.391891002655029,0.0,0.0,0.0,5.721954948967323e-05,0.0,0.0,100,0.2,0.138,0.0,1058,-1.0463021993637085,0.3010183870792389,0.09974250942468643,0.007129761390388012,0.0896434485912323,0.11740529537200928,0.999248634071602,0.09974250942468643,0.007129761390388012,0.0896434485912323,0.0896434485912323,0.09939953684806824,0.10857645869254771,0.11740529537200928,0.007129760924726725,0.007129761390388012,0.007129800971597433
4,15.329947131454945,0.0989799997843802,0.09882499984861351,0.1,-0.001175000151386496,-0.011750000338864926,0.0,0.10070788115262985,0.0,0.0,False,8.593750067120709e-07,677.0301513671875,0.3263499140739441,3.119438929388707e-08,0.0,-1.8554688097083272e-07,0.9999998807907104,3.5685174465179443,0.0,0.0,0.0,0.00014265133359003812,0.0,0.0,100,0.2,0.134,0.0,940,-1.0460166931152344,0.30109259486198425,0.10070788115262985,0.007183115463703871,0.08963501453399658,0.11742118000984192,0.9994864513541846,0.10070788115262985,0.007183115463703871,0.08963501453399658,0.08963501453399658,0.10144490003585815,0.1083810031414032,0.11742118000984192,0.007183114532381296,0.007183115463703871,0.007183029782027006
5,15.902740772336722,0.10061999994143844,0.09972249989502598,0.1,-0.00027750010497402944,-0.002775000772240217,0.0,0.10097745060920715,0.0,0.0,False,6.24999984211172e-07,731.28955078125,0.3269912898540497,9.156614133587482e-09,0.0,-1.8066405971239874e-07,0.9999998807907104,3.4408886432647705,0.0,0.0,0.0,0.00010704976739361882,0.0,0.0,100,0.2,0.148,0.0,954,-1.0463120937347412,0.3010157346725464,0.10097745060920715,0.006540111266076565,0.08963266015052795,0.11742576956748962,0.999261462788035,0.10097745060920715,0.006540111266076565,0.08963266015052795,0.09208720028400438,0.10046818852424622,0.10771679580211205,0.11742576956748962,0.006540112197399139,0.006540111266076565,0.006540043279528618
6,13.417943429529666,0.09899999994784593,0.09936124992143595,0.1,-0.0006387500785640515,-0.006387500146890501,0.0,0.0998963862657547,0.0,0.0,False,-4.98046858865564e-07,500.95709228515625,0.32465121150016785,-2.538517129835327e-08,0.0,-1.6113281731122697e-07,0.9999998807907104,4.148366928100586,0.0,0.0,0.0,9.888399654300883e-05,0.0,0.0,100,0.2,0.14,0.0,1064,-1.046893835067749,0.3008646070957184,0.0998963862657547,0.006097587291151285,0.08963516354560852,0.11742100119590759,0.9993133576672609,0.0998963862657547,0.006097587291151285,0.08963516354560852,0.0927533209323883,0.09880334511399269,0.10628168880939391,0.11742100119590759,0.006097587291151285,0.006097587291151285,0.006097589153796434
7,14.213411513745784,0.1019200000204146,0.10064062497092527,0.1,0.0006406249709252632,0.006406249068627724,0.0,0.09877467900514603,0.0,0.0,False,4.199218608391675e-07,557.02490234375,0.3219897747039795,-4.379004181487289e-08,0.0,-1.416015606992005e-07,0.9999998211860657,4.408542633056641,0.0,0.0,0.0,0.00011619673750828952,0.0,0.0,100,0.2,0.156,0.01,976,-1.0476852655410767,0.3006590008735657,0.09877467900514603,0.008433406241238117,0.08964011073112488,0.11741164326667786,0.9994161558497499,0.09877467900514603,0.008433406241238117,0.08964011073112488,0.08964011073112488,0.096549391746521,0.11169087886810303,0.11741164326667786,0.008433407172560692,0.008433406241238117,0.008433477021753788
8,17.40008890476823,0.09909999990835786,0.09987031243964156,0.1,-0.00012968756035844353,-0.001296875473896888,0.0,0.09920378774404526,0.0,0.0,False,-2.1484375167801772e-07,865.6589965820312,0.32309797406196594,8.705705489830962e-09,0.0,1.6113281731122697e-07,0.9999998807907104,3.542290210723877,0.0,0.0,0.0,7.505078428948764e-06,0.0,0.0,100,0.2,0.14,0.0,922,-1.0483499765396118,0.3004864454269409,0.09920378774404526,0.006465164478868246,0.0896468460559845,0.11739897727966309,0.9993566909441933,0.09920378774404526,0.006465164478868246,0.0896468460559845,0.0896468460559845,0.09995803236961365,0.10633045732974833,0.11739897727966309,0.006465164478868246,0.006465164478868246,0.006465237587690353
9,13.502327281057834,0.09907999991998076,0.09947515617981116,0.1,-0.0005248438201888445,-0.005248437677044677,0.0,0.09949147701263428,0.0,0.0,False,2.4414063659605745e-07,494.2584228515625,0.32370612025260925,-2.546668120828599e-08,0.0,3.5644532658807293e-07,0.9999998211860657,4.524850845336914,0.0,0.0,0.0,1.16351802716963e-05,0.0,0.0,100,0.2,0.134,0.0,972,-1.0487653017044067,0.300378680229187,0.09949147701263428,0.006849019788205624,0.08965253829956055,0.11738824844360352,0.9992298121490132,0.09949147701263428,0.006849019788205624,0.08965253829956055,0.09095165133476257,0.09928420186042786,0.10795385837554865,0.11738824844360352,0.006849019788205624,0.006849019788205624,0.006849060766398907
10,16.12876650580764,0.1021399998627603,0.10080757802128573,0.1,0.0008075780212857264,0.008075779405279324,0.0,0.10037527233362198,0.0,0.0,False,-4.2968750335603545e-07,736.0031127929688,0.32559865713119507,5.074143416550214e-08,0.0,-2.4414061883248905e-08,0.9999998807907104,3.58252215385437,0.0,0.0,0.0,0.00013100935029797256,0.0,0.0,100,0.2,0.152,0.01,934,-1.0493663549423218,0.3002227544784546,0.10037527233362198,0.00751393660902977,0.08965602517127991,0.1173815131187439,0.9993597223236329,0.10037527233362198,0.00751393660902977,0.08965602517127991,0.09208022952079804,0.09817084670066833,0.11229336261749268,0.1173815131187439,0.007513938006013632,0.00751393660902977,0.007513861637562513
11,17.864021997600794,0.10012000000476837,0.10046378901302705,0.1,0.0004637890130270439,0.0046378896664814725,0.0,0.09981818497180939,0.0,0.0,False,4.882812731921149e-07,896.216796875,0.3243334889411926,-3.356293021283818e-08,0.0,-1.8554688097083272e-07,0.9999998807907104,3.705817222595215,0.0,0.0,0.0,7.92078863014467e-05,0.0,0.0,100,0.2,0.14,0.0,862,-1.0497305393218994,0.30012837052345276,0.09981818497180939,0.007972253486514091,0.08966115117073059,0.11737187206745148,0.9993620424895578,0.09981818497180939,0.007972253486514091,0.08966115117073059,0.08966115117073059,0.09880644083023071,0.11091187596321044,0.11737187206745148,0.007972254417836666,0.007972253486514091,0.007972218096256256
12,13.251993941128253,0.10185999984666705,0.10116189442984705,0.1,0.0011618944298470435,0.011618943136576122,0.0,0.10056120157241821,0.0,0.0,False,-1.56249996052793e-07,463.8290710449219,0.3260665237903595,7.97256838325211e-09,0.0,2.636718647863745e-07,0.9999998211860657,4.841437816619873,0.0,0.0,0.0,9.928612416842952e-05,0.0,0.0,100,0.2,0.136,0.0,1002,-1.0501255989074707,0.30002593994140625,0.10056120157241821,0.006715155206620693,0.08966416120529175,0.11736598610877991,0.9993098875744499,0.10056120157241821,0.006715155206620693,0.08966416120529175,0.09258836507797241,0.09995812177658081,0.1084693551063521,0.11736598610877991,0.0067151556722819805,0.006715155206620693,0.006715269293636084
13,13.730405662894249,0.09857999977841973,0.09987094710413338,0.1,-0.0001290528958666215,-0.001290528829613332,0.0,0.09925869852304459,0.0,0.0,False,4.1015624674400897e-07,501.8721923828125,0.3232499957084656,-8.52435810827501e-09,0.0,-6.347656267280399e-08,0.9999997615814209,4.440392017364502,0.0,0.0,0.0,7.342577009694651e-05,0.0,0.0,100,0.2,0.134,0.0,988,-1.0507233142852783,0.299871027469635,0.09925869852304459,0.006043734960258007,0.08966755867004395,0.11735966801643372,0.999419327768827,0.09925869852304459,0.006043734960258007,0.08966755867004395,0.09316453635692631,0.09817296266555786,0.10876718163490295,0.11735966801643372,0.00604373449459672,0.006043734960258007,0.006043767090886831
14,13.055382018893956,0.09973999990150333,0.09980547350281835,0.1,-0.00019452649718165738,-0.001945264777290096,0.0,0.10126696527004242,0.0,0.0,False,-2.5390625069121597e-07,448.79010009765625,0.3276081383228302,-3.6953387905214186e-08,0.0,-8.300781217940312e-08,0.9999997615814209,4.503495693206787,0.0,0.0,0.0,4.243590865371516e-06,0.0,0.0,100,0.2,0.142,0.0,1044,-1.0512430667877197,0.2997364103794098,0.10126696527004242,0.006751648150384426,0.08967265486717224,0.11735009402036667,0.9993269468250658,0.10126696527004242,0.006751648150384426,0.08967265486717224,0.09312359690666258,0.10097438097000122,0.11017419695854078,0.11735009402036667,0.006751649081707001,0.006751648150384426,0.006751702632755041
15,12.780731921464206,0.10059999982267619,0.10020273666274726,0.1,0.00020273666274725488,0.0020273664247359062,0.0,0.10022677481174469,0.0,0.0,False,-5.126952942191565e-07,421.44781494140625,0.3253849148750305,2.7537345737016494e-09,0.0,2.978515567519935e-07,0.9999998211860657,4.908962249755859,0.0,0.0,0.0,4.512283794610994e-06,0.0,0.0,100,0.2,0.134,0.0,1058,-1.051614761352539,0.29964011907577515,0.10022677481174469,0.005985943600535393,0.08967706561088562,0.11734172701835632,0.9994082748553917,0.10022677481174469,0.005985943600535393,0.08967706561088562,0.09323462843894958,0.09910982847213745,0.10848965048789766,0.11734172701835632,0.0059859431348741055,0.005985943600535393,0.005985915660858154
16,16.280038787335158,0.09976000010967255,0.09998136838620991,0.1,-1.863161379009326e-05,-0.00018631611926932067,0.0,0.09980326890945435,0.0,0.0,False,2.1484375167801772e-07,706.1504516601562,0.3244050443172455,6.996095369693478e-10,0.0,1.2207031829802872e-07,0.9999998211860657,4.31742525100708,0.0,0.0,0.0,0.00010713760275393724,0.0,0.0,100,0.2,0.136,0.0,870,-1.0515599250793457,0.2996543347835541,0.09980326890945435,0.00669280206784606,0.08968022465705872,0.1173357367515564,0.9992703936276415,0.09980326890945435,0.00669280206784606,0.08968022465705872,0.09157982468605042,0.09995818138122559,0.10913321673870087,0.1173357367515564,0.006692803464829922,0.00669280206784606,0.006692944094538689
17,13.417157159090042,0.09915999984368681,0.09957068411494836,0.1,-0.00042931588505164264,-0.004293158421200584,0.0,0.09957638382911682,0.0,0.0,False,-1.7578125266481948e-07,459.9998779296875,0.32393309473991394,2.1013617512721794e-09,0.0,4.2968750335603545e-07,0.9999998211860657,4.886183261871338,0.0,0.0,0.0,3.360547634656541e-05,0.0,0.0,100,0.2,0.132,0.0,962,-1.051263451576233,0.2997311055660248,0.09957638382911682,0.006254592444747686,0.0896797776222229,0.11733666062355042,0.9993491786877113,0.09957638382911682,0.006254592444747686,0.0896797776222229,0.0896797776222229,0.09995818138122559,0.10738047957420349,0.11733666062355042,0.006254591513425112,0.006254592444747686,0.0062545365653932095
18,12.957839811831713,0.10035999960824847,0.09996534186159842,0.1,-3.465813840158871e-05,-0.0003465813493577522,0.0,0.0998774915933609,0.0,0.0,False,-1.0058594170914148e-06,426.367919921875,0.32464808225631714,-6.97493574008945e-09,0.0,4.4921875996806193e-07,0.9999997615814209,4.691250801086426,0.0,0.0,0.0,4.7620102122891694e-05,0.0,0.0,100,0.2,0.138,0.0,1024,-1.0508710145950317,0.2998327612876892,0.0998774915933609,0.005456267390400171,0.08967724442481995,0.1103648841381073,0.9995376344003686,0.0998774915933609,0.005456267390400171,0.08967724442481995,0.09097346663475037,0.09995812177658081,0.10636084973811856,0.1103648841381073,0.005456268321722746,0.005456267390400171,0.005456236191093922
19,14.333253331035376,0.1023999998755753,0.10118267086858686,0.1,0.001182670868586852,0.01182670750319777,0.0,0.10050613433122635,0.0,0.0,False,2.343749940791895e-07,521.5774536132812,0.3259469270706177,3.214374189042246e-08,0.0,1.708984314063855e-07,0.9999997615814209,4.869754791259766,0.0,0.0,0.0,0.00013777254207525402,0.0,0.0,100,0.2,0.146,0.0,962,-1.0501413345336914,0.30002185702323914,0.10050613433122635,0.006722510792315006,0.08967387676239014,0.11734771728515625,0.9992018931747018,0.10050613433122635,0.006722510792315006,0.08967387676239014,0.09271792769432102,0.09995812177658081,0.11002100706100149,0.11734771728515625,0.006722510326653719,0.006722510792315006,0.006722508929669857
20,14.061595751017332,0.09938000009581446,0.10028133548220067,0.1,0.00028133548220066196,0.0028133545406711655,0.0,0.09874824434518814,0.0,0.0,False,-5.468750146064849e-07,497.6000671386719,0.32211288809776306,3.9504765680931087e-08,0.0,2.343749940791895e-07,0.9999998807907104,4.783087730407715,0.0,0.0,0.0,9.603960643289611e-05,0.0,0.0,100,0.2,0.144,0.0,880,-1.0491822957992554,0.30027052760124207,0.09874824434518814,0.006151935085654259,0.08966773748397827,0.11735939979553223,0.9990446182205132,0.09874824434518814,0.006151935085654259,0.08966773748397827,0.08966773748397827,0.09817296266555786,0.10551219582557642,0.11735939979553223,0.006151936482638121,0.006151935085654259,0.006151869893074036
21,12.916082623392343,0.10145999993383885,0.10087066770801975,0.1,0.0008706677080197456,0.008706676209529834,0.0,0.10046562552452087,0.0,0.0,False,2.0507812337200448e-07,403.5506591796875,0.3258993327617645,6.539851682418885e-08,0.0,1.0253906168600224e-07,0.9999997615814209,5.537790775299072,0.0,0.0,0.0,1.2812653039873112e-05,0.0,0.0,100,0.2,0.134,0.0,1032,-1.0484354496002197,0.30046430230140686,0.10046562552452087,0.006139708217233419,0.08965954184532166,0.11737483739852905,0.9992519552267669,0.10046562552452087,0.006139708217233419,0.08965954184532166,0.09322291612625122,0.09995809197425842,0.10835942775011062,0.11737483739852905,0.006139708682894707,0.006139708217233419,0.006139716599136591
22,14.380127471774816,0.10119999985396862,0.10103533378099419,0.1,0.0010353337809941854,0.010353336774608176,0.0,0.10035843402147293,0.0,0.0,False,-1.0742187583900886e-07,509.2404479980469,0.32550710439682007,-4.1275917794791894e-08,0.0,1.3671875365162123e-07,0.9999997615814209,5.069454669952393,0.0,0.0,0.0,1.224357129103737e-05,0.0,0.0,100,0.2,0.166,0.01,956,-1.0479907989501953,0.30057966709136963,0.10035843402147293,0.00813058391213417,0.08965319395065308,0.1173868477344513,0.9993923040233572,0.10035843402147293,0.00813058391213417,0.08965319395065308,0.08965319395065308,0.09995800256729126,0.11167454719543457,0.1173868477344513,0.008130582980811596,0.00813058391213417,0.008130514062941074
23,25.63786526465416,0.09981999990344048,0.10042766684221734,0.1,0.00042766684221733076,0.004276667994506508,0.0,0.10069410502910614,0.0,0.0,False,-3.12499992105586e-07,1969.8040771484375,0.3262858986854553,-1.5485882798316197e-08,0.0,1.6113281731122697e-07,0.9999998807907104,2.650324821472168,0.0,0.0,0.0,2.3191634682007134e-05,0.0,0.0,100,0.2,0.146,0.0,974,-1.047783613204956,0.3006334900856018,0.10069410502910614,0.007630109786987305,0.08964943885803223,0.11739403009414673,0.9993267117052538,0.10069410502910614,0.007630109786987305,0.08964943885803223,0.08964943885803223,0.1018831729888916,0.1123020350933075,0.11739403009414673,0.00763010885566473,0.007630109786987305,0.007630053907632828
24,11.83397775864601,0.10017999998107553,0.10030383341164643,0.1,0.00030383341164642863,0.003038333812630905,0.0,0.10065609216690063,0.0,0.0,False,-2.2460937998403097e-07,318.1324768066406,0.32632163166999817,-1.95473437436533e-09,0.0,-2.4414061883248905e-08,0.9999997615814209,5.696244239807129,0.0,0.0,0.0,6.857812877569813e-06,0.0,0.0,100,0.2,0.134,0.0,1038,-1.0477041006088257,0.3006541430950165,0.10065609216690063,0.006045460235327482,0.08964765071868896,0.11739733815193176,0.9991789273602718,0.10065609216690063,0.006045460235327482,0.08964765071868896,0.09213165193796158,0.10097691416740417,0.10684159398078918,0.11739733815193176,0.006045460235327482,0.006045460235327482,0.006045394577085972
25,14.061186471998692,0.10153999968245625,0.10092191654705135,0.1,0.0009219165470513435,0.00921916454859698,0.0,0.10138266533613205,0.0,0.0,False,1.4648438195763447e-07,464.98541259765625,0.3278461694717407,-6.748885006402361e-09,0.0,-8.300781217940312e-08,0.9999998211860657,5.352379322052002,0.0,0.0,0.0,3.6226356314728037e-05,0.0,0.0,100,0.2,0.142,0.0,916,-1.04754638671875,0.3006950914859772,0.10138266533613205,0.006944994442164898,0.08964699506759644,0.11739861965179443,0.9993075405074229,0.10138266533613205,0.006944994442164898,0.08964699506759644,0.09151640832424184,0.1019892543554306,0.11039817333221436,0.11739861965179443,0.006944993976503611,0.006944994442164898,0.006944953929632902
26,16.125235967099666,0.1010200000628829,0.10097095830496713,0.1,0.0009709583049671289,0.00970958207871308,0.0,0.10074882954359055,0.0,0.0,False,-2.7343750730324246e-07,650.9236450195312,0.3264082670211792,3.6209823334187874e-11,0.0,3.417968841290531e-08,0.9999998211860657,4.188940048217773,0.0,0.0,0.0,5.932342537562363e-05,0.0,0.0,100,0.2,0.134,0.0,940,-1.0475728511810303,0.3006882071495056,0.10074882954359055,0.007594580762088299,0.08964568376541138,0.11740118265151978,0.9992363978289779,0.10074882954359055,0.007594580762088299,0.08964568376541138,0.08964568376541138,0.10166358947753906,0.10923331677913568,0.11740118265151978,0.0075945802964270115,0.007594580762088299,0.00759459612891078
27,13.387135986596347,0.0988999999165535,0.09993547911076031,0.1,-6.452088923969423e-05,-0.0006452088278760596,0.0,0.09994877874851227,0.0,0.0,False,2.3925781533762347e-07,406.4047546386719,0.3247426152229309,-2.0167828296280277e-08,0.0,-1.4648438195763447e-07,0.9999998211860657,5.531731605529785,0.0,0.0,0.0,0.00011464582348708063,0.0,0.0,100,0.2,0.144,0.0,884,-1.048056960105896,0.3005625307559967,0.09994877874851227,0.00645641703158617,0.08964589238166809,0.11740074306726456,0.9993308808221721,0.09994877874851227,0.00645641703158617,0.08964589238166809,0.09310541450977385,0.09938132762908936,0.1085175961256006,0.11740074306726456,0.00645641703158617,0.00645641703158617,0.006456445902585983
28,12.38232465428114,0.10121999983862043,0.10057773947469037,0.1,0.0005777394746903641,0.005777394169164224,0.0,0.10136578977108002,0.0,0.0,False,3.41796862812771e-07,334.1651306152344,0.3278310298919678,1.6908199285126102e-08,0.0,-2.4414063659605745e-07,0.9999997615814209,5.86313533782959,0.0,0.0,0.0,0.00011919115058844909,0.0,0.0,100,0.2,0.136,0.0,996,-1.0489342212677002,0.3003348708152771,0.10136578977108002,0.006678985431790352,0.08965000510215759,0.11739295721054077,0.999310317273469,0.10136578977108002,0.006678985431790352,0.08965000510215759,0.09321656823158264,0.10073328018188477,0.10882132649421637,0.11739295721054077,0.00667898403480649,0.006678985431790352,0.006679156795144081
29,12.65029313838482,0.10101999990269542,0.1007988696886929,0.1,0.0007988696886928881,0.007988696088059272,0.0,0.10028987377882004,0.0,0.0,False,6.347656267280399e-08,349.96624755859375,0.3255445659160614,8.78304273754793e-09,0.0,1.416015606992005e-07,0.9999998807907104,5.646385192871094,0.0,0.0,0.0,9.566546941641718e-05,0.0,0.0,100,0.2,0.152,0.01,916,-1.0499987602233887,0.3000587821006775,0.10028987377882004,0.005605734419077635,0.08965745568275452,0.11737880110740662,0.9993330067693321,0.10028987377882004,0.005605734419077635,0.08965745568275452,0.09213918447494507,0.10046697407960892,0.1068345308303833,0.11737880110740662,0.005605734419077635,0.005605734419077635,0.005605744663625956
30,13.19498665523529,0.10023999972641467,0.10051943470755378,0.1,0.0005194347075537786,0.00519434655610313,0.0,0.10039062798023224,0.0,0.0,False,8.789062633240974e-08,374.66668701171875,0.3257836103439331,4.442423673367557e-08,0.0,-1.8554688097083272e-07,0.9999998807907104,6.100572109222412,0.0,0.0,0.0,8.339681698998902e-06,0.0,0.0,100,0.2,0.13,0.0,1096,-1.0508869886398315,0.2998286187648773,0.10039062798023224,0.005327983293682337,0.08966648578643799,0.11736172437667847,0.9992457936349977,0.10039062798023224,0.005327983293682337,0.08966648578643799,0.09377272501587901,0.10073205828666687,0.10619819164276123,0.11736172437667847,0.005327983759343624,0.005327983293682337,0.005327900405973196
31,18.261093115717173,0.10127999981120228,0.10089971725937803,0.1,0.0008997172593780273,0.008997171694063104,0.0,0.1001962423324585,0.0,0.0,False,3.5156250532963895e-07,804.4655151367188,0.32517334818840027,-6.921544581928174e-08,0.0,-2.1484375167801772e-07,0.9999998807907104,4.498937606811523,0.0,0.0,0.0,8.602600428275764e-05,0.0,0.0,100,0.2,0.138,0.0,1020,-1.0517611503601074,0.299602210521698,0.1001962423324585,0.007863069884479046,0.08967405557632446,0.11734744906425476,0.9993239329045649,0.1001962423324585,0.007863069884479046,0.08967405557632446,0.08967405557632446,0.1006569117307663,0.11036837100982666,0.11734744906425476,0.007863068953156471,0.007863069884479046,0.007862967438995838
32,16.797263029575348,0.10301999992877245,0.10195985859407525,0.1,0.001959858594075242,0.019598583980894025,0.0,0.10048829019069672,0.0,0.0,False,-1.9531249506599124e-08,642.5706787109375,0.3259158730506897,-2.5359392807899894e-08,0.0,-1.0742187583900886e-07,0.9999998807907104,5.086886405944824,0.0,0.0,0.0,5.6435237638652325e-05,0.0,0.0,100,0.2,0.152,0.01,996,-1.0526615381240845,0.299369215965271,0.10048829019069672,0.006600172724574804,0.08968144655227661,0.11733344197273254,0.9993145939854378,0.10048829019069672,0.006600172724574804,0.08968144655227661,0.09317389428615605,0.09995818138122559,0.10913202166557312,0.11733344197273254,0.006600172258913517,0.006600172724574804,0.006600189488381147
33,12.970564861774445,0.09744000012800097,0.09969992936103811,0.1,-0.0003000706389618968,-0.003000706089548359,0.0,0.09948045015335083,0.0,0.0,False,-4.785156306752469e-07,337.4042053222656,0.32366955280303955,4.914551876566975e-09,0.0,-9.765624753299562e-09,0.9999997615814209,6.3267974853515625,0.0,0.0,0.0,3.675347761600278e-05,0.0,0.0,100,0.2,0.142,0.0,908,-1.0534729957580566,0.29915931820869446,0.09948045015335083,0.00699240155518055,0.08968910574913025,0.11731895804405212,0.9992669718376103,0.09948045015335083,0.00699240155518055,0.08968910574913025,0.08968910574913025,0.09995827078819275,0.10754838287830097,0.11731895804405212,0.006992400158196688,0.00699240155518055,0.006992402020841837
34,11.956475954174996,0.10023999982699752,0.09996996459401782,0.1,-3.003540598219001e-05,-0.0003003540297864971,0.0,0.1009943038225174,0.0,0.0,False,-1.9531249506599124e-08,275.8553466796875,0.32700639963150024,-3.271386006531429e-08,0.0,-1.2695312534560799e-07,0.9999997615814209,6.222819805145264,0.0,0.0,0.0,2.0892773591185687e-06,0.0,0.0,100,0.2,0.138,0.0,980,-1.054068922996521,0.2990052402019501,0.1009943038225174,0.0068177045322954655,0.08969596028327942,0.11730590462684631,0.9992765922184886,0.1009943038225174,0.0068177045322954655,0.08969596028327942,0.08969600722193719,0.10143592953681946,0.10832741856575012,0.11730590462684631,0.006817704997956753,0.0068177045322954655,0.006817698013037443
35,18.510613743633034,0.09675999999046325,0.09836498229224053,0.1,-0.0016350177077594785,-0.01635017544257724,0.0,0.09909756481647491,0.0,0.0,False,2.5390625069121597e-07,834.795654296875,0.3228452205657959,2.8950571717700768e-08,0.0,-7.324219097881723e-08,0.9999999403953552,3.810647964477539,0.0,0.0,0.0,7.288302731467411e-05,0.0,0.0,100,0.2,0.152,0.01,1028,-1.0547007322311401,0.29884204268455505,0.09909756481647491,0.006738865282386541,0.08970102667808533,0.11729639768600464,0.9993230863599588,0.09909756481647491,0.006738865282386541,0.08970102667808533,0.09121430516242994,0.0975024402141571,0.10911315679550171,0.11729639768600464,0.006738864816725254,0.006738865282386541,0.0067389244213700294
36,12.307636363059283,0.09813999996706843,0.09825249112965448,0.1,-0.0017475088703455266,-0.01747508695594657,0.0,0.0986086055636406,0.0,0.0,False,-1.9531249506599124e-08,282.49688720703125,0.3217892050743103,2.4616420901679703e-08,0.0,1.2695312534560799e-07,0.9999998211860657,6.307025909423828,0.0,0.0,0.0,4.222217830829322e-05,0.0,0.0,100,0.2,0.14,0.0,938,-1.0551038980484009,0.29873788356781006,0.0986086055636406,0.006374442018568516,0.08970639109611511,0.11728626489639282,0.9992693947122073,0.0986086055636406,0.006374442018568516,0.08970639109611511,0.08970639109611511,0.09911245107650757,0.10520943999290466,0.11728626489639282,0.006374442018568516,0.006374442018568516,0.006374482065439224
37,13.26890768814087,0.1025399998575449,0.10039624549359968,0.1,0.0003962454935996784,0.00396245453975133,0.0,0.10068613290786743,0.0,0.0,False,7.81249980263965e-08,330.8013916015625,0.3263382017612457,-6.430402521573342e-08,0.0,-1.4648438195763447e-07,0.9999999403953552,6.465826988220215,0.0,0.0,0.0,0.00014340410416480154,0.0,0.0,100,0.2,0.144,0.0,924,-1.0557626485824585,0.29856783151626587,0.10068613290786743,0.006717026699334383,0.08970983326435089,0.11727985739707947,0.999428951941573,0.10068613290786743,0.006717026699334383,0.08970983326435089,0.08970984816551208,0.10120229423046112,0.1091046929359436,0.11727985739707947,0.006717026233673096,0.006717026699334383,0.0067168716341257095
38,13.902346684604883,0.10053999967128038,0.10046812258244003,0.1,0.00046812258244002813,0.004681225356277746,0.0,0.10037381947040558,0.0,0.0,False,4.4921875996806193e-07,369.04937744140625,0.3257555067539215,2.7791559276124644e-08,0.0,-2.0019531632442522e-07,0.9999998211860657,6.079861640930176,0.0,0.0,0.0,1.521772446722025e-06,0.0,0.0,100,0.2,0.144,0.0,1054,-1.0564442873001099,0.2983919084072113,0.10037381947040558,0.0052034263499081135,0.08971536159515381,0.11726930737495422,0.9990774245997246,0.10037381947040558,0.0052034263499081135,0.08971536159515381,0.09384612739086161,0.09995836019515991,0.10616657137870789,0.11726930737495422,0.0052034263499081135,0.0052034263499081135,0.0052034007385373116
39,14.06255939590931,0.10157999988645315,0.1010240612344466,0.1,0.0010240612344465938,0.010240611320404805,0.0,0.09984145313501358,0.0,0.0,False,7.324219097881723e-08,374.6064147949219,0.3244715631008148,-5.253553592154958e-09,0.0,5.859374851979737e-08,0.9999998211860657,5.951841831207275,0.0,0.0,0.0,0.00015596421144437045,0.0,0.0,100,0.2,0.14,0.0,964,-1.0563859939575195,0.2984069585800171,0.09984145313501358,0.006893741432577372,0.08972117304801941,0.11725842952728271,0.9992697584496117,0.09984145313501358,0.006893741432577372,0.08972117304801941,0.08972117304801941,0.09995836019515991,0.10752294361591085,0.11725842952728271,0.006893741432577372,0.006893741432577372,0.006893786136060953
40,11.378208478957415,0.10144000006094575,0.10123203064769618,0.1,0.0012320306476961695,0.012320305244931171,0.0,0.10109569132328033,0.0,0.0,False,4.5898437406322046e-07,210.99740600585938,0.3273102045059204,1.1294484458801435e-08,0.0,-3.906249901319825e-08,0.9999997615814209,7.051529884338379,0.0,0.0,0.0,8.698704186826944e-05,0.0,0.0,100,0.2,0.14,0.0,1036,-1.0558106899261475,0.298555463552475,0.10109569132328033,0.005645981524139643,0.08972066640853882,0.11725935339927673,0.9994995283504444,0.10109569132328033,0.005645981524139643,0.08972066640853882,0.09421298801898977,0.09995836019515991,0.10871806740760803,0.11725935339927673,0.005645982921123505,0.005645981524139643,0.0056460523046553135
41,13.95537332507968,0.10063999972492456,0.10093601518631037,0.1,0.0009360151863103683,0.00936015092708859,0.0,0.10044655203819275,0.0,0.0,False,1.0742187583900886e-07,349.1005859375,0.32579973340034485,1.9732713241182864e-08,0.0,-5.859374851979737e-08,0.9999997615814209,6.410391807556152,0.0,0.0,0.0,3.506341090542264e-05,0.0,0.0,100,0.2,0.138,0.0,926,-1.0553984642028809,0.29866185784339905,0.10044655203819275,0.0069463192485272884,0.08971577882766724,0.11726850271224976,0.9992921992972732,0.10044655203819275,0.0069463192485272884,0.08971577882766724,0.09160906076431274,0.09995836019515991,0.10744832456111769,0.11726850271224976,0.006946318782866001,0.0069463192485272884,0.006946253124624491
42,16.38625939655304,0.10197999989241362,0.10145800753936199,0.1,0.001458007539361983,0.014580073935612435,0.0,0.10008906573057175,0.0,0.0,False,1.2695312534560799e-07,520.2838134765625,0.32508546113967896,-1.9780843629746414e-08,0.0,-4.394531316620487e-08,0.9999998807907104,5.613022804260254,0.0,0.0,0.0,2.1124464183230884e-05,0.0,0.0,100,0.2,0.16,0.01,880,-1.0552525520324707,0.2986995279788971,0.10008906573057175,0.005924182012677193,0.08971229195594788,0.11727511882781982,0.9992988769382241,0.10008906573057175,0.005924182012677193,0.08971229195594788,0.09160622954368591,0.09995830059051514,0.10831305384635925,0.11727511882781982,0.005924181547015905,0.005924182012677193,0.005924185737967491
43,14.651339791208505,0.1030999997779727,0.10227900365866735,0.1,0.0022790036586673446,0.022790034307670015,0.0,0.10088758915662766,0.0,0.0,False,2.7343750730324246e-07,382.16534423828125,0.32683417201042175,1.3775825813411302e-08,0.0,8.789062633240974e-08,0.9999998807907104,6.062071800231934,0.0,0.0,0.0,0.00013465061783790588,0.0,0.0,100,0.2,0.142,0.0,928,-1.0547600984573364,0.298826664686203,0.10088758915662766,0.00596697349101305,0.08971109986305237,0.11727747321128845,0.9991626300842604,0.10088758915662766,0.00596697349101305,0.08971109986305237,0.09380010366439852,0.10046444088220596,0.10745204091071944,0.11727747321128845,0.00596697349101305,0.00596697349101305,0.005967065691947937
44,16.332520630449057,0.10037999991700053,0.10132950178783394,0.1,0.0013295017878339338,0.013295016548837683,0.0,0.10079245269298553,0.0,0.0,False,3.41796862812771e-07,490.3259582519531,0.3265920579433441,3.5657585328863206e-08,0.0,-1.4648438195763447e-07,0.9999998807907104,5.8976898193359375,0.0,0.0,0.0,3.571454726625234e-06,0.0,0.0,100,0.2,0.132,0.0,942,-1.05419921875,0.29897165298461914,0.10079245269298553,0.006449716631323099,0.08970692753791809,0.11728537082672119,0.9994273798423379,0.10079245269298553,0.006449716631323099,0.08970692753791809,0.09325450658798218,0.09995827078819275,0.10976937413215637,0.11728537082672119,0.006449715234339237,0.006449716631323099,0.006449838634580374
45,14.109001403331757,0.09776000000536442,0.09954475089659917,0.1,-0.00045524910340083435,-0.0045524905787592855,0.0,0.10004199296236038,0.0,0.0,False,-4.882812731921149e-07,322.3692321777344,0.3250311017036438,1.2039244268180482e-08,0.0,7.81249980263965e-08,0.9999998807907104,6.764477729797363,0.0,0.0,0.0,1.633226247577113e-06,0.0,0.0,100,0.2,0.136,0.0,958,-1.0538259744644165,0.2990680932998657,0.10004199296236038,0.005117873661220074,0.08970218896865845,0.11729434132575989,0.99926531143224,0.10004199296236038,0.005117873661220074,0.08970218896865845,0.09325134754180908,0.10026943683624268,0.10481577664613503,0.11729434132575989,0.005117874126881361,0.005117873661220074,0.005117787979543209
46,11.868826884537935,0.09677999990433454,0.09816237540046685,0.1,-0.0018376245995331553,-0.018376244157707135,0.0,0.0993090495467186,0.0,0.0,False,9.277344048541636e-08,196.15528869628906,0.3233904540538788,1.7979741029350294e-09,0.0,2.9296874259898686e-08,0.9999997019767761,7.409908294677734,0.0,0.0,0.0,1.8983408153872006e-05,0.0,0.0,100,0.2,0.134,0.0,1022,-1.053643822669983,0.29911521077156067,0.0993090495467186,0.005550994537770748,0.08969897031784058,0.11730030179023743,0.9991573625229133,0.0993090495467186,0.005550994537770748,0.08969897031784058,0.08969897031784058,0.09995821118354797,0.10423204600810765,0.11730030179023743,0.0055509950034320354,0.005550994537770748,0.005551076494157314
47,18.757506265193225,0.09819999989494681,0.09818118764770684,0.1,-0.0018188123522931698,-0.018188121704119528,0.0,0.10009140521287918,0.0,0.0,False,-3.906249901319825e-07,678.8550415039062,0.3250981271266937,-1.7463564816466715e-08,0.0,-4.394531316620487e-08,0.9999998807907104,5.345674991607666,0.0,0.0,0.0,7.68629033700563e-05,0.0,0.0,100,0.2,0.142,0.0,1042,-1.0538111925125122,0.29907190799713135,0.10009140521287918,0.005797205492854118,0.0896974503993988,0.11161959171295166,0.9995645697417767,0.10009140521287918,0.005797205492854118,0.0896974503993988,0.09155814349651356,0.09968054294586182,0.10832610726356506,0.11161959171295166,0.005797205958515406,0.005797205492854118,0.005797109566628933
48,15.343811520904303,0.10025999995321036,0.0992205938004586,0.1,-0.0007794061995414076,-0.007794061216007954,0.0,0.09911641478538513,0.0,0.0,False,3.41796862812771e-07,365.2481994628906,0.32288724184036255,1.1520385534424804e-08,0.0,2.2460937998403097e-07,0.9999998807907104,7.046531677246094,0.0,0.0,0.0,2.435923852317501e-05,0.0,0.0,100,0.2,0.144,0.0,1002,-1.05397367477417,0.2990299165248871,0.09911641478538513,0.006738254800438881,0.08969885110855103,0.11730051040649414,0.9992954218303307,0.09911641478538513,0.006738254800438881,0.08969885110855103,0.09119468033313774,0.09881100058555603,0.10832485556602478,0.11730051040649414,0.006738253403455019,0.006738254800438881,0.006738358177244663
49,12.216539992123842,0.09936000004410744,0.09929029692228303,0.1,-0.0007097030777169777,-0.007097030067466771,0.0,0.09926880896091461,0.0,0.0,False,1.6601562435880624e-07,195.47007751464844,0.32328930497169495,6.38946895392678e-09,0.0,-4.882812376649781e-08,0.9999998211860657,7.25985860824585,0.0,0.0,0.0,3.4293654607608914e-05,0.0,0.0,100,0.2,0.132,0.0,1060,-1.054154396057129,0.29898324608802795,0.09926880896091461,0.005776841193437576,0.08970022201538086,0.11729788780212402,0.9993103996970161,0.09926880896091461,0.005776841193437576,0.08970022201538086,0.09217208623886108,0.09881114959716797,0.10786846280097961,0.11729788780212402,0.005776840727776289,0.005776841193437576,0.00577689241617918
50,13.984302413225175,0.10115999999642372,0.10022514845935337,0.1,0.00022514845935336925,0.0022514843683852557,0.0,0.10170996934175491,0.0,0.0,False,-3.5156250532963895e-07,279.8607177734375,0.32863545417785645,-7.116794376038627e-10,0.0,5.859374851979737e-08,0.9999998211860657,7.0905632972717285,0.0,0.0,0.0,3.879188807331957e-05,0.0,0.0,100,0.2,0.142,0.0,982,-1.0544664859771729,0.2989025115966797,0.10170996934175491,0.005876683630049229,0.08970177173614502,0.1172950267791748,0.9992988085725378,0.10170996934175491,0.005876683630049229,0.08970177173614502,0.09599524736404419,0.1008504182100296,0.10977470874786377,0.1172950267791748,0.005876683164387941,0.005876683630049229,0.005876552779227495
51,15.145012352317572,0.09958000000193715,0.09990257423064526,0.1,-9.742576935474478e-05,-0.0009742575961216882,0.0,0.0998869240283966,0.0,0.0,False,-5.95703113503987e-07,340.56854248046875,0.3246508836746216,-1.209333522211864e-08,0.0,-3.906249901319825e-08,0.9999998211860657,6.683409690856934,0.0,0.0,0.0,1.578827141202055e-05,0.0,0.0,100,0.2,0.132,0.0,1018,-1.0547966957092285,0.29881730675697327,0.0998869240283966,0.0057636164128780365,0.08970442414283752,0.11729001998901367,0.9992980696369408,0.0998869240283966,0.0057636164128780365,0.08970442414283752,0.09099735841155052,0.09995827078819275,0.10741170942783282,0.11729001998901367,0.005763616878539324,0.0057636164128780365,0.005763682071119547
52,15.11008000639081,0.10227999989688397,0.1010912870637646,0.1,0.001091287063764601,0.010912869546359056,0.0,0.10139140486717224,0.0,0.0,False,-5.859374851979737e-08,321.37969970703125,0.3278926610946655,2.4305432333449062e-08,0.0,-3.906249901319825e-08,0.9999998807907104,7.122817039489746,0.0,0.0,0.0,0.00014859664952382445,0.0,0.0,100,0.2,0.14,0.0,884,-1.0555408000946045,0.29862505197525024,0.10139140486717224,0.006554118823260069,0.08970722556114197,0.11728477478027344,0.9991630074430625,0.10139140486717224,0.006554118823260069,0.08970722556114197,0.08970722556114197,0.10187199711799622,0.10856742560863132,0.11728477478027344,0.006554119288921356,0.006554118823260069,0.006554407067596912
53,15.390810295373202,0.09959999988973141,0.10034564347674801,0.1,0.00034564347674800877,0.0034564344218366455,0.0,0.09971783310174942,0.0,0.0,False,5.859374851979737e-08,333.2205505371094,0.3241437077522278,-3.215864197159135e-08,0.0,7.81249980263965e-08,0.9999998807907104,6.957422733306885,0.0,0.0,0.0,0.00010318784916307777,0.0,0.0,100,0.2,0.142,0.0,986,-1.0559371709823608,0.29852283000946045,0.09971783310174942,0.007616027258336544,0.08971351385116577,0.11727288365364075,0.999367104998572,0.09971783310174942,0.007616027258336544,0.08971351385116577,0.09087614417076181,0.09905070438981056,0.11037333011627126,0.11727288365364075,0.007616027723997831,0.007616027258336544,0.0076159266754984856
54,14.025985657423735,0.0974199999049306,0.09888282169083931,0.1,-0.0011171783091606935,-0.011171781974428738,0.0,0.09964397549629211,0.0,0.0,False,-1.1230468999201548e-07,241.12680053710938,0.3241141736507416,1.6085803800081067e-09,0.0,-9.765624753299562e-08,0.9999998807907104,7.735162258148193,0.0,0.0,0.0,4.316790364100598e-05,0.0,0.0,100,0.2,0.14,0.0,1100,-1.0561623573303223,0.29846471548080444,0.09964397549629211,0.005779411643743515,0.0897168517112732,0.11271011829376221,0.9995596176766552,0.09964397549629211,0.005779411643743515,0.0897168517112732,0.09157421588897724,0.09920115768909454,0.1067631185054754,0.11271011829376221,0.005779412109404802,0.005779411643743515,0.00577950943261385
55,14.652146066129207,0.10251999987661839,0.10070141078372885,0.1,0.0007014107837288452,0.007014107135877739,0.0,0.10088352859020233,0.0,0.0,False,-9.277344048541636e-08,273.56207275390625,0.32682889699935913,-3.877028831311691e-08,0.0,-4.882812376649781e-08,0.9999998807907104,7.27249002456665,0.0,0.0,0.0,0.0001010027845040895,0.0,0.0,100,0.2,0.148,0.0,948,-1.0567232370376587,0.2983199954032898,0.10088352859020233,0.005895362235605717,0.0897187888622284,0.11726289987564087,0.9994422927351664,0.10088352859020233,0.005895362235605717,0.0897187888622284,0.09471473097801208,0.09995836019515991,0.11080297827720642,0.11726289987564087,0.005895361769944429,0.005895362235605717,0.005895376205444336
56,14.795329905182124,0.09831999999657273,0.09951070539015079,0.1,-0.000489294609849214,-0.00489294560919758,0.0,0.09993702918291092,0.0,0.0,False,-3.8574219729525794e-07,278.5485534667969,0.32475048303604126,4.276990850371476e-08,0.0,9.765624753299562e-08,0.9999998211860657,6.924161434173584,0.0,0.0,0.0,4.837959568249062e-05,0.0,0.0,100,0.2,0.144,0.0,896,-1.0574305057525635,0.2981375753879547,0.09993702918291092,0.005932885222136974,0.08972349762916565,0.11158716678619385,0.9995867544837476,0.09993702918291092,0.005932885222136974,0.08972349762916565,0.0921899676322937,0.09896400570869446,0.10844810903072147,0.11158716678619385,0.005932885222136974,0.005932885222136974,0.00593298114836216
57,12.066245263367891,0.10169999988004565,0.10060535263509822,0.1,0.0006053526350982136,0.006053525745629561,0.0,0.10049793124198914,0.0,0.0,False,8.300781217940312e-08,158.1123809814453,0.32597488164901733,-6.421357223729274e-09,0.0,2.9296874259898686e-08,0.9999998211860657,6.936137676239014,0.0,0.0,0.0,1.561951830808539e-05,0.0,0.0,100,0.2,0.134,0.0,992,-1.0579304695129395,0.2980087399482727,0.10049793124198914,0.006053911056369543,0.08972951769828796,0.11724266409873962,0.9991587576191774,0.10049793124198914,0.006053911056369543,0.08972951769828796,0.0921945869922638,0.0999583899974823,0.10837671458721046,0.11724266409873962,0.006053911056369543,0.006053911056369543,0.006053826306015253
58,11.525019410252572,0.1032800000756979,0.10194267635539805,0.1,0.0019426763553980486,0.019426761611304324,0.0,0.10056545585393906,0.0,0.0,False,-1.7578125266481948e-07,133.80848693847656,0.32609277963638306,6.502449423351209e-08,0.0,1.9531249506599124e-08,0.9999999403953552,7.5763959884643555,0.0,0.0,0.0,4.156498107477091e-05,0.0,0.0,100,0.2,0.142,0.0,924,-1.0583752393722534,0.297894150018692,0.10056545585393906,0.006474562454968691,0.08973371982574463,0.11723467707633972,0.9994112544182705,0.10056545585393906,0.006474562454968691,0.08973371982574463,0.09210473001003316,0.10046334564685822,0.11030268967151642,0.11723467707633972,0.0064745619893074036,0.006474562454968691,0.006474577821791172
59,13.935893948882818,0.10103999994695187,0.10149133815117496,0.1,0.0014913381511749563,0.01491338002041156,0.0,0.10092222690582275,0.0,0.0,False,-1.9531249506599124e-08,229.1505584716797,0.3269585371017456,8.910298276987305e-09,0.0,-8.789062633240974e-08,1.0,7.173601150512695,0.0,0.0,0.0,2.7030894216295565e-06,0.0,0.0,100,0.2,0.138,0.0,1016,-1.0587345361709595,0.29780158400535583,0.10092222690582275,0.005160788539797068,0.08973747491836548,0.11722755432128906,0.9992648680212654,0.10092222690582275,0.005160788539797068,0.08973747491836548,0.09467819631099726,0.10084734857082367,0.10733580589294434,0.11722755432128906,0.005160789471119642,0.005160788539797068,0.0051607731729745865
60,14.20958041498065,0.1014599998742342,0.10147566901270458,0.1,0.0014756690127045724,0.01475668865137686,0.0,0.10078050941228867,0.0,0.0,False,-1.2695312534560799e-07,240.93283081054688,0.3265545964241028,-1.3429373169060455e-08,0.0,-4.882812376649781e-08,0.9999998211860657,6.859476089477539,0.0,0.0,0.0,8.783346856944263e-05,0.0,0.0,100,0.2,0.15,0.0,978,-1.0592684745788574,0.2976641058921814,0.10078050941228867,0.00663570174947381,0.08974051475524902,0.1172218918800354,0.9993034028526985,0.10078050941228867,0.00663570174947381,0.08974051475524902,0.09323203861713435,0.09995847940444946,0.11017979383468403,0.1172218918800354,0.006635701283812523,0.00663570174947381,0.006635717581957579
61,13.146117793291808,0.10065999986603856,0.10106783443937156,0.1,0.0010678344393715566,0.010678343325881233,0.0,0.1007358580827713,0.0,0.0,False,-4.882812376649781e-08,186.3534698486328,0.3265434801578522,1.1013150391647741e-08,0.0,-2.9296874259898686e-08,0.9999997615814209,7.1225690841674805,0.0,0.0,0.0,0.0001130570235545747,0.0,0.0,100,0.2,0.138,0.0,968,-1.0593864917755127,0.29763373732566833,0.1007358580827713,0.005261299200356007,0.08974504470825195,0.11119219660758972,0.9994768477648209,0.1007358580827713,0.005261299200356007,0.08974504470825195,0.0946611434221286,0.1007261574268341,0.1083629578351963,0.11119219660758972,0.005261299200356007,0.005261299200356007,0.005261370446532965
62,11.846037986785174,0.10332000006735324,0.10219391725336241,0.1,0.002193917253362404,0.021939170339707006,0.0,0.10023199021816254,0.0,0.0,False,-2.9296874259898686e-08,137.64376831054688,0.3254263401031494,7.939487289831959e-09,0.0,0.0,0.9999998807907104,7.590577602386475,0.0,0.0,0.0,9.8323384008836e-05,0.0,0.0,100,0.2,0.14,0.0,1164,-1.0595972537994385,0.29757949709892273,0.10023199021816254,0.005490489769726992,0.08974599838256836,0.11217528581619263,0.9995543173535123,0.10023199021816254,0.005490489769726992,0.08974599838256836,0.09328058362007141,0.09995844960212708,0.10685532242059294,0.11217528581619263,0.005490489304065704,0.005490489769726992,0.005490566603839397
63,20.706923451006414,0.10129999991506339,0.1017469585842129,0.1,0.0017469585842128932,0.01746958409517052,0.0,0.10063380748033524,0.0,0.0,False,-3.3203124871761247e-07,655.7715454101562,0.32627278566360474,-9.07467310184984e-08,0.0,9.277344048541636e-08,0.9999998807907104,5.8169989585876465,0.0,0.0,0.0,0.00018755417841020972,0.0,0.0,100,0.2,0.138,0.0,984,-1.0605207681655884,0.29734185338020325,0.10063380748033524,0.0060454909689724445,0.08974781632423401,0.11720812320709229,0.999266734741128,0.10063380748033524,0.0060454909689724445,0.08974781632423401,0.09382269680500063,0.10072594881057739,0.10828188061714172,0.11720812320709229,0.006045491434633732,0.0060454909689724445,0.0060453410260379314
64,14.106538976609707,0.0998999998793006,0.10082347923175675,0.1,0.0008234792317567408,0.008234791494088258,0.0,0.09991882741451263,0.0,0.0,False,1.2695312534560799e-07,208.48831176757812,0.3246941864490509,1.3831258360852416e-09,0.0,5.859374851979737e-08,0.9999998807907104,7.121315002441406,0.0,0.0,0.0,8.791300933808088e-05,0.0,0.0,100,0.2,0.138,0.0,1042,-1.0611506700515747,0.2971798777580261,0.09991882741451263,0.006191177759319544,0.08975562453269958,0.11719343066215515,0.9993094747850809,0.09991882741451263,0.006191177759319544,0.08975562453269958,0.0928388237953186,0.09818920493125916,0.10732176899909973,0.11719343066215515,0.006191178224980831,0.006191177759319544,0.0061913058161735535
65,13.586964638620614,0.10152000002935528,0.101171739630556,0.1,0.0011717396305560013,0.0117173951338205,0.0,0.10020505636930466,0.0,0.0,False,-1.56249996052793e-07,177.21202087402344,0.32531604170799255,-1.667380367109672e-08,0.0,7.81249980263965e-08,0.9999998807907104,7.8047003746032715,0.0,0.0,0.0,1.0146933391297353e-06,0.0,0.0,100,0.2,0.154,0.01,928,-1.0614125728607178,0.2971125841140747,0.10020505636930466,0.006291791331022978,0.08976089954376221,0.11718332767486572,0.9993005994876442,0.10020505636930466,0.006291791331022978,0.08976089954376221,0.09186992645263686,0.09953795373439789,0.10741292834281783,0.11718332767486572,0.006291791796684265,0.006291791331022978,0.006291765253990889
66,13.457486043095589,0.10138000004738569,0.10127586983897086,0.1,0.00127586983897085,0.012758697113838788,0.0,0.10020756721496582,0.0,0.0,False,2.1484375167801772e-07,189.91346740722656,0.3253549337387085,-1.7895549930813104e-08,0.0,-3.906249901319825e-08,0.9999999403953552,7.167211055755615,0.0,0.0,0.0,2.2196620193426497e-05,0.0,0.0,100,0.2,0.14,0.0,1036,-1.0616576671600342,0.29704952239990234,0.10020756721496582,0.005755933932960033,0.08976313471794128,0.11717924475669861,0.9993748630663692,0.10020756721496582,0.005755933932960033,0.08976313471794128,0.09164809212088584,0.09995850920677185,0.1068148374557487,0.11717924475669861,0.005755933932960033,0.005755933932960033,0.005755966063588858
67,15.115422627717257,0.10235999976843596,0.10181793480370341,0.1,0.0018179348037034027,0.018179346219099404,0.0,0.10073602199554443,0.0,0.0,False,2.9052733907519723e-07,277.5939025878906,0.32647424936294556,-1.5464425295874662e-09,0.0,1.9531249506599124e-08,0.9999998807907104,6.376201629638672,0.0,0.0,0.0,0.00012086475180694833,0.0,0.0,100,0.2,0.134,0.0,1072,-1.061457872390747,0.29710087180137634,0.10073602199554443,0.006360135972499847,0.08976516127586365,0.11717531085014343,0.9994142071536936,0.10073602199554443,0.006360135972499847,0.08976516127586365,0.09256064891815241,0.10142570734024048,0.10834505259990578,0.11717531085014343,0.006360135972499847,0.006360135972499847,0.0063601331785321236
68,13.226984651625157,0.0991400000192225,0.10047896741146295,0.1,0.00047896741146294386,0.004789673635662075,0.0,0.09945723414421082,0.0,0.0,False,-9.765624753299562e-08,176.93173217773438,0.3236985206604004,1.5819221488300172e-08,0.0,8.789062633240974e-08,1.0,7.440080642700195,0.0,0.0,0.0,5.010463792132214e-05,0.0,0.0,100,0.2,0.124,0.0,1060,-1.060953974723816,0.29723045229911804,0.09945723414421082,0.005880964454263449,0.08976352214813232,0.11717846989631653,0.9991527092939833,0.09945723414421082,0.005880964454263449,0.08976352214813232,0.0921883940696718,0.09995850920677185,0.10613548755645752,0.11717846989631653,0.005880964454263449,0.005880964454263449,0.005881075747311115
69,14.007922208726406,0.09977999997884035,0.10012948369515165,0.1,0.00012948369515164426,0.0012948368220327604,0.0,0.0999370738863945,0.0,0.0,False,-8.789062633240974e-08,199.22756958007812,0.3247624933719635,-1.1719465398130069e-08,0.0,-5.859374851979737e-08,0.9999998807907104,7.291766166687012,0.0,0.0,0.0,1.6497320757480338e-05,0.0,0.0,100,0.2,0.128,0.0,870,-1.0604798793792725,0.2973524034023285,0.0999370738863945,0.005772882141172886,0.0897592306137085,0.11718648672103882,0.9992857864807744,0.0999370738863945,0.005772882141172886,0.0897592306137085,0.09328940510749817,0.0991172194480896,0.10691286623477717,0.11718648672103882,0.005772882141172886,0.005772882141172886,0.005772833246737719
70,13.098924840778112,0.10042000004276633,0.10027474186895899,0.1,0.0002747418689589831,0.0027474184148479895,0.0,0.10070738941431046,0.0,0.0,False,1.9531249506599124e-08,171.98538208007812,0.32635337114334106,7.4052812770730725e-09,0.0,-3.906249901319825e-08,0.9999998807907104,7.287052154541016,0.0,0.0,0.0,0.00016729391063563526,0.0,0.0,100,0.2,0.134,0.0,918,-1.0606911182403564,0.29729801416397095,0.10070738941431046,0.007168230600655079,0.08975523710250854,0.11719405651092529,0.9992644901329573,0.10070738941431046,0.007168230600655079,0.08975523710250854,0.09113220274448477,0.09995850920677185,0.11154773831367493,0.11719405651092529,0.007168231066316366,0.007168230600655079,0.007168247830122709
71,15.1921911072433,0.10087999992072583,0.10057737089484241,0.1,0.0005773708948424022,0.005773708371053185,0.0,0.10093187540769577,0.0,0.0,False,-6.835937682581061e-08,234.1414794921875,0.32682228088378906,-2.718970115722641e-08,0.0,-9.765624753299562e-09,0.9999998807907104,7.385651111602783,0.0,0.0,0.0,6.756937182217371e-06,0.0,0.0,100,0.2,0.144,0.0,994,-1.0610918998718262,0.2971949279308319,0.10093187540769577,0.007443324662744999,0.0897570252418518,0.1171906590461731,0.9994461851729672,0.10093187540769577,0.007443324662744999,0.0897570252418518,0.09212287068367056,0.09995850920677185,0.11075878143310547,0.1171906590461731,0.007443324197083712,0.007443324662744999,0.007443322334438562
72,13.603271134853363,0.1007599999383092,0.10066868541657581,0.1,0.0006686854165758038,0.006686853497072688,0.0,0.10018099844455719,0.0,0.0,False,-2.7343750730324246e-07,182.82064819335938,0.32529616355895996,-1.1572539371229595e-08,0.0,4.882812376649781e-08,0.9999998807907104,7.514638900756836,0.0,0.0,0.0,2.315696474397555e-05,0.0,0.0,100,0.2,0.132,0.0,1038,-1.061421513557434,0.29711025953292847,0.10018099844455719,0.005787672940641642,0.08976039290428162,0.11718428134918213,0.999397525763476,0.10018099844455719,0.005787672940641642,0.08976039290428162,0.09318305552005827,0.09995850920677185,0.1074133187532411,0.11718428134918213,0.005787672009319067,0.005787672940641642,0.005787756759673357
73,14.180731518089772,0.0997799998857081,0.10022434265114195,0.1,0.0002243426511419483,0.0022434262870768542,0.0,0.10075835138559341,0.0,0.0,False,-1.56249996052793e-07,212.11666870117188,0.3265323042869568,2.1353363521825486e-10,0.0,2.9296874259898686e-08,1.0,7.114840507507324,0.0,0.0,0.0,2.623371074150782e-06,0.0,0.0,100,0.2,0.148,0.0,962,-1.0616705417633057,0.2970462441444397,0.10075835138559341,0.006240134593099356,0.08976316452026367,0.11717906594276428,0.9992753110045797,0.10075835138559341,0.006240134593099356,0.08976316452026367,0.09261643886566186,0.09995850920677185,0.10731586813926697,0.11717906594276428,0.006240134127438068,0.006240134593099356,0.006240104325115681
74,14.36506220778823,0.10205999988690019,0.10114217126902107,0.1,0.0011421712690210667,0.011421711548039512,0.0,0.10029798001050949,0.0,0.0,False,-6.835937682581061e-08,203.3318634033203,0.3254966139793396,-1.6689748250087177e-08,0.0,3.906249901319825e-08,0.9999998807907104,7.405261039733887,0.0,0.0,0.0,3.981117333751172e-05,0.0,0.0,100,0.2,0.136,0.0,968,-1.0619633197784424,0.29697102308273315,0.10029798001050949,0.006577969528734684,0.08976531028747559,0.11717504262924194,0.9994661226154502,0.10029798001050949,0.006577969528734684,0.08976531028747559,0.0907637357711798,0.10142570734024048,0.10731423199176787,0.11717504262924194,0.006577969528734684,0.006577969528734684,0.006578054744750261
75,14.048462406605482,0.10227999982237816,0.10171108554569962,0.1,0.0017110855456996116,0.01711085374591074,0.0,0.10076706856489182,0.0,0.0,False,1.8554688097083272e-07,201.62484741210938,0.32650065422058105,1.640513502820795e-08,0.0,-9.765624753299562e-09,0.9999998807907104,7.511289119720459,0.0,0.0,0.0,3.829365232377313e-05,0.0,0.0,100,0.2,0.134,0.0,1194,-1.0623544454574585,0.29687049984931946,0.10076706856489182,0.0069141993299126625,0.08976775407791138,0.1132226288318634,0.9995730215951046,0.10076706856489182,0.0069141993299126625,0.08976775407791138,0.09114311039447869,0.10084469616413116,0.10970622301101685,0.1132226288318634,0.006914198864251375,0.0069141993299126625,0.006914224475622177
76,13.103493723213672,0.10199999998882413,0.10185554276726187,0.1,0.0018555427672618668,0.018555425817076088,0.0,0.10039541870355606,0.0,0.0,False,1.2695312534560799e-07,182.89859008789062,0.3257778584957123,-2.792730846579161e-08,0.0,0.0,0.9999998807907104,7.472029685974121,0.0,0.0,0.0,2.9998675017850474e-05,0.0,0.0,100,0.2,0.136,0.0,1136,-1.0627812147140503,0.2967608869075775,0.10039541870355606,0.005584259983152151,0.08977103233337402,0.11214244365692139,0.9996329282431656,0.10039541870355606,0.005584259983152151,0.08977103233337402,0.09283142387866983,0.10142484307289124,0.10675344169139862,0.11214244365692139,0.005584259983152151,0.005584259983152151,0.00558428792282939
77,13.938665865659713,0.10033999992907047,0.10109777134816617,0.1,0.00109777134816616,0.010977712383890361,0.0,0.10056295990943909,0.0,0.0,False,1.2695312534560799e-07,201.61468505859375,0.3261146545410156,-1.812294136982473e-08,0.0,4.882812376649781e-08,0.9999998807907104,7.4354047775268555,0.0,0.0,0.0,5.093021900393069e-05,0.0,0.0,100,0.2,0.132,0.0,960,-1.0632885694503784,0.2966306507587433,0.10056295990943909,0.006067957729101181,0.08977463841438293,0.11715742945671082,0.9993419843581933,0.10056295990943909,0.006067957729101181,0.08977463841438293,0.09266874194145203,0.09995859861373901,0.10785191953182155,0.11715742945671082,0.006067956797778606,0.006067957729101181,0.006067861337214708
78,15.59047292509675,0.09851999992504716,0.09980888563660667,0.1,-0.00019111436339333543,-0.00191114344281901,0.0,0.0994640588760376,0.0,0.0,False,-2.343749940791895e-07,268.6746826171875,0.3237045407295227,2.623498529530366e-09,0.0,6.835937682581061e-08,0.9999999403953552,7.002818584442139,0.0,0.0,0.0,6.545327778439969e-05,0.0,0.0,100,0.2,0.142,0.0,976,-1.0639355182647705,0.2964646816253662,0.0994640588760376,0.006027547176927328,0.08977892994880676,0.11714941263198853,0.9992535425371023,0.0994640588760376,0.006027547176927328,0.08977892994880676,0.09262795150280022,0.09882068634033203,0.10618771016597657,0.11714941263198853,0.006027547176927328,0.006027547176927328,0.006027529016137123
79,15.085021815627814,0.10063999995589257,0.10022444279624962,0.1,0.00022444279624961316,0.002244427738053358,0.0,0.1001686304807663,0.0,0.0,False,7.81249980263965e-08,242.20285034179688,0.32523369789123535,5.060464047801361e-08,0.0,0.0,0.9999998807907104,7.391811370849609,0.0,0.0,0.0,3.579157419153489e-05,0.0,0.0,100,0.2,0.142,0.0,1018,-1.0643556118011475,0.2963568866252899,0.1001686304807663,0.00632889848202467,0.08978438377380371,0.11713910102844238,0.9992300495383342,0.1001686304807663,0.00632889848202467,0.08978438377380371,0.09220451414585132,0.09995856881141663,0.10734942257404255,0.11713910102844238,0.00632889848202467,0.00632889848202467,0.006328899413347244
80,16.12567716690898,0.10187999978661537,0.10105222129143249,0.1,0.0010522212914324813,0.010522211862103626,0.0,0.10059075802564621,0.0,0.0,False,-2.636718647863745e-07,277.42388916015625,0.326156884431839,1.6745179465260662e-08,0.0,-9.765624753299562e-09,0.9999998807907104,7.060857772827148,0.0,0.0,0.0,5.739807602367364e-05,0.0,0.0,100,0.2,0.142,0.0,952,-1.0647660493850708,0.29625168442726135,0.10059075802564621,0.00635428074747324,0.08978796005249023,0.11713239550590515,0.999203535459797,0.10059075802564621,0.00635428074747324,0.08978796005249023,0.08978796005249023,0.0999586321413517,0.10729676485061646,0.11713239550590515,0.006354279816150665,0.00635428074747324,0.0063544148579239845
81,13.384182597666978,0.10318000007048249,0.1021161106809575,0.1,0.0021161106809574892,0.02116110469346442,0.0,0.10008087009191513,0.0,0.0,False,-3.906249901319825e-08,205.06243896484375,0.32505276799201965,-3.5801530628987166e-09,0.0,9.765624753299562e-09,1.0,7.612799644470215,0.0,0.0,0.0,0.00010710635251598433,0.0,0.0,100,0.2,0.138,0.0,954,-1.0647701025009155,0.2962506115436554,0.10008087009191513,0.006156083662062883,0.08979138731956482,0.11712592095136642,0.9992029942372543,0.10008087009191513,0.006156083662062883,0.08979138731956482,0.09218512624502213,0.09929430484771729,0.1078380107879632,0.11712592095136642,0.006156084127724171,0.006156083662062883,0.006156090646982193
82,11.982212710946799,0.09995999997109174,0.10103805532602461,0.1,0.0010380553260246062,0.01038055222219084,0.0,0.10019572079181671,0.0,0.0,False,-2.1484375167801772e-07,172.74462890625,0.32529905438423157,-1.0631084457202178e-08,0.0,0.0,0.9999998807907104,7.700406551361084,0.0,0.0,0.0,1.5402298458866426e-06,0.0,0.0,100,0.2,0.144,0.0,964,-1.0645759105682373,0.2963004410266876,0.10019572079181671,0.006242717616260052,0.08979138731956482,0.11712586879730225,0.999183671087472,0.10019572079181671,0.006242717616260052,0.08979138731956482,0.09148337841034038,0.09995865821838379,0.10779288411140442,0.11712586879730225,0.006242717616260052,0.006242717616260052,0.006242694798856974
83,13.741588098943234,0.1017599999383092,0.1013990276321669,0.1,0.0013990276321668993,0.0139902749226415,0.0,0.10062442719936371,0.0,0.0,False,-2.7343750730324246e-07,219.65914916992188,0.32622990012168884,2.5014579296822603e-09,0.0,-1.9531249506599124e-08,0.9999998807907104,7.6131367683410645,0.0,0.0,0.0,5.357144345907727e-06,0.0,0.0,100,0.2,0.138,0.0,1118,-1.0644633769989014,0.29632923007011414,0.10062442719936371,0.006392959039658308,0.0897897481918335,0.11712893843650818,0.9991193709141241,0.10062442719936371,0.006392959039658308,0.0897897481918335,0.09165039360523235,0.10072284936904907,0.10902756452560425,0.11712893843650818,0.006392958573997021,0.006392959039658308,0.006392988376319408
84,12.35536744990945,0.09943999998643994,0.10041951380930342,0.1,0.0004195138093034123,0.004195137673520356,0.0,0.09900717437267303,0.0,0.0,False,5.859374851979737e-08,187.323974609375,0.32267069816589355,2.430677437104123e-09,0.0,0.0,0.9999998807907104,7.5855937004089355,0.0,0.0,0.0,1.901119321701117e-05,0.0,0.0,100,0.2,0.134,0.0,950,-1.064465045928955,0.2963288128376007,0.09900717437267303,0.006344460882246494,0.08978879451751709,0.11150607466697693,0.9995896044815369,0.09900717437267303,0.006344460882246494,0.08978879451751709,0.08978879451751709,0.09953925013542175,0.10743196010589401,0.11150607466697693,0.006344460416585207,0.006344460882246494,0.006344400346279144
85,12.152691721349955,0.0993799999654293,0.09989975688736635,0.1,-0.00010024311263365226,-0.00100243102609342,0.0,0.09952587634325027,0.0,0.0,False,1.7578125266481948e-07,194.16555786132812,0.32392561435699463,-1.2364983481560898e-09,0.0,0.0,0.9999998807907104,7.5406389236450195,0.0,0.0,0.0,3.7231811802485026e-06,0.0,0.0,100,0.2,0.132,0.0,990,-1.0644876956939697,0.2963230311870575,0.09952587634325027,0.004525596741586924,0.08978888392448425,0.11150607466697693,0.9996093838980227,0.09952587634325027,0.004525596741586924,0.08978888392448425,0.09267908334732056,0.0999586284160614,0.10462266206741333,0.11150607466697693,0.004525597207248211,0.004525596741586924,0.004525577649474144
86,14.080130329161882,0.0989599999859929,0.09942987843667964,0.1,-0.0005701215633203693,-0.005701215063082187,0.0,0.1009492501616478,0.0,0.0,False,1.0253906168600224e-07,229.64044189453125,0.32691577076911926,4.4837594748159404e-10,0.0,1.9531249506599124e-08,0.9999999403953552,7.639401435852051,0.0,0.0,0.0,6.033670615579467e-06,0.0,0.0,100,0.2,0.138,0.0,962,-1.0644744634628296,0.2963263988494873,0.1009492501616478,0.006722969934344292,0.08978903293609619,0.11713027954101562,0.9992950440895916,0.1009492501616478,0.006722969934344292,0.08978903293609619,0.09107184335589409,0.10084284842014313,0.10968416929244995,0.11713027954101562,0.006722969468683004,0.006722969934344292,0.006722884718328714
87,25.424725016504524,0.10191999986395239,0.10067493915031601,0.1,0.000674939150316009,0.0067493908282210075,0.0,0.09952925890684128,0.0,0.0,False,-8.789062633240974e-08,860.9068603515625,0.32384535670280457,2.509802587979948e-09,0.0,9.765624753299562e-09,0.9999998807907104,6.69920539855957,0.0,0.0,0.0,5.3890929848421365e-05,0.0,0.0,100,0.2,0.146,0.0,1060,-1.0642635822296143,0.2963804602622986,0.09952925890684128,0.006060044746845961,0.08978894352912903,0.11713048815727234,0.9992192105128929,0.09952925890684128,0.006060044746845961,0.08978894352912903,0.09224030375480652,0.09869906306266785,0.10566163063049316,0.11713048815727234,0.006060043815523386,0.006060044746845961,0.006059976294636726
88,14.360965254545212,0.09817999989911914,0.09942746952471758,0.1,-0.0005725304752824262,-0.005725304180293844,0.0,0.09907375276088715,0.0,0.0,False,2.9296874259898686e-08,230.2649688720703,0.3228203356266022,-3.205314413889937e-08,0.0,0.0,0.9999999403953552,7.275030612945557,0.0,0.0,0.0,5.021291599405231e-06,0.0,0.0,100,0.2,0.15,0.0,1068,-1.0640066862106323,0.29644641280174255,0.09907375276088715,0.006339111365377903,0.08978712558746338,0.11713382601737976,0.9992393693170306,0.09907375276088715,0.006339111365377903,0.08978712558746338,0.09107017517089844,0.09819501638412476,0.10612019896507263,0.11713382601737976,0.006339110899716616,0.006339111365377903,0.006339188199490309
89,13.184805850476026,0.09879999983683228,0.09911373468077493,0.1,-0.0008862653192250741,-0.00886265230598551,0.0,0.10017698258161545,0.0,0.0,False,-3.906249901319825e-08,222.66123962402344,0.3252703547477722,-1.616537659288042e-08,0.0,-3.906249901319825e-08,0.9999998807907104,7.647463798522949,0.0,0.0,0.0,0.0001155024001491256,0.0,0.0,100,0.2,0.148,0.0,976,-1.0634188652038574,0.2965972423553467,0.10017698258161545,0.006064519751816988,0.08978497982025146,0.11713796854019165,0.9992358494929127,0.10017698258161545,0.006064519751816988,0.08978497982025146,0.0937825262546546,0.0999586284160614,0.10618381500244051,0.11713796854019165,0.006064519751816988,0.006064519751816988,0.006064472254365683
