topology,topology_label,node_count,scenario_id,n_nodes,fixed_training_center,mean_c_kappa,std_c_kappa_nodes,median_c_kappa,p05_c_kappa,p95_c_kappa,mean_delta_c_kappa,mean_abs_delta_c_kappa,rmse_delta_c_kappa
community,Community topology,50,n050_s00,50,0.4012991820118967,0.2716369561810738,0.23147717488607758,0.25,0.0,0.6999999999999998,-0.12966222583082287,0.22718249419722344,0.2653186297655011
community,Community topology,50,n050_s01,50,0.4012991820118967,0.34386686997213317,0.2237675305962063,0.3076923076923077,0.04500000000000002,0.75,-0.05743231203976357,0.18771013693521213,0.231020298275621
community,Community topology,50,n050_s02,50,0.4012991820118967,0.32985344737821515,0.22213742224149577,0.34523809523809523,0.0,0.7272727272727273,-0.0714457346336815,0.19131132067772824,0.2333442250355535
community,Community topology,50,n050_s03,50,0.4012991820118967,0.36290946308593364,0.23975958830300317,0.3333333333333333,0.0,0.75,-0.03838971892596301,0.19853863459521187,0.24281357190742042
community,Community topology,50,n050_s04,50,0.4012991820118967,0.3695052153728624,0.23084910777574358,0.4,0.0625,0.75,-0.03179396663903426,0.18391688177774326,0.23302825338465052
community,Community topology,60,n060_s00,60,0.4012991820118967,0.3238732605973318,0.2435118533223286,0.26785714285714285,0.0,0.8235294117647058,-0.07742592141456489,0.21391275547490884,0.25552455070965224
community,Community topology,60,n060_s01,60,0.4012991820118967,0.30375756617823174,0.22577252204227452,0.30090497737556565,0.0,0.7272727272727273,-0.09754161583366487,0.20786888766216452,0.24594226665779026
community,Community topology,60,n060_s02,60,0.4012991820118967,0.3416707737566871,0.21309215341577686,0.3333333333333333,0.0,0.6666666666666666,-0.05962840825520961,0.1769097440319905,0.2212776828295681
community,Community topology,60,n060_s03,60,0.4012991820118967,0.3886282712385654,0.28602656982045116,0.4,0.0,1.0,-0.012670910773331334,0.24070852668420992,0.2863070914648799
community,Community topology,60,n060_s04,60,0.4012991820118967,0.4232803116645995,0.24473466222782292,0.4,0.11676470588235294,1.0,0.021981129652702904,0.1747013862096412,0.245719809857845
community,Community topology,70,n070_s00,70,0.4012991820118967,0.35439608713818854,0.30916411558545476,0.25,0.0,1.0,-0.04690309487370813,0.2765079572257911,0.3127016959891144
community,Community topology,70,n070_s01,70,0.4012991820118967,0.3991209687776473,0.20294003043022943,0.4,0.14285714285714285,0.7782967032967032,-0.0021782132342494463,0.1518528773000604,0.20295171978555962
community,Community topology,70,n070_s02,70,0.4012991820118967,0.3409868988081062,0.2529561059659666,0.4,0.0,0.7400375939849622,-0.060312283203790444,0.21573640549574832,0.26004684780000614
community,Community topology,70,n070_s03,70,0.4012991820118967,0.3775460175749101,0.18936085413722978,0.375,0.03461538461538463,0.7149999999999999,-0.023753164436986548,0.14382876381647355,0.1908448215182999
community,Community topology,70,n070_s04,70,0.4012991820118967,0.31741015022129576,0.2492323336526441,0.3333333333333333,0.0,0.9205882352941172,-0.08388903179060096,0.20414799288826027,0.2629717205189702
community,Community topology,80,n080_s00,80,0.4012991820118967,0.37586189835706085,0.26122747188434825,0.35714285714285715,0.0,0.8323529411764701,-0.02543728365483579,0.20805195514673597,0.2624630401919945
community,Community topology,80,n080_s01,80,0.4012991820118967,0.40172234854597644,0.31126810083135725,0.36278195488721804,0.0,1.0,0.000423166534079758,0.24859394881308267,0.31126838847701116
community,Community topology,80,n080_s02,80,0.4012991820118967,0.4129182810868183,0.21529716641855143,0.4,0.1407142857142857,0.7807692307692301,0.011619099074921552,0.15634462445012914,0.2156104666549615
community,Community topology,80,n080_s03,80,0.4012991820118967,0.3822926006667089,0.23781368015669685,0.36278195488721804,0.0,1.0,-0.019006581345187797,0.17591810519868825,0.238571994593043
community,Community topology,80,n080_s04,80,0.4012991820118967,0.39248062117490207,0.24012590618672688,0.4,0.0,0.8,-0.008818560836994652,0.19219557273786397,0.24028778128992023
community,Community topology,90,n090_s00,90,0.4012991820118967,0.40081056108680957,0.23576324965292048,0.4,0.0,0.7782967032967032,-0.000488620925087115,0.18879945047159877,0.23576375598745822
community,Community topology,90,n090_s01,90,0.4012991820118967,0.4066695370893446,0.23731964492196794,0.45454545454545453,0.0,0.75,0.005370355077447906,0.19888629627223556,0.2373804005800538
community,Community topology,90,n090_s02,90,0.4012991820118967,0.31665861351199226,0.27635829316134686,0.25,0.0,0.8,-0.08464056849990453,0.2516309640800147,0.2890292926937336
community,Community topology,90,n090_s03,90,0.4012991820118967,0.37382756883357005,0.22543834551812436,0.35714285714285715,0.045454545454545456,0.7272727272727273,-0.027471613178326592,0.18534697797930266,0.22710600423715976
community,Community topology,90,n090_s04,90,0.4012991820118967,0.3792823456313158,0.2656805379659539,0.3076923076923077,0.023684210526315797,1.0,-0.022016836380580797,0.21810172884618856,0.26659124017508146
community,Community topology,100,n100_s00,100,0.4012991820118967,0.41770892557090633,0.23385909065800922,0.3875,0.0730769230769231,0.8571428571428571,0.01640974355900966,0.18755685626447652,0.23443411434145725
community,Community topology,100,n100_s01,100,0.4012991820118967,0.3724780280091426,0.2101787203903203,0.375,0.0,0.6004347826086956,-0.02882115400275412,0.16929469216113863,0.21214559487051085
community,Community topology,100,n100_s02,100,0.4012991820118967,0.3379825703752881,0.20271996161303638,0.34782608695652173,0.0,0.6666666666666666,-0.0633166116366086,0.17083609159318233,0.21237790879828358
community,Community topology,100,n100_s03,100,0.4012991820118967,0.4366773008845396,0.2743919966994051,0.4444444444444444,0.0,1.0,0.03537811887264294,0.2181015359138911,0.27666329562783204
community,Community topology,100,n100_s04,100,0.4012991820118967,0.41338299670894907,0.26807671994001053,0.4891304347826087,0.0,0.75,0.012083814697052365,0.2353350069233955,0.2683489264957614
community,Community topology,110,n110_s00,110,0.4012991820118967,0.4372993932119349,0.23499030106438856,0.45454545454545453,0.0,0.7857142857142857,0.03600021120003829,0.1914866164369437,0.23773190110033476
community,Community topology,110,n110_s01,110,0.4012991820118967,0.4062665358537036,0.21030767449280552,0.4,0.07692307692307693,0.7149999999999999,0.004967353841806775,0.1716534644387225,0.2103663294226563
community,Community topology,110,n110_s02,110,0.4012991820118967,0.4453672247255348,0.24346750363568306,0.45454545454545453,0.0,0.9205882352941172,0.04406804271363822,0.19128621184862982,0.24742355933742927
community,Community topology,110,n110_s03,110,0.4012991820118967,0.3495979307026494,0.20512681742486497,0.3181818181818182,0.0,0.7124999999999997,-0.051701251309247374,0.1745158350427471,0.2115420303717345
community,Community topology,110,n110_s04,110,0.4012991820118967,0.41158491126669267,0.19990634239003446,0.4,0.11764705882352941,0.6842105263157895,0.010285729254796053,0.16162936954695853,0.20017078196895932
community,Community topology,120,n120_s00,120,0.4012991820118967,0.38579932254408966,0.20811773188185412,0.35714285714285715,0.0,0.7692307692307693,-0.015499859467807015,0.16685723959181828,0.2086941205860124
community,Community topology,120,n120_s01,120,0.4012991820118967,0.39373882742569644,0.21001320222326347,0.4,0.0,0.770054945054945,-0.007560354586200228,0.16536231326039683,0.21014924237203056
community,Community topology,120,n120_s02,120,0.4012991820118967,0.4599704477878935,0.2507537915490654,0.45454545454545453,0.0,0.7964285714285708,0.058671265775996774,0.20595066947084195,0.2575262732304993
community,Community topology,120,n120_s03,120,0.4012991820118967,0.43583216895371124,0.23272962084590793,0.45454545454545453,0.0,0.7531249999999998,0.034532986941814524,0.18761399202742063,0.2352777159150513
community,Community topology,120,n120_s04,120,0.4012991820118967,0.42505679661249945,0.23427476784985973,0.3875,0.0,1.0,0.023757614600602817,0.17965823539222056,0.2354763068816403
community,Community topology,130,n130_s00,130,0.4012991820118967,0.4600927577552186,0.23843069928123758,0.4258241758241758,0.0625,1.0,0.058793575743321905,0.1811162454180874,0.24557256139158884
community,Community topology,130,n130_s01,130,0.4012991820118967,0.3997443240249573,0.23231338869538248,0.4,0.0,0.75,-0.001554857986939426,0.18879898882189772,0.23231859191741716
community,Community topology,130,n130_s02,130,0.4012991820118967,0.39642156200944534,0.24067713115129422,0.4,0.0,0.7556856187290969,-0.004877620002451314,0.18961945452203754,0.24072655158105344
community,Community topology,130,n130_s03,130,0.4012991820118967,0.4449482625177692,0.23106688780767334,0.45454545454545453,0.0,0.7857142857142857,0.04364908050587255,0.18641409295916772,0.23515345812922256
community,Community topology,130,n130_s04,130,0.4012991820118967,0.47479055638784656,0.21830819027223755,0.5,0.07394736842105264,0.8235294117647058,0.07349137437594995,0.17473439349328004,0.2303463653883115
community,Community topology,140,n140_s00,140,0.4012991820118967,0.430651546595819,0.20030529235916172,0.4375,0.0,0.7692307692307693,0.029352364583922354,0.1604791577254357,0.20244448980833427
community,Community topology,140,n140_s01,140,0.4012991820118967,0.42374569530996753,0.22484337184800118,0.4,0.0730769230769231,0.8235294117647058,0.022446513298070857,0.1714351455650276,0.2259610316475365
community,Community topology,140,n140_s02,140,0.4012991820118967,0.43009317975642036,0.23254683171750876,0.4330357142857143,0.0,0.8125,0.028793997744523646,0.1778897211950944,0.23432269042489884
community,Community topology,140,n140_s03,140,0.4012991820118967,0.4216355399915483,0.2268656962386225,0.4,0.05000000000000001,0.8125,0.02033635797965161,0.1735927736362981,0.2277753533324259
community,Community topology,140,n140_s04,140,0.4012991820118967,0.46423987752035417,0.23980691725422001,0.47058823529411764,0.05263157894736842,0.8125,0.06294069550845743,0.20333802975675783,0.24792920101121746
community,Community topology,150,n150_s00,150,0.4012991820118967,0.43010597951850477,0.24832514398996175,0.4,0.0,0.8333333333333334,0.02880679750660807,0.1962601260547207,0.24999041725678597
community,Community topology,150,n150_s01,150,0.4012991820118967,0.41093331176384074,0.24184084592232935,0.4,0.0,0.8235294117647058,0.009634129751944083,0.19486093068139057,0.2420326655898024
community,Community topology,150,n150_s02,150,0.4012991820118967,0.4060816355408297,0.25748979154806806,0.3717105263157895,0.0,0.8333333333333334,0.004782453528933015,0.2026536195018791,0.2575342008612137
community,Community topology,150,n150_s03,150,0.4012991820118967,0.4528507393124367,0.2692714042439154,0.46256684491978606,0.0,0.9205882352941146,0.05155155730054002,0.22970873459810992,0.27416172636529873
community,Community topology,150,n150_s04,150,0.4012991820118967,0.40764498442584324,0.23218789140966764,0.4,0.07692307692307693,0.9205882352941146,0.006345802413946539,0.1762342262193091,0.2322745920791692
random,Random-geometric topology,50,n050_s00,50,0.42143491589124205,0.432320097144235,0.27401572666598667,0.3333333333333333,0.01800000000000001,1.0,0.010885181252993023,0.22339545746258477,0.27423184649343557
random,Random-geometric topology,50,n050_s01,50,0.42143491589124205,0.2960035957334719,0.21496850131973022,0.27884615384615385,0.0,0.6812499999999997,-0.12543132015777017,0.2086225875935833,0.248886465353526
random,Random-geometric topology,50,n050_s02,50,0.42143491589124205,0.36738550690795274,0.25251058581753155,0.34523809523809523,0.0,0.7272727272727273,-0.05404940898328932,0.21250715577419274,0.25823039046819385
random,Random-geometric topology,50,n050_s03,50,0.42143491589124205,0.4165382708107166,0.30349908186268254,0.39849624060150374,0.0,1.0,-0.0048966450805254195,0.2552040261080509,0.3035385804548343
random,Random-geometric topology,50,n050_s04,50,0.42143491589124205,0.36995600934041506,0.23651962069686083,0.3333333333333333,0.0,0.6842105263157895,-0.05147890655082699,0.20151441793445554,0.2420570362419892
random,Random-geometric topology,60,n060_s00,60,0.42143491589124205,0.4281948658496646,0.26565832333283435,0.45454545454545453,0.0,0.7857142857142857,0.006759949958422563,0.2266441819404392,0.2657443163634043
random,Random-geometric topology,60,n060_s01,60,0.42143491589124205,0.4008576536658378,0.19631265386738575,0.4,0.1407142857142857,0.7692307692307693,-0.02057726222540423,0.14943451508643021,0.19738815007276667
random,Random-geometric topology,60,n060_s02,60,0.42143491589124205,0.3443575313712277,0.17292985942171102,0.32575757575757575,0.09500000000000003,0.6842105263157895,-0.07707738452001435,0.15780333858933515,0.18932949977237798
random,Random-geometric topology,60,n060_s03,60,0.42143491589124205,0.43516490755621184,0.31015064500935857,0.4772727272727273,0.0,1.0,0.01372999166496985,0.2640548270004987,0.31045440127471424
random,Random-geometric topology,60,n060_s04,60,0.42143491589124205,0.3512822698756202,0.2179151723242271,0.3660714285714286,0.0,0.7142857142857143,-0.0701526460156218,0.18663991724323903,0.22892884499793975
random,Random-geometric topology,70,n070_s00,70,0.42143491589124205,0.422872732501443,0.17042231200875077,0.42727272727272725,0.14285714285714285,0.6666666666666666,0.0014378166102009336,0.14365246255681746,0.17042837717649184
random,Random-geometric topology,70,n070_s01,70,0.42143491589124205,0.4523078303427754,0.2937815715686471,0.4540441176470588,0.0,1.0,0.030872914451533402,0.24282322519612753,0.2953993037230721
random,Random-geometric topology,70,n070_s02,70,0.42143491589124205,0.4119032110451836,0.284974454709388,0.42857142857142855,0.0,0.9099999999999995,-0.009531704846058425,0.2288799190529587,0.2851338163638003
random,Random-geometric topology,70,n070_s03,70,0.42143491589124205,0.4135672865576577,0.24542698552121514,0.4375,0.0,0.8649999999999991,-0.00786762933358441,0.18905766758024523,0.24555305905926203
random,Random-geometric topology,70,n070_s04,70,0.42143491589124205,0.4365578665400647,0.22690573615306245,0.41428571428571426,0.03461538461538463,0.8235294117647058,0.015122950648822638,0.17855398791831784,0.2274091395161811
random,Random-geometric topology,80,n080_s00,80,0.42143491589124205,0.4361152730993263,0.20438899245924308,0.4,0.1,0.770054945054945,0.01468035720808426,0.16177958020541913,0.2049155268061976
random,Random-geometric topology,80,n080_s01,80,0.42143491589124205,0.4226142270397301,0.25777837816054244,0.4,0.0,1.0,0.0011793111484880935,0.19924760279534995,0.25778107576364984
random,Random-geometric topology,80,n080_s02,80,0.42143491589124205,0.4254391114106209,0.17127657124190793,0.4230769230769231,0.09934782608695654,0.800625,0.004004195519378892,0.12190148610608094,0.1713233709630469
random,Random-geometric topology,80,n080_s03,80,0.42143491589124205,0.3967486063637421,0.20030937870588827,0.41875,0.0,0.7013636363636362,-0.024686309527499898,0.15789352839217813,0.20182482769874102
random,Random-geometric topology,80,n080_s04,80,0.42143491589124205,0.36109569513304035,0.22635624733794554,0.4,0.0,0.6480392156862745,-0.06033922075820173,0.17577730124097618,0.23426047953213147
random,Random-geometric topology,90,n090_s00,90,0.42143491589124205,0.38642654636260776,0.263797724577064,0.34523809523809523,0.0,0.806875,-0.03500836952863431,0.23005400092746492,0.266110551141983
random,Random-geometric topology,90,n090_s01,90,0.42143491589124205,0.45336867859847385,0.2064988168234528,0.5,0.09230769230769231,0.7861538461538461,0.03193376270723186,0.17123746955287078,0.20895340760592468
random,Random-geometric topology,90,n090_s02,90,0.42143491589124205,0.3968135470580281,0.21862099879460958,0.4,0.0,0.7471428571428569,-0.024621368833213912,0.17454179983598417,0.22000307479027162
random,Random-geometric topology,90,n090_s03,90,0.42143491589124205,0.40424332758653214,0.20631976901604757,0.4330357142857143,0.053125000000000006,0.7692307692307693,-0.0171915883047099,0.1730629688629089,0.20703477436236128
random,Random-geometric topology,90,n090_s04,90,0.42143491589124205,0.42987440448203224,0.2084726515816728,0.4330357142857143,0.079375,0.75,0.008439488590790124,0.16143505357623988,0.20864340733693848
random,Random-geometric topology,100,n100_s00,100,0.42143491589124205,0.3820079601783915,0.2650918616068148,0.375,0.0,1.0,-0.03942695571285041,0.21832153111345726,0.2680077982577181
random,Random-geometric topology,100,n100_s01,100,0.42143491589124205,0.4315163106714258,0.26903616992522666,0.4375,0.0,0.8571428571428571,0.010081394780183715,0.22641609148310804,0.26922499001532035
random,Random-geometric topology,100,n100_s02,100,0.42143491589124205,0.45434995906289777,0.24186866608408758,0.4494949494949495,0.0,0.85,0.0329150431716557,0.18953839094443775,0.24409803706766633
random,Random-geometric topology,100,n100_s03,100,0.42143491589124205,0.4584401329768176,0.2542984097207385,0.4460227272727273,0.0,1.0,0.03700521708557557,0.20204972781063696,0.2569767835389944
random,Random-geometric topology,100,n100_s04,100,0.42143491589124205,0.41736002986745674,0.20956220383084104,0.4,0.0,0.7692307692307693,-0.0040748860237852,0.16058565923926962,0.2096018176699472
random,Random-geometric topology,110,n110_s00,110,0.42143491589124205,0.4558056148374985,0.2737622403582485,0.4230769230769231,0.0,1.0,0.03437069894625643,0.21477934549148198,0.27591141547971804
random,Random-geometric topology,110,n110_s01,110,0.42143491589124205,0.42684429475920094,0.2102356542207802,0.42857142857142855,0.0,0.7503496503496503,0.005409378867958977,0.15848175734992856,0.21030523456485
random,Random-geometric topology,110,n110_s02,110,0.42143491589124205,0.4429494964310767,0.2256020385417168,0.5,0.0,0.7692307692307693,0.021514580539834554,0.18770975061125583,0.2266255876329575
random,Random-geometric topology,110,n110_s03,110,0.42143491589124205,0.40674496178837577,0.2097685233497813,0.42857142857142855,0.02812500000000001,0.75,-0.014689954102866243,0.16746750612775702,0.21028225826229865
random,Random-geometric topology,110,n110_s04,110,0.42143491589124205,0.4624135524676065,0.19881708454288688,0.47058823529411764,0.03461538461538463,0.7857142857142857,0.04097863657636456,0.16433221082666782,0.20299626046257893
random,Random-geometric topology,120,n120_s00,120,0.42143491589124205,0.4553970315787098,0.21418111335992182,0.45454545454545453,0.0730769230769231,0.8235294117647058,0.03396211568746776,0.17227456673601463,0.21685703728969605
random,Random-geometric topology,120,n120_s01,120,0.42143491589124205,0.43574562739991296,0.20651973326567552,0.47058823529411764,0.0,0.7,0.014310711508670922,0.16199476568141483,0.20701496731398478
random,Random-geometric topology,120,n120_s02,120,0.42143491589124205,0.4638286831470165,0.25578890937360954,0.4494949494949495,0.0,1.0,0.042393767255774394,0.20564648652865902,0.2592782244244152
random,Random-geometric topology,120,n120_s03,120,0.42143491589124205,0.4086523901137247,0.23866690194284668,0.4,0.0,0.7536764705882351,-0.012782525777517395,0.18524725604324693,0.23900896018402595
random,Random-geometric topology,120,n120_s04,120,0.42143491589124205,0.4093446912754441,0.20949758390767556,0.4115384615384615,0.0,0.6510695187165774,-0.012090224615797975,0.1596028990767263,0.20984616078073484
random,Random-geometric topology,130,n130_s00,130,0.42143491589124205,0.40151642254153197,0.22620113810147763,0.3684210526315789,0.1,0.8607608695652174,-0.019918493349710006,0.17744616920995548,0.2270764216199608
random,Random-geometric topology,130,n130_s01,130,0.42143491589124205,0.45832172791851067,0.2414386183697015,0.45454545454545453,0.079375,1.0,0.0368868120272686,0.19101328123570832,0.2442401345843992
random,Random-geometric topology,130,n130_s02,130,0.42143491589124205,0.4134857485857335,0.17591306850313493,0.4,0.15357142857142858,0.7471428571428569,-0.007949167305508481,0.13159470469778178,0.17609258056783542
random,Random-geometric topology,130,n130_s03,130,0.42143491589124205,0.4105849383746295,0.21862522988311905,0.42857142857142855,0.0,0.7935714285714286,-0.010849977516612536,0.1693892798893105,0.21889429675886404
random,Random-geometric topology,130,n130_s04,130,0.42143491589124205,0.4269879834946565,0.22108365985298536,0.4258241758241758,0.02812500000000001,0.8125,0.005553067603414435,0.17945680508262307,0.22115338842938542
random,Random-geometric topology,140,n140_s00,140,0.42143491589124205,0.4822103914100222,0.17777080859498143,0.4782608695652174,0.17987012987012987,0.8235294117647058,0.06077547551878011,0.13586849972854317,0.18787261325974938
random,Random-geometric topology,140,n140_s01,140,0.42143491589124205,0.47311507153148497,0.22353659157397227,0.4782608695652174,0.1407142857142857,0.8235294117647058,0.051680155640242975,0.18536226500849126,0.22943287963914114
random,Random-geometric topology,140,n140_s02,140,0.42143491589124205,0.4273284070532885,0.23548522856202875,0.4,0.0730769230769231,0.8261029411764697,0.00589349116204651,0.18858500683745882,0.2355589652485934
random,Random-geometric topology,140,n140_s03,140,0.42143491589124205,0.4457228696387366,0.25310494142216533,0.4891304347826087,0.0,0.8812499999999979,0.024287953747494605,0.20665538898107816,0.2542676071967449
random,Random-geometric topology,140,n140_s04,140,0.42143491589124205,0.4573728340204036,0.23672438573186094,0.4913793103448276,0.0,0.8130514705882351,0.03593791812916157,0.19083943489289779,0.23943677403353314
random,Random-geometric topology,150,n150_s00,150,0.42143491589124205,0.4636545813517475,0.2173086750281127,0.46743697478991597,0.01800000000000001,0.8125,0.04221966546050549,0.16711647219258802,0.22137199550546338
random,Random-geometric topology,150,n150_s01,150,0.42143491589124205,0.44676009864784,0.2212963432441398,0.46256684491978606,0.0,0.8119047619047611,0.025325182756597966,0.17323120738546158,0.2227407381124594
random,Random-geometric topology,150,n150_s02,150,0.42143491589124205,0.45668029785951,0.22335911462398353,0.4642857142857143,0.02812500000000001,0.7696428571428565,0.035245381968267986,0.18086133391916914,0.22612282289874883
random,Random-geometric topology,150,n150_s03,150,0.42143491589124205,0.42197165636557976,0.22614270120714158,0.4375,0.0,0.7397727272727269,0.0005367404743377142,0.18006374224876348,0.2261433381720525
random,Random-geometric topology,150,n150_s04,150,0.42143491589124205,0.4157342307155005,0.22515230793370708,0.42857142857142855,0.0,0.7397727272727269,-0.005700685175741563,0.1810343507891444,0.22522446487748124
