topology_seed,channel_seed,update_seed,failure_node,scenario,node_curvature,absolute_node_curvature,curvature_rank_desc,absolute_curvature_rank_desc,degree,betweenness,configured_broadcast_probability,mean_policy_probability,average_broadcast_probability,actual_tx_ratio,active_node_actual_tx_ratio,failure_node_activity_ratio,baseline_mean_aoi,failure_mean_aoi,delta_mean_aoi,relative_delta_mean_aoi,baseline_mean_max_aoi,failure_mean_max_aoi,delta_mean_max_aoi,relative_delta_mean_max_aoi,baseline_mean_min_aoi,failure_mean_min_aoi,delta_mean_min_aoi,relative_delta_mean_min_aoi,baseline_max_aoi,failure_max_aoi,delta_max_aoi,relative_delta_max_aoi,baseline_min_aoi,failure_min_aoi,delta_min_aoi,relative_delta_min_aoi
1,0,0,-1,baseline,,,,,,,0.1,0.1,0.1,0.09988367346938774,0.09988367346938774,,5.598367841682128,5.598367841682128,0.0,0.0,21.671632653061224,21.671632653061224,0.0,0.0,0.0,0.0,0.0,0.0,35.0,35.0,0.0,0.0,0.0,0.0,0.0,0.0
1,0,0,0,single_node_silence,0.39122526778776784,0.39122526778776784,1,1,8,0.00490620490620491,0.1,0.1,0.1,0.09892040816326532,0.0999196042053185,0.0,5.598367841682128,8.169751638837354,2.5713837971552262,0.4593095469737138,21.671632653061224,268.0773469387755,246.40571428571428,11.369965439632361,0.0,0.0,0.0,,35.0,515.0,480.0,13.714285714285714,0.0,0.0,0.0,
1,0,0,1,single_node_silence,0.31480130980130977,0.31480130980130977,9,9,10,0.03285514160667256,0.1,0.1,0.1,0.09886938775510204,0.09986806843949701,0.0,5.598367841682128,8.27284963924964,2.6744817975675126,0.47772527157913897,21.671632653061224,273.6365306122449,251.96489795918365,11.626484353664623,0.0,0.0,0.0,,35.0,533.0,498.0,14.228571428571428,0.0,0.0,0.0,
1,0,0,2,single_node_silence,0.006369556369556433,0.006369556369556433,90,98,9,0.053236163382987395,0.1,0.1,0.1,0.09892857142857142,0.09992784992784992,0.0,5.598367841682128,8.141247763347764,2.5428799216656355,0.45421808526636265,21.671632653061224,259.9289795918367,238.25734693877547,10.993973123899387,0.0,0.0,0.0,,35.0,494.0,459.0,13.114285714285714,0.0,0.0,0.0,
1,0,0,3,single_node_silence,0.28562152133580715,0.28562152133580715,12,12,7,0.00015234408658444939,0.1,0.1,0.1,0.09891428571428572,0.09991341991341991,0.0,5.598367841682128,8.201032797361368,2.6026649556792396,0.46489709666830736,21.671632653061224,267.6689795918367,245.99734693877548,11.351122034824042,0.0,0.0,0.0,,35.0,524.0,489.0,13.971428571428572,0.0,0.0,0.0,
1,0,0,4,single_node_silence,-0.01005596967135424,0.01005596967135424,93,97,13,0.05163972197021062,0.1,0.1,0.1,0.0988795918367347,0.09987837559266131,0.0,5.598367841682128,8.112525685425686,2.5141578437435577,0.4490876474790793,21.671632653061224,255.97408163265305,234.30244897959182,10.811481198971665,0.0,0.0,0.0,,35.0,498.0,463.0,13.228571428571428,0.0,0.0,0.0,
1,0,0,5,single_node_silence,0.17611607142857144,0.17611607142857144,56,57,8,0.002734044643225791,0.1,0.1,0.1,0.09883061224489795,0.09982890125747268,0.0,5.598367841682128,8.028238012780871,2.4298701710987434,0.4340318892601823,21.671632653061224,249.71795918367346,228.04632653061225,10.522803250746298,0.0,0.0,0.0,,35.0,478.0,443.0,12.657142857142857,0.0,0.0,0.0,
1,0,0,6,single_node_silence,0.10945073445073461,0.10945073445073461,73,75,12,0.050875541832627914,0.1,0.1,0.1,0.09892857142857142,0.09992784992784992,0.0,5.598367841682128,7.948530076272933,2.3501622345908046,0.41979417949154574,21.671632653061224,242.89204081632653,221.2204081632653,10.207833055532014,0.0,0.0,0.0,,35.0,476.0,441.0,12.6,0.0,0.0,0.0,
1,0,0,7,single_node_silence,0.22777777777777775,0.22777777777777775,38,38,3,0.0,0.1,0.1,0.1,0.09881224489795919,0.09981034838177696,0.0,5.598367841682128,7.9950181199752635,2.3966502782931354,0.4280980360827844,21.671632653061224,248.48020408163265,226.80857142857144,10.4656891826991,0.0,0.0,0.0,,35.0,474.0,439.0,12.542857142857143,0.0,0.0,0.0,
1,0,0,8,single_node_silence,0.23444762308398673,0.23444762308398673,29,29,11,0.0077132552286399555,0.1,0.1,0.1,0.09888367346938776,0.09988249845392702,0.0,5.598367841682128,8.122078746650175,2.5237109049680466,0.45079404861145267,21.671632653061224,257.2122448979592,235.54061224489794,10.868614101006676,0.0,0.0,0.0,,35.0,489.0,454.0,12.971428571428572,0.0,0.0,0.0,
1,0,0,9,single_node_silence,0.16450771450771454,0.16450771450771454,61,62,10,0.01060157314558311,0.1,0.1,0.1,0.09892448979591836,0.09992372706658421,0.0,5.598367841682128,8.140721026592455,2.5423531849103274,0.45412399770902384,21.671632653061224,260.34469387755104,238.6730612244898,11.013155540488366,0.0,0.0,0.0,,35.0,526.0,491.0,14.028571428571428,0.0,0.0,0.0,
1,0,0,10,single_node_silence,0.0825736763236764,0.0825736763236764,82,86,4,0.0007168876140873787,0.1,0.1,0.1,0.09887142857142857,0.09987012987012987,0.0,5.598367841682128,8.16444436198722,2.566076520305092,0.4583615426624181,21.671632653061224,264.40755102040816,242.73591836734693,11.200629055193001,0.0,0.0,0.0,,35.0,520.0,485.0,13.857142857142858,0.0,0.0,0.0,
1,0,0,11,single_node_silence,0.2659887334887336,0.2659887334887336,19,19,10,0.006348325827957988,0.1,0.1,0.1,0.09881836734693877,0.09981653267367553,0.0,5.598367841682128,7.998565615337045,2.4001977736549165,0.42873170208367994,21.671632653061224,246.90836734693877,225.23673469387757,10.393159495625808,0.0,0.0,0.0,,35.0,509.0,474.0,13.542857142857143,0.0,0.0,0.0,
1,0,0,12,single_node_silence,0.05992874646720804,0.05992874646720804,83,87,13,0.04731605774596031,0.1,0.1,0.1,0.09886122448979591,0.09985982271696557,0.0,5.598367841682128,8.138062399505255,2.539694557823127,0.45364910446113726,21.671632653061224,258.9881632653061,237.3165306122449,10.950560781987175,0.0,0.0,0.0,,35.0,504.0,469.0,13.4,0.0,0.0,0.0,
1,0,0,13,single_node_silence,0.05657437800294946,0.05657437800294946,84,88,14,0.037503347948380394,0.1,0.1,0.1,0.09892040816326532,0.0999196042053185,0.0,5.598367841682128,8.196799031127604,2.598431189445476,0.46414084656944077,21.671632653061224,264.98408163265304,243.3124489795918,11.227232062980855,0.0,0.0,0.0,,35.0,501.0,466.0,13.314285714285715,0.0,0.0,0.0,
1,0,0,14,single_node_silence,0.10589133089133083,0.10589133089133083,75,77,7,0.21821612125545214,0.1,0.1,0.1,0.09889795918367346,0.09989692846835703,0.0,5.598367841682128,8.587146402803544,2.988778561121416,0.5338660562581727,21.671632653061224,240.17367346938775,218.50204081632654,10.082398696688044,0.0,0.0,0.0,,35.0,486.0,451.0,12.885714285714286,0.0,0.0,0.0,
1,0,0,15,single_node_silence,0.3388888888888889,0.3388888888888889,7,7,4,0.0,0.1,0.1,0.1,0.09892244897959185,0.09992166563595135,0.0,5.598367841682128,8.222426922284063,2.624059080601935,0.4687185899191451,21.671632653061224,270.73571428571427,249.06408163265303,11.492631202267612,0.0,0.0,0.0,,35.0,512.0,477.0,13.628571428571428,0.0,0.0,0.0,
1,0,0,16,single_node_silence,0.20121527777777778,0.20121527777777778,49,49,8,0.0021034633064245614,0.1,0.1,0.1,0.09880612244897959,0.09980416408987837,0.0,5.598367841682128,8.35216899608328,2.7538011544011525,0.4918935718903609,21.671632653061224,282.1114285714286,260.43979591836734,12.017543859649123,0.0,0.0,0.0,,35.0,536.0,501.0,14.314285714285715,0.0,0.0,0.0,
1,0,0,17,single_node_silence,0.231073471982563,0.231073471982563,33,33,11,0.01050660541705099,0.1,0.1,0.1,0.09891632653061225,0.09991548134405277,0.0,5.598367841682128,8.056886621315192,2.4585187796330636,0.4391492036890449,21.671632653061224,253.99204081632652,232.3204081632653,10.72002335414489,0.0,0.0,0.0,,35.0,491.0,456.0,13.028571428571428,0.0,0.0,0.0,
1,0,0,18,single_node_silence,0.1718262797808253,0.1718262797808253,58,59,11,0.007768945461706822,0.1,0.1,0.1,0.09892857142857142,0.09992784992784992,0.0,5.598367841682128,8.058814842300556,2.4604470006184282,0.4394936292501894,21.671632653061224,252.7757142857143,231.10408163265305,10.663898070457948,0.0,0.0,0.0,,35.0,499.0,464.0,13.257142857142858,0.0,0.0,0.0,
1,0,0,19,single_node_silence,0.21111111111111117,0.21111111111111117,42,42,5,0.0007001710907579472,0.1,0.1,0.1,0.09888979591836736,0.0998886827458256,0.0,5.598367841682128,7.735896371882086,2.1375285301999583,0.3818128052046148,21.671632653061224,222.70367346938775,201.03204081632651,9.276275767249578,0.0,0.0,0.0,,35.0,458.0,423.0,12.085714285714285,0.0,0.0,0.0,
1,0,0,20,single_node_silence,0.04499999999999997,0.04499999999999997,85,90,5,0.2768364452256858,0.1,0.1,0.1,0.09885714285714287,0.09985569985569986,0.0,5.598367841682128,9.07329247577819,3.4749246340960624,0.6207031642729571,21.671632653061224,250.62285714285716,228.95122448979595,10.564558201730845,0.0,0.0,0.0,,35.0,473.0,438.0,12.514285714285714,0.0,0.0,0.0,
1,0,0,21,single_node_silence,0.36859128525795204,0.36859128525795204,3,3,9,0.010172891695948144,0.1,0.1,0.1,0.09892244897959185,0.09992166563595135,0.0,5.598367841682128,8.025211544011546,2.4268437023294176,0.43349129084741056,21.671632653061224,253.24836734693878,231.57673469387754,10.685707828347034,0.0,0.0,0.0,,35.0,497.0,462.0,13.2,0.0,0.0,0.0,
1,0,0,22,single_node_silence,0.1569187223033378,0.1569187223033378,64,65,13,0.021705679189226997,0.1,0.1,0.1,0.0988795918367347,0.09987837559266131,0.0,5.598367841682128,8.307754483611626,2.7093866419294983,0.4839600966833604,21.671632653061224,276.7481632653061,255.07653061224488,11.770065259767776,0.0,0.0,0.0,,35.0,524.0,489.0,13.971428571428572,0.0,0.0,0.0,
1,0,0,23,single_node_silence,0.10829887704887713,0.10829887704887713,74,76,12,0.037956074364023804,0.1,0.1,0.1,0.09889795918367346,0.09989692846835703,0.0,5.598367841682128,8.242417295403008,2.6440494537208803,0.4722893401242511,21.671632653061224,269.3210204081633,247.64938775510205,11.427352600502868,0.0,0.0,0.0,,35.0,505.0,470.0,13.428571428571429,0.0,0.0,0.0,
1,0,0,24,single_node_silence,0.006098068598068662,0.006098068598068662,91,99,12,0.023659962316224012,0.1,0.1,0.1,0.09893673469387755,0.09993609565038136,0.0,5.598367841682128,8.105685095856526,2.5073172541743975,0.44786575749924823,21.671632653061224,253.2069387755102,231.53530612244896,10.683796178583872,0.0,0.0,0.0,,35.0,491.0,456.0,13.028571428571428,0.0,0.0,0.0,
1,0,0,25,single_node_silence,0.11537767787767803,0.11537767787767803,72,74,14,0.06297115340195203,0.1,0.1,0.1,0.09885102040816326,0.09984951556380127,0.0,5.598367841682128,8.15554553700268,2.5571776953205525,0.4567720034902536,21.671632653061224,258.5922448979592,236.92061224489794,10.932291813807195,0.0,0.0,0.0,,35.0,494.0,459.0,13.114285714285714,0.0,0.0,0.0,
1,0,0,26,single_node_silence,0.1726599158417341,0.1726599158417341,57,58,11,0.012911876182426656,0.1,0.1,0.1,0.09883469387755102,0.09983302411873841,0.0,5.598367841682128,8.076830839002268,2.4784629973201397,0.442711709449846,21.671632653061224,257.54448979591837,235.87285714285713,10.883944967087606,0.0,0.0,0.0,,35.0,498.0,463.0,13.228571428571428,0.0,0.0,0.0,
1,0,0,27,single_node_silence,0.0848769286269287,0.0848769286269287,80,84,12,0.02563639669629461,0.1,0.1,0.1,0.09891224489795919,0.09991135848278705,0.0,5.598367841682128,8.199689795918369,2.6013219542362407,0.46465720506400804,21.671632653061224,267.68265306122447,246.01102040816323,11.351752973415826,0.0,0.0,0.0,,35.0,513.0,478.0,13.657142857142857,0.0,0.0,0.0,
1,0,0,28,single_node_silence,0.21005633255633263,0.21005633255633263,44,44,10,0.007028019562919473,0.1,0.1,0.1,0.09889795918367346,0.09989692846835703,0.0,5.598367841682128,8.131213626056484,2.5328457843743557,0.4524257526481714,21.671632653061224,259.2079591836735,237.53632653061226,10.960702884425235,0.0,0.0,0.0,,35.0,497.0,462.0,13.2,0.0,0.0,0.0,
1,0,0,29,single_node_silence,0.3912252677877678,0.3912252677877678,2,2,8,0.00490620490620491,0.1,0.1,0.1,0.09884285714285714,0.09984126984126983,0.0,5.598367841682128,8.097285157699442,2.498917316017314,0.4463653312331243,21.671632653061224,258.7142857142857,237.04265306122448,10.937923176163705,0.0,0.0,0.0,,35.0,501.0,466.0,13.314285714285715,0.0,0.0,0.0,
1,0,0,30,single_node_silence,-0.09776488943155597,0.09776488943155597,97,80,9,0.04903669765311179,0.1,0.1,0.1,0.09896122448979591,0.09996083281797567,0.0,5.598367841682128,8.183446650175222,2.585078808493094,0.4617557976891282,21.671632653061224,259.07795918367344,237.4063265306122,10.954704259306343,0.0,0.0,0.0,,35.0,513.0,478.0,13.657142857142857,0.0,0.0,0.0,
1,0,0,31,single_node_silence,0.09265555872698737,0.09265555872698737,78,82,14,0.0754714961015035,0.1,0.1,0.1,0.09891632653061225,0.09991548134405277,0.0,5.598367841682128,8.309826303854875,2.7114584621727467,0.48433017244505344,21.671632653061224,267.3297959183673,245.6581632653061,11.335470990950268,0.0,0.0,0.0,,35.0,526.0,491.0,14.028571428571428,0.0,0.0,0.0,
1,0,0,32,single_node_silence,0.21997113997114,0.21997113997114,41,41,10,0.005047110166589269,0.1,0.1,0.1,0.09891224489795919,0.09991135848278705,0.0,5.598367841682128,8.005025912183054,2.406658070500926,0.4298856628502288,21.671632653061224,247.4269387755102,225.75530612244899,10.417088077144015,0.0,0.0,0.0,,35.0,497.0,462.0,13.2,0.0,0.0,0.0,
1,0,0,33,single_node_silence,0.368591285257952,0.368591285257952,4,4,9,0.010172891695948144,0.1,0.1,0.1,0.09886530612244898,0.0998639455782313,0.0,5.598367841682128,8.035575448361163,2.437207606679035,0.4353425276083204,21.671632653061224,252.42632653061224,230.754693877551,10.647776176888813,0.0,0.0,0.0,,35.0,495.0,460.0,13.142857142857142,0.0,0.0,0.0,
1,0,0,34,single_node_silence,0.19305555555555554,0.19305555555555554,52,52,6,0.028749656902392947,0.1,0.1,0.1,0.09891632653061225,0.09991548134405277,0.0,5.598367841682128,7.8576583384869085,2.2592904968047804,0.40356235258130824,21.671632653061224,232.55775510204083,210.88612244897962,9.73097531805897,0.0,0.0,0.0,,35.0,487.0,452.0,12.914285714285715,0.0,0.0,0.0,
1,0,0,35,single_node_silence,0.04029982363315702,0.04029982363315702,86,91,9,0.20075355741809647,0.1,0.1,0.1,0.0988469387755102,0.09984539270253556,0.0,5.598367841682128,8.360246959389817,2.7618791177076893,0.49333648588511364,21.671632653061224,252.57714285714286,230.90551020408162,10.654735335386238,0.0,0.0,0.0,,35.0,494.0,459.0,13.114285714285714,0.0,0.0,0.0,
1,0,0,36,single_node_silence,0.21051587301587305,0.21051587301587305,43,43,8,0.0020235980357893547,0.1,0.1,0.1,0.09889183673469387,0.09989074417645846,0.0,5.598367841682128,8.061877262420118,2.4635094207379904,0.44004064941859655,21.671632653061224,253.85061224489795,232.1789795918367,10.713497377367196,0.0,0.0,0.0,,35.0,500.0,465.0,13.285714285714286,0.0,0.0,0.0,
1,0,0,37,single_node_silence,0.2649350649350649,0.2649350649350649,20,20,9,0.000705534118254045,0.1,0.1,0.1,0.09894081632653061,0.09994021851164707,0.0,5.598367841682128,8.04322290249433,2.444855060812202,0.4367085425522168,21.671632653061224,252.47183673469388,230.80020408163267,10.649876166530122,0.0,0.0,0.0,,35.0,503.0,468.0,13.371428571428572,0.0,0.0,0.0,
1,0,0,38,single_node_silence,0.20151878036493429,0.20151878036493429,48,48,13,0.015872253521728438,0.1,0.1,0.1,0.09889183673469387,0.09989074417645846,0.0,5.598367841682128,7.943364440321584,2.3449965986394563,0.41887147557186255,21.671632653061224,242.13040816326532,220.45877551020408,10.172688834270325,0.0,0.0,0.0,,35.0,466.0,431.0,12.314285714285715,0.0,0.0,0.0,
1,0,0,39,single_node_silence,0.016449696137196088,0.016449696137196088,89,96,8,0.007982851732786112,0.1,0.1,0.1,0.09881428571428572,0.09981240981240981,0.0,5.598367841682128,7.7960225726654295,2.1976547309833014,0.3925527570055092,21.671632653061224,225.01632653061225,203.34469387755104,9.382989142206027,0.0,0.0,0.0,,35.0,446.0,411.0,11.742857142857142,0.0,0.0,0.0,
1,0,0,40,single_node_silence,0.23855668141382433,0.23855668141382433,28,28,7,0.0005623434913572021,0.1,0.1,0.1,0.09879387755102041,0.09979179550608122,0.0,5.598367841682128,8.312125293753866,2.7137574520717376,0.48474082604338864,21.671632653061224,278.98102040816326,257.309387755102,11.873096590106506,0.0,0.0,0.0,,35.0,542.0,507.0,14.485714285714286,0.0,0.0,0.0,
1,0,0,41,single_node_silence,0.23344957511624187,0.23344957511624187,30,30,9,0.0038483581783124447,0.1,0.1,0.1,0.09886734693877551,0.09986600700886415,0.0,5.598367841682128,8.267736569779428,2.6693687280973,0.4768119572677528,21.671632653061224,274.50612244897957,252.83448979591833,11.666610164703222,0.0,0.0,0.0,,35.0,524.0,489.0,13.971428571428572,0.0,0.0,0.0,
1,0,0,42,single_node_silence,0.15385586635586637,0.15385586635586637,67,68,15,0.028136417494907213,0.1,0.1,0.1,0.09893061224489795,0.09992991135848278,0.0,5.598367841682128,8.259970954442382,2.661603112760254,0.47542483595728297,21.671632653061224,271.1277551020408,249.45612244897956,11.510721247563351,0.0,0.0,0.0,,35.0,514.0,479.0,13.685714285714285,0.0,0.0,0.0,
1,0,0,43,single_node_silence,0.23092324342324355,0.23092324342324355,34,34,12,0.009315563006056527,0.1,0.1,0.1,0.09881428571428572,0.09981240981240981,0.0,5.598367841682128,7.98785149453721,2.3894836528550822,0.4268179084383137,21.671632653061224,249.34224489795918,227.67061224489794,10.505466564963132,0.0,0.0,0.0,,35.0,490.0,455.0,13.0,0.0,0.0,0.0,
1,0,0,44,single_node_silence,0.09012336869479724,0.09012336869479724,79,83,7,0.0020589625766993486,0.1,0.1,0.1,0.09888367346938776,0.09988249845392702,0.0,5.598367841682128,8.254132014017728,2.6557641723355996,0.47438186404300803,21.671632653061224,272.08653061224487,250.41489795918363,11.5549622849394,0.0,0.0,0.0,,35.0,534.0,499.0,14.257142857142858,0.0,0.0,0.0,
1,0,0,45,single_node_silence,0.19305555555555556,0.19305555555555556,51,51,6,0.028749656902392947,0.1,0.1,0.1,0.09890408163265306,0.09990311276025561,0.0,5.598367841682128,7.971205565862709,2.372837724180581,0.42384455457068004,21.671632653061224,239.0416326530612,217.37,10.030162631484778,0.0,0.0,0.0,,35.0,468.0,433.0,12.371428571428572,0.0,0.0,0.0,
1,0,0,46,single_node_silence,0.1538558663558664,0.1538558663558664,66,67,15,0.028136417494907213,0.1,0.1,0.1,0.09887551020408163,0.09987425273139558,0.0,5.598367841682128,8.282569449598022,2.6842016079158935,0.47946145802191126,21.671632653061224,274.4161224489796,252.74448979591835,11.662457270390146,0.0,0.0,0.0,,35.0,514.0,479.0,13.685714285714285,0.0,0.0,0.0,
1,0,0,47,single_node_silence,0.13382365497750115,0.13382365497750115,71,72,13,0.13398132367301444,0.1,0.1,0.1,0.09891632653061225,0.09991548134405277,0.0,5.598367841682128,7.9629198721913,2.364552030509172,0.42236453505325594,21.671632653061224,239.2426530612245,217.5710204081633,10.039438370483376,0.0,0.0,0.0,,35.0,472.0,437.0,12.485714285714286,0.0,0.0,0.0,
1,0,0,48,single_node_silence,0.29465118215118224,0.29465118215118224,11,11,6,6.699649556792413e-05,0.1,0.1,0.1,0.09890612244897959,0.09990517419088847,0.0,5.598367841682128,8.081218944547516,2.4828511028653875,0.44349552817511384,21.671632653061224,256.3542857142857,234.68265306122447,10.829025058620786,0.0,0.0,0.0,,35.0,498.0,463.0,13.228571428571428,0.0,0.0,0.0,
1,0,0,49,single_node_silence,0.08467719149537334,0.08467719149537334,81,85,11,0.020896251038891096,0.1,0.1,0.1,0.09873673469387756,0.09973407544836117,0.0,5.598367841682128,8.173438198309627,2.5750703566274993,0.45996805309130495,21.671632653061224,257.21367346938774,235.5420408163265,10.868680019964026,0.0,0.0,0.0,,35.0,504.0,469.0,13.4,0.0,0.0,0.0,
1,0,0,50,single_node_silence,0.31736111111111104,0.31736111111111104,8,8,6,0.0027647711321180687,0.1,0.1,0.1,0.09894897959183674,0.09994846423417851,0.0,5.598367841682128,7.98107260358689,2.382704761904762,0.4256070392810838,21.671632653061224,246.51367346938775,224.84204081632652,10.374947029409272,0.0,0.0,0.0,,35.0,483.0,448.0,12.8,0.0,0.0,0.0,
1,0,0,51,single_node_silence,0.2806637806637806,0.2806637806637806,14,14,6,0.00031950287052327867,0.1,0.1,0.1,0.09886734693877551,0.09986600700886415,0.0,5.598367841682128,7.989781983096269,2.391414141414141,0.42716273904138435,21.671632653061224,249.02591836734695,227.3542857142857,10.490870224406965,0.0,0.0,0.0,,35.0,479.0,444.0,12.685714285714285,0.0,0.0,0.0,
1,0,0,52,single_node_silence,0.2753628533775593,0.2753628533775593,16,16,15,0.015920231746496337,0.1,0.1,0.1,0.09877755102040817,0.09977530406101835,0.0,5.598367841682128,7.928686270871985,2.330318429189857,0.4162496097236926,21.671632653061224,240.77673469387756,219.10510204081635,10.110225913683836,0.0,0.0,0.0,,35.0,476.0,441.0,12.6,0.0,0.0,0.0,
1,0,0,53,single_node_silence,0.359375,0.359375,5,5,4,0.0,0.1,0.1,0.1,0.09893673469387755,0.09993609565038136,0.0,5.598367841682128,8.007260853432284,2.4088930117501555,0.4302848758552388,21.671632653061224,248.66122448979593,226.9895918367347,10.47404205629479,0.0,0.0,0.0,,35.0,500.0,465.0,13.285714285714286,0.0,0.0,0.0,
1,0,0,54,single_node_silence,0.23140914235510796,0.23140914235510796,32,32,16,0.013447032981656445,0.1,0.1,0.1,0.09890204081632653,0.09990105132962276,0.0,5.598367841682128,8.057945124716554,2.4595772830344256,0.4393382772603599,21.671632653061224,251.85591836734693,230.1842857142857,10.621455678918176,0.0,0.0,0.0,,35.0,483.0,448.0,12.8,0.0,0.0,0.0,
1,0,0,55,single_node_silence,0.359375,0.359375,6,6,4,0.0,0.1,0.1,0.1,0.09892448979591836,0.09992372706658421,0.0,5.598367841682128,7.873575097917955,2.275207256235827,0.4064054596941599,21.671632653061224,235.38816326530613,213.71653061224492,9.861579606557996,0.0,0.0,0.0,,35.0,480.0,445.0,12.714285714285714,0.0,0.0,0.0,
1,0,0,56,single_node_silence,0.13877443371686793,0.13877443371686793,68,69,16,0.146810742255811,0.1,0.1,0.1,0.09888775510204083,0.09988662131519276,0.0,5.598367841682128,8.264194599051743,2.665826757369615,0.47617927809627825,21.671632653061224,259.91244897959183,238.2408163265306,10.993210347392905,0.0,0.0,0.0,,35.0,508.0,473.0,13.514285714285714,0.0,0.0,0.0,
1,0,0,57,single_node_silence,-0.03142857142857149,0.03142857142857149,94,94,5,0.22122145155579545,0.1,0.1,0.1,0.09893673469387755,0.09993609565038136,0.0,5.598367841682128,8.557711193568338,2.9593433518862096,0.5286082364671884,21.671632653061224,238.61816326530612,216.94653061224489,10.010622369127328,0.0,0.0,0.0,,35.0,472.0,437.0,12.485714285714286,0.0,0.0,0.0,
1,0,0,58,single_node_silence,0.18530618686868688,0.18530618686868688,54,55,8,0.0011040521517439554,0.1,0.1,0.1,0.09886326530612244,0.09986188414759843,0.0,5.598367841682128,8.087802618016903,2.4894347763347753,0.4446715269046667,21.671632653061224,254.56020408163266,232.88857142857142,10.746240265182548,0.0,0.0,0.0,,35.0,498.0,463.0,13.228571428571428,0.0,0.0,0.0,
1,0,0,59,single_node_silence,0.24316689204137612,0.24316689204137612,27,27,18,0.01267740141521035,0.1,0.1,0.1,0.09885510204081634,0.099853638425067,0.0,5.598367841682128,8.081005009276438,2.4826371675943104,0.44345731431044344,21.671632653061224,257.66938775510204,235.9977551020408,10.889708167358815,0.0,0.0,0.0,,35.0,512.0,477.0,13.628571428571428,0.0,0.0,0.0,
1,0,0,60,single_node_silence,0.24608514847857554,0.24608514847857554,26,26,13,0.005578256440828534,0.1,0.1,0.1,0.0988938775510204,0.09989280560709132,0.0,5.598367841682128,8.02257804576376,2.424210204081632,0.4330208862005101,21.671632653061224,249.75122448979593,228.07959183673472,10.524338220753172,0.0,0.0,0.0,,35.0,493.0,458.0,13.085714285714285,0.0,0.0,0.0,
1,0,0,61,single_node_silence,-0.049404761904761875,0.049404761904761875,96,89,6,0.3053026187180238,0.1,0.1,0.1,0.09885102040816326,0.09984951556380127,0.0,5.598367841682128,9.111313461142032,3.512945619459904,0.6274946053570459,21.671632653061224,241.0183673469388,219.34673469387758,10.121375634469967,0.0,0.0,0.0,,35.0,487.0,452.0,12.914285714285715,0.0,0.0,0.0,
1,0,0,62,single_node_silence,0.2710564789241261,0.2710564789241261,18,18,15,0.038697430566224794,0.1,0.1,0.1,0.09886122448979591,0.09985982271696557,0.0,5.598367841682128,7.896868707482993,2.2985008658008645,0.4105662455202728,21.671632653061224,239.3295918367347,217.65795918367348,10.043450009887845,0.0,0.0,0.0,,35.0,482.0,447.0,12.771428571428572,0.0,0.0,0.0,
1,0,0,63,single_node_silence,-0.0055555555555556095,0.0055555555555556095,92,100,6,0.01828819536825354,0.1,0.1,0.1,0.0988326530612245,0.09983096268810555,0.0,5.598367841682128,8.027546052360337,2.4291782106782094,0.4339082888751947,21.671632653061224,246.48285714285714,224.8112244897959,10.373525063329284,0.0,0.0,0.0,,35.0,480.0,445.0,12.714285714285714,0.0,0.0,0.0,
1,0,0,64,single_node_silence,0.13447420634920637,0.13447420634920637,70,71,8,0.0964328716135037,0.1,0.1,0.1,0.09886326530612244,0.09986188414759843,0.0,5.598367841682128,8.172787775716348,2.5744199340342195,0.4598518723379723,21.671632653061224,266.9608163265306,245.28918367346938,11.318445065966042,0.0,0.0,0.0,,35.0,532.0,497.0,14.2,0.0,0.0,0.0,
1,0,0,65,single_node_silence,0.26059027777777777,0.26059027777777777,22,22,8,0.009639969795547173,0.1,0.1,0.1,0.09885510204081634,0.099853638425067,0.0,5.598367841682128,8.000806411049268,2.40243856936714,0.4291319608332998,21.671632653061224,248.91775510204081,227.24612244897958,10.485879217636146,0.0,0.0,0.0,,35.0,480.0,445.0,12.714285714285714,0.0,0.0,0.0,
1,0,0,66,single_node_silence,0.17866161616161624,0.17866161616161624,55,56,6,0.0015779257275855914,0.1,0.1,0.1,0.09883673469387755,0.09983508554937126,0.0,5.598367841682128,7.975644774273346,2.3772769325912178,0.4246375014680927,21.671632653061224,245.07510204081632,223.40346938775508,10.308566639357384,0.0,0.0,0.0,,35.0,482.0,447.0,12.771428571428572,0.0,0.0,0.0,
1,0,0,67,single_node_silence,0.22847298608438596,0.22847298608438596,36,36,14,0.02237544322067703,0.1,0.1,0.1,0.09887755102040817,0.09987631416202845,0.0,5.598367841682128,7.852104617604619,2.2537367759224907,0.40257032757699535,21.671632653061224,229.9230612244898,208.25142857142856,9.609401926716954,0.0,0.0,0.0,,35.0,445.0,410.0,11.714285714285714,0.0,0.0,0.0,
1,0,0,68,single_node_silence,0.19102182539682538,0.19102182539682538,53,53,8,0.02722255857253995,0.1,0.1,0.1,0.09888775510204083,0.09988662131519276,0.0,5.598367841682128,8.208819191919192,2.6104513502370637,0.4662879296357039,21.671632653061224,265.1508163265306,243.47918367346938,11.234925747003041,0.0,0.0,0.0,,35.0,521.0,486.0,13.885714285714286,0.0,0.0,0.0,
1,0,0,69,single_node_silence,0.22799320271889023,0.22799320271889023,37,37,17,0.02115006080902807,0.1,0.1,0.1,0.09889795918367346,0.09989692846835703,0.0,5.598367841682128,8.189313646670788,2.5909458049886602,0.4628037810766941,21.671632653061224,265.5489795918367,243.87734693877547,11.253298302115997,0.0,0.0,0.0,,35.0,498.0,463.0,13.228571428571428,0.0,0.0,0.0,
1,0,0,70,single_node_silence,0.13447420634920643,0.13447420634920643,69,70,8,0.0964328716135037,0.1,0.1,0.1,0.0988408163265306,0.09983920841063698,0.0,5.598367841682128,8.223284250669964,2.6249164089878363,0.46887172890717627,21.671632653061224,261.04,239.36836734693878,11.045239238730213,0.0,0.0,0.0,,35.0,508.0,473.0,13.514285714285714,0.0,0.0,0.0,
1,0,0,71,single_node_silence,0.27651214078748915,0.27651214078748915,15,15,8,0.00042803581002545297,0.1,0.1,0.1,0.09890204081632653,0.09990105132962276,0.0,5.598367841682128,7.997275819418676,2.398907977736548,0.42850131423585663,21.671632653061224,246.22142857142856,224.54979591836735,10.361461894134155,0.0,0.0,0.0,,35.0,475.0,440.0,12.571428571428571,0.0,0.0,0.0,
1,0,0,72,single_node_silence,0.1682291666666667,0.1682291666666667,60,61,8,0.08142485728888042,0.1,0.1,0.1,0.09887142857142857,0.09987012987012987,0.0,5.598367841682128,8.22587113997114,2.627503298289012,0.4693338081013863,21.671632653061224,260.56367346938777,238.89204081632653,11.023259974950797,0.0,0.0,0.0,,35.0,505.0,470.0,13.428571428571429,0.0,0.0,0.0,
1,0,0,73,single_node_silence,0.28125,0.28125,13,13,6,0.0006568015441129905,0.1,0.1,0.1,0.09892857142857142,0.09992784992784992,0.0,5.598367841682128,8.025699917542775,2.4273320758606474,0.43357852583179185,21.671632653061224,249.38877551020408,227.71714285714285,10.507613639573975,0.0,0.0,0.0,,35.0,504.0,469.0,13.4,0.0,0.0,0.0,
1,0,0,74,single_node_silence,0.24608514847857557,0.24608514847857557,25,25,13,0.005578256440828534,0.1,0.1,0.1,0.09890816326530612,0.09990723562152133,0.0,5.598367841682128,8.136575984333126,2.5382081426509977,0.4533835957960827,21.671632653061224,262.1608163265306,240.48918367346937,11.096957369268582,0.0,0.0,0.0,,35.0,526.0,491.0,14.028571428571428,0.0,0.0,0.0,
1,0,0,75,single_node_silence,0.15673009115927067,0.15673009115927067,65,66,10,0.011600862928104921,0.1,0.1,0.1,0.09893061224489795,0.09992991135848278,0.0,5.598367841682128,8.13866433725005,2.5402964955679224,0.45375662468164035,21.671632653061224,262.27836734693875,240.6067346938775,11.10238155775913,0.0,0.0,0.0,,35.0,522.0,487.0,13.914285714285715,0.0,0.0,0.0,
1,0,0,76,single_node_silence,0.2641666666666666,0.2641666666666666,21,21,5,0.0006155729314558064,0.1,0.1,0.1,0.09891020408163266,0.0999092970521542,0.0,5.598367841682128,8.199096495567922,2.6007286538857937,0.46455122768502455,21.671632653061224,265.6577551020408,243.9861224489796,11.258317559868539,0.0,0.0,0.0,,35.0,499.0,464.0,13.257142857142858,0.0,0.0,0.0,
1,0,0,77,single_node_silence,0.22070921006374,0.22070921006374,40,40,19,0.0345640504762939,0.1,0.1,0.1,0.09888367346938776,0.09988249845392702,0.0,5.598367841682128,8.194343619872193,2.5959757781900645,0.46370225244257224,21.671632653061224,266.630612244898,244.95897959183674,11.303208369824185,0.0,0.0,0.0,,35.0,528.0,493.0,14.085714285714285,0.0,0.0,0.0,
1,0,0,78,single_node_silence,0.2602472480220159,0.2602472480220159,23,23,10,0.0011558406351428975,0.1,0.1,0.1,0.09884897959183674,0.09984745413316842,0.0,5.598367841682128,8.250324407338693,2.6519565656565653,0.47370173605093774,21.671632653061224,272.45897959183674,250.7873469387755,11.57214829882005,0.0,0.0,0.0,,35.0,527.0,492.0,14.057142857142857,0.0,0.0,0.0,
1,0,0,79,single_node_silence,0.09837962962962962,0.09837962962962962,76,79,9,0.15948792399952896,0.1,0.1,0.1,0.09891836734693876,0.09991754277468562,0.0,5.598367841682128,8.066586518243662,2.468218676561534,0.44088183312726276,21.671632653061224,237.68081632653062,216.0091836734694,9.967370116111537,0.0,0.0,0.0,,35.0,471.0,436.0,12.457142857142857,0.0,0.0,0.0,
1,0,0,80,single_node_silence,0.16130952380952393,0.16130952380952393,63,64,9,0.07193601741914138,0.1,0.1,0.1,0.09885714285714287,0.09985569985569986,0.0,5.598367841682128,8.298657596371882,2.700289754689754,0.48233517894001127,21.671632653061224,273.9469387755102,252.27530612244897,11.640807601397482,0.0,0.0,0.0,,35.0,518.0,483.0,13.8,0.0,0.0,0.0,
1,0,0,81,single_node_silence,0.2316757077126318,0.2316757077126318,31,31,17,0.010233333118487804,0.1,0.1,0.1,0.09889795918367346,0.09989692846835703,0.0,5.598367841682128,8.086906122448978,2.48853828076685,0.4445113917379042,21.671632653061224,256.0122448979592,234.34061224489795,10.813242176832311,0.0,0.0,0.0,,35.0,505.0,470.0,13.428571428571429,0.0,0.0,0.0,
1,0,0,82,single_node_silence,0.20766336837765412,0.20766336837765412,45,45,7,0.004881137521150048,0.1,0.1,0.1,0.09885510204081634,0.099853638425067,0.0,5.598367841682128,8.172751865594723,2.574384023912595,0.45984545794673537,21.671632653061224,265.7542857142857,244.08265306122445,11.262771797986645,0.0,0.0,0.0,,35.0,512.0,477.0,13.628571428571428,0.0,0.0,0.0,
1,0,0,83,single_node_silence,0.09493371212121211,0.09493371212121211,77,81,8,0.035486423484748474,0.1,0.1,0.1,0.09892653061224489,0.09992578849721706,0.0,5.598367841682128,7.936748299319728,2.3383804576375997,0.4176896773783611,21.671632653061224,237.2977551020408,215.62612244897957,9.949694418547711,0.0,0.0,0.0,,35.0,469.0,434.0,12.4,0.0,0.0,0.0,
1,0,0,84,single_node_silence,0.2601788993834449,0.2601788993834449,24,24,11,0.0052437985236982254,0.1,0.1,0.1,0.09892040816326532,0.0999196042053185,0.0,5.598367841682128,8.00694025974026,2.4085724180581316,0.4302276102912226,21.671632653061224,248.98938775510203,227.3177551020408,10.489184582497574,0.0,0.0,0.0,,35.0,499.0,464.0,13.257142857142858,0.0,0.0,0.0,
1,0,0,85,single_node_silence,-0.11898148148148163,0.11898148148148163,99,73,9,0.05638293255633553,0.1,0.1,0.1,0.09887142857142857,0.09987012987012987,0.0,5.598367841682128,8.37268608534323,2.774318243661101,0.4955584059706067,21.671632653061224,259.2348979591837,237.56326530612245,10.961945927620985,0.0,0.0,0.0,,35.0,518.0,483.0,13.8,0.0,0.0,0.0,
1,0,0,86,single_node_silence,0.20462962962962963,0.20462962962962963,47,47,9,0.03461367949238367,0.1,0.1,0.1,0.0988734693877551,0.09987219130076272,0.0,5.598367841682128,8.253169078540507,2.654801236858379,0.4742098611477979,21.671632653061224,265.2895918367347,243.61795918367346,11.241329302859942,0.0,0.0,0.0,,35.0,510.0,475.0,13.571428571428571,0.0,0.0,0.0,
1,0,0,87,single_node_silence,0.16143575851393188,0.16143575851393188,62,63,9,0.010761121747122923,0.1,0.1,0.1,0.09892448979591836,0.09992372706658421,0.0,5.598367841682128,8.022174582560297,2.4238067408781685,0.43294881819517833,21.671632653061224,249.624693877551,227.95306122448977,10.518499684530703,0.0,0.0,0.0,,35.0,496.0,461.0,13.17142857142857,0.0,0.0,0.0,
1,0,0,88,single_node_silence,0.037037037037037014,0.037037037037037014,87,92,3,0.0002811041772080733,0.1,0.1,0.1,0.09888775510204083,0.09988662131519276,0.0,5.598367841682128,8.058982209853637,2.460614368171509,0.4395235250265681,21.671632653061224,256.0338775510204,234.36224489795916,10.814240378186474,0.0,0.0,0.0,,35.0,503.0,468.0,13.371428571428572,0.0,0.0,0.0,
1,0,0,89,single_node_silence,0.20512870127808214,0.20512870127808214,46,46,8,0.0023179529315441208,0.1,0.1,0.1,0.09888571428571429,0.09988455988455988,0.0,5.598367841682128,8.09368165326737,2.495313811585241,0.4457216606966434,21.671632653061224,249.94938775510204,228.27775510204083,10.533482121837068,0.0,0.0,0.0,,35.0,510.0,475.0,13.571428571428571,0.0,0.0,0.0,
1,0,0,90,single_node_silence,0.16971628603594546,0.16971628603594546,59,60,15,0.04535577227498163,0.1,0.1,0.1,0.09897755102040817,0.09997732426303856,0.0,5.598367841682128,8.15472784992785,2.556360008245722,0.4566259453715386,21.671632653061224,258.195306122449,236.52367346938775,10.913975760657683,0.0,0.0,0.0,,35.0,495.0,460.0,13.142857142857142,0.0,0.0,0.0,
1,0,0,91,single_node_silence,-0.035832349468713054,0.035832349468713054,95,93,11,0.03345748192260312,0.1,0.1,0.1,0.0988326530612245,0.09983096268810555,0.0,5.598367841682128,8.111927252112967,2.5135594104308385,0.4489807532324627,21.671632653061224,251.73020408163265,230.05857142857144,10.615654810671339,0.0,0.0,0.0,,35.0,500.0,465.0,13.285714285714286,0.0,0.0,0.0,
1,0,0,92,single_node_silence,0.22847298608438601,0.22847298608438601,35,35,14,0.02237544322067703,0.1,0.1,0.1,0.0988530612244898,0.09985157699443413,0.0,5.598367841682128,8.218821645021645,2.620453803339517,0.4680746027135215,21.671632653061224,270.7734693877551,249.10183673469385,11.494373346140444,0.0,0.0,0.0,,35.0,527.0,492.0,14.057142857142857,0.0,0.0,0.0,
1,0,0,93,single_node_silence,0.22379964806435396,0.22379964806435396,39,39,6,0.0003030793847120377,0.1,0.1,0.1,0.09891224489795919,0.09991135848278705,0.0,5.598367841682128,8.039303710575139,2.4409358688930105,0.4360084828151607,21.671632653061224,251.48061224489797,229.80897959183676,10.604137827122827,0.0,0.0,0.0,,35.0,507.0,472.0,13.485714285714286,0.0,0.0,0.0,
1,0,0,94,single_node_silence,0.29844576719576726,0.29844576719576726,10,10,6,0.0006425610167106765,0.1,0.1,0.1,0.09886530612244898,0.0998639455782313,0.0,5.598367841682128,7.995856338899196,2.3974884972170676,0.42824776167203404,21.671632653061224,247.59795918367348,225.92632653061224,10.424979518038253,0.0,0.0,0.0,,35.0,486.0,451.0,12.885714285714286,0.0,0.0,0.0,
1,0,0,95,single_node_silence,0.19618055555555555,0.19618055555555555,50,50,4,0.004152756471865934,0.1,0.1,0.1,0.09894285714285715,0.09994227994227994,0.0,5.598367841682128,8.061192104720677,2.4628242630385486,0.43991826415938934,21.671632653061224,246.9,225.2283673469388,10.392773398875612,0.0,0.0,0.0,,35.0,486.0,451.0,12.885714285714286,0.0,0.0,0.0,
1,0,0,96,single_node_silence,0.019570135746606303,0.019570135746606303,88,95,6,0.00566216465942267,0.1,0.1,0.1,0.09888571428571429,0.09988455988455988,0.0,5.598367841682128,7.831475592661307,2.233107750979179,0.3988854991543754,21.671632653061224,229.59081632653061,207.91918367346938,9.594071060636024,0.0,0.0,0.0,,35.0,457.0,422.0,12.057142857142857,0.0,0.0,0.0,
1,0,0,97,single_node_silence,-0.09917568542568538,0.09917568542568538,98,78,10,0.149911614660947,0.1,0.1,0.1,0.09896734693877551,0.09996701710987425,0.0,5.598367841682128,8.07784289837147,2.479475056689342,0.4428924870260651,21.671632653061224,248.18224489795918,226.51061224489797,10.451940371594581,0.0,0.0,0.0,,35.0,497.0,462.0,13.2,0.0,0.0,0.0,
1,0,0,98,single_node_silence,-0.19101473922902484,0.19101473922902484,100,54,7,0.2737604365235606,0.1,0.1,0.1,0.0988204081632653,0.09981859410430838,0.0,5.598367841682128,8.347230488559061,2.7488626468769333,0.4910114384429211,21.671632653061224,233.43020408163267,211.75857142857143,9.77123296701227,0.0,0.0,0.0,,35.0,471.0,436.0,12.457142857142857,0.0,0.0,0.0,
1,0,0,99,single_node_silence,0.27487098841346136,0.27487098841346136,17,17,16,0.010104280730195134,0.1,0.1,0.1,0.09888367346938776,0.09988249845392702,0.0,5.598367841682128,8.005872026386312,2.407504184704184,0.430036798721823,21.671632653061224,248.3942857142857,226.7226530612245,10.461724628264166,0.0,0.0,0.0,,35.0,499.0,464.0,13.257142857142858,0.0,0.0,0.0,
