candidate_id,phase,evaluation_phase,base_tx_ratio,alpha,calibrated_intercept,calibration_probability_mean,search_probability_mean,actual_tx_ratio,mean_VAoI,mean_tail_VAoI,constraint_feasible,coarse_rank_within_alpha,evaluated_on_full,pruned_after_coarse,phase_slots,rank,selected
13,coarse,coarse,0.1,1.0,-2.627105712890625,0.10000008085804094,0.10135592889632523,0.10112499999999999,5.655026666666667,14.668835353535352,True,1,False,False,200,1,False
20,coarse,coarse,0.1,1.2,-2.717864990234375,0.1000002001853539,0.10164945197808777,0.10139000000000001,5.664209141414142,14.765251515151515,True,1,False,False,200,2,False
27,coarse,coarse,0.1,1.5,-2.8569488525390625,0.09999973857747563,0.10209950902252055,0.10204500000000001,5.669214242424243,15.124097979797977,True,1,False,False,200,3,False
6,coarse,coarse,0.1,0.5,-2.40716552734375,0.09999942166272553,0.10065176091988699,0.10018,5.671597373737375,14.670857575757575,True,1,False,False,200,4,False
34,coarse,coarse,0.1,1.8,-2.999481201171875,0.10000078886152851,0.10256101964779843,0.10254500000000003,5.73656090909091,15.462457575757577,True,1,False,False,200,5,False
19,coarse,coarse,0.08750000000000002,1.2,-2.8661346435546875,0.08749982429078329,0.08896808286632771,0.08879000000000001,5.817994797979798,15.422282828282828,True,2,False,False,200,6,False
12,coarse,coarse,0.08750000000000002,1.0,-2.77508544921875,0.08749946081849469,0.0887058024070449,0.088565,5.8423667676767685,15.344132323232321,True,2,False,False,200,7,False
26,coarse,coarse,0.08750000000000002,1.5,-3.005767822265625,0.08749948280397568,0.08937050312259881,0.08906499999999999,5.855131818181818,15.8048202020202,True,2,False,False,200,8,False
5,coarse,coarse,0.08750000000000002,0.5,-2.5546417236328125,0.0875000616883149,0.08807963667822784,0.08781,5.868064545454546,15.120701010101012,True,2,False,False,200,9,False
33,coarse,coarse,0.08750000000000002,1.8,-3.14898681640625,0.0875005924212012,0.08978403485385851,0.08951,5.897594595959596,16.06826363636364,True,2,False,False,200,10,False
20,coarse,full,0.1,1.2,-2.717864990234375,0.1000002001853539,0.10071713712571313,0.1002275,6.059631994949496,16.31385818181818,True,1,True,False,500,11,False
13,coarse,full,0.1,1.0,-2.627105712890625,0.10000008085804094,0.10059475750449218,0.10010000000000001,6.059634257575759,16.1882204040404,True,1,True,False,500,12,False
27,coarse,full,0.1,1.5,-2.8569488525390625,0.09999973857747563,0.10090091810268897,0.1004265,6.0785439747474745,16.62700737373737,True,1,True,False,500,13,False
6,coarse,full,0.1,0.5,-2.40716552734375,0.09999942166272553,0.10029239921162987,0.10001299999999999,6.092917373737374,16.040694545454546,True,1,True,False,500,14,False
40,refine,full,0.09687500000000002,1.0,-2.6624755859375,0.09687566543976063,0.09745396443673306,0.09701950000000001,6.100527434343434,16.328249797979797,True,,True,False,500,15,True
43,refine,full,0.09687500000000002,1.2,-2.753326416015625,0.09687418151963927,0.09757141547017564,0.097111,6.109101782828284,16.507070808080805,True,,True,False,500,16,False
46,refine,full,0.09687500000000002,1.5,-2.8925323486328125,0.09687504596716259,0.09775156937432473,0.097309,6.130437247474748,16.82758727272728,True,,True,False,500,17,False
34,coarse,full,0.1,1.8,-2.999481201171875,0.10000078886152851,0.1010864028738234,0.10059149999999999,6.136860570707071,17.039805353535353,True,1,True,False,500,18,False
37,refine,full,0.09687500000000002,0.5,-2.442413330078125,0.09687502897014982,0.0971598865311318,0.0968885,6.1421091363636355,16.160518989898993,True,,True,False,500,19,False
42,refine,full,0.09375000000000001,1.2,-2.789794921875,0.09375009874360561,0.09442746972676948,0.0940065,6.161336207070707,16.67128515151515,True,,True,False,500,20,False
39,refine,full,0.09375000000000001,1.0,-2.698883056640625,0.09375050906043043,0.09431228600192251,0.0939525,6.166148232323232,16.54324505050505,True,,True,False,500,21,False
49,refine,full,0.09687500000000002,1.8,-3.035247802734375,0.09687507332858868,0.09793109839936424,0.0974905,6.178411196969697,17.219013939393943,True,,True,False,500,22,False
45,refine,full,0.09375000000000001,1.5,-2.92913818359375,0.09375094301493712,0.09460259335485967,0.0941805,6.183393590909091,17.004822525252525,True,,True,False,500,23,False
36,refine,full,0.09375000000000001,0.5,-2.47869873046875,0.09374988604050927,0.09402655530092337,0.093726,6.194946707070708,16.320951414141412,True,,True,False,500,24,False
25,coarse,coarse,0.07500000000000001,1.5,-3.175018310546875,0.07499976375780423,0.07663268154065975,0.07654999999999999,6.216095303030303,16.622522222222223,True,3,False,True,200,25,False
41,refine,full,0.09062500000000001,1.2,-2.8273773193359375,0.0906248259455986,0.091282153934792,0.09089749999999999,6.220264611111111,16.900968686868683,True,,True,False,500,26,False
38,refine,full,0.09062500000000001,1.0,-2.73638916015625,0.09062546677355401,0.09117058157646143,0.090827,6.222698257575759,16.74330717171717,True,,True,False,500,27,False
11,coarse,coarse,0.07500000000000001,1.0,-2.9434814453125,0.0750001591391048,0.07605139913410412,0.0758,6.226276262626264,16.31373333333334,True,3,False,True,200,28,False
18,coarse,coarse,0.07500000000000001,1.2,-3.034820556640625,0.07500079302465118,0.07628104038934662,0.07602500000000001,6.229161565656566,16.49600505050505,True,3,False,True,200,29,False
48,refine,full,0.09375000000000001,1.8,-3.0720367431640625,0.09375003603036847,0.09477620542502416,0.094352,6.232718272727271,17.45035212121212,True,,True,False,500,30,False
44,refine,full,0.09062500000000001,1.5,-2.96685791015625,0.09062567285287995,0.09145221872446745,0.09103449999999999,6.247241409090908,17.21112898989899,True,,True,False,500,31,False
35,refine,full,0.09062500000000001,0.5,-2.516082763671875,0.09062485144740834,0.09089326628930892,0.09065350000000001,6.256419540404041,16.543693333333334,True,,True,False,500,32,False
32,coarse,coarse,0.07500000000000001,1.8,-3.318939208984375,0.07500030960389183,0.07699506489775494,0.077035,6.262896414141414,17.28031212121212,True,3,False,True,200,33,False
19,coarse,full,0.08750000000000002,1.2,-2.8661346435546875,0.08749982429078329,0.08813693831672126,0.0879055,6.291289434343434,17.117167575757577,True,2,True,False,500,34,False
4,coarse,coarse,0.07500000000000001,0.5,-2.722564697265625,0.07499951038127409,0.07550382795318474,0.07538999999999998,6.2938136868686865,16.129743434343435,True,3,False,True,200,35,False
12,coarse,full,0.08750000000000002,1.0,-2.77508544921875,0.08749946081849469,0.08802776743994255,0.087785,6.297141424242426,17.014128181818183,True,2,True,False,500,36,False
47,refine,full,0.09062500000000001,1.8,-3.10992431640625,0.09062516593811248,0.09162120751277189,0.09119200000000001,6.3035130101010095,17.68925878787879,True,,True,False,500,37,False
26,coarse,full,0.08750000000000002,1.5,-3.005767822265625,0.08749948280397568,0.08830069416361493,0.0879215,6.32327596969697,17.46122898989899,True,2,True,False,500,38,False
5,coarse,full,0.08750000000000002,0.5,-2.5546417236328125,0.0875000616883149,0.08776015633108726,0.087558,6.340925575757576,16.817735959595957,True,2,True,False,500,39,False
33,coarse,full,0.08750000000000002,1.8,-3.14898681640625,0.0875005924212012,0.08846623469421752,0.08804799999999999,6.378615762626263,17.943356161616162,True,2,True,False,500,40,False
10,coarse,coarse,0.0625,1.0,-3.139892578125,0.06249917874969167,0.06338963668254818,0.063135,6.7532609090909075,17.388074747474743,True,4,False,True,200,41,False
17,coarse,coarse,0.0625,1.2,-3.23150634765625,0.06250095969358407,0.06358607201457166,0.06331,6.789619444444445,17.833328282828283,True,4,False,True,200,42,False
24,coarse,coarse,0.0625,1.5,-3.37225341796875,0.0625005911485349,0.06388592513757556,0.06359499999999998,6.820991363636364,18.097229292929292,True,4,False,True,200,43,False
31,coarse,coarse,0.0625,1.8,-3.51690673828125,0.06249934822673171,0.06419328923637382,0.063975,6.833398434343435,18.42614343434343,True,4,False,True,200,44,False
3,coarse,coarse,0.0625,0.5,-2.91845703125,0.06250024017261895,0.06292681165067315,0.062665,6.89140782828283,17.47958383838384,True,4,False,True,200,45,False
16,coarse,coarse,0.05,1.2,-3.4688720703125,0.04999946328469622,0.050882225350719734,0.05057999999999999,7.76681590909091,19.85238484848485,True,5,False,True,200,46,False
23,coarse,coarse,0.05,1.5,-3.61016845703125,0.04999977072707125,0.051127859697822665,0.050714999999999996,7.783753383838383,20.062349494949494,True,5,False,True,200,47,False
9,coarse,coarse,0.05,1.0,-3.376922607421875,0.049999828040675084,0.050723817266364137,0.050315,7.799224040404042,19.83939595959596,True,5,False,True,200,48,False
30,coarse,coarse,0.05,1.8,-3.7554931640625,0.05000061637761245,0.05138146300353315,0.051019999999999996,7.809121212121212,20.410061616161613,True,5,False,True,200,49,False
2,coarse,coarse,0.05,0.5,-3.155029296875,0.04999903430315085,0.05034534032160953,0.050254999999999994,7.830470757575758,19.524960606060606,True,5,False,True,200,50,False
22,coarse,coarse,0.037500000000000006,1.5,-3.91241455078125,0.03750078496896057,0.03836189899555844,0.038185000000000004,9.253795656565655,22.506556565656563,True,6,False,True,200,51,False
29,coarse,coarse,0.037500000000000006,1.8,-4.0584716796875,0.03750093744289959,0.03855609399567477,0.03845,9.278296313131312,22.673559595959595,True,6,False,True,200,52,False
8,coarse,coarse,0.037500000000000006,1.0,-3.6783447265625,0.037499337584812976,0.0380510853569481,0.037809999999999996,9.290252222222223,22.128840404040407,True,6,False,True,200,53,False
15,coarse,coarse,0.037500000000000006,1.2,-3.77056884765625,0.03749993739514004,0.038173115331454496,0.038075,9.292148787878787,22.402494949494944,True,6,False,True,200,54,False
1,coarse,coarse,0.037500000000000006,0.5,-3.4559326171875,0.037499626791817814,0.037763161387006014,0.037235,9.491047777777778,22.2625393939394,True,6,False,True,200,55,False
21,coarse,coarse,0.025,1.5,-4.33233642578125,0.024999873385909845,0.02558405573532323,0.024985,11.800252171717172,24.84160303030303,True,7,False,True,200,56,False
14,coarse,coarse,0.025,1.2,-4.18988037109375,0.025000258882836038,0.02545650502136152,0.024844999999999996,11.813437020202022,24.798147474747473,True,7,False,True,200,57,False
28,coarse,coarse,0.025,1.8,-4.4791259765625,0.024999852262252303,0.025716455683086774,0.025124999999999998,11.813576464646465,24.822429292929293,True,7,False,True,200,58,False
7,coarse,coarse,0.025,1.0,-4.09735107421875,0.024999964730368,0.025373678944294202,0.024795,11.891493383838384,24.81620909090909,True,7,False,True,200,59,False
0,coarse,coarse,0.025,0.5,-3.87445068359375,0.02499998513438885,0.025178218775667595,0.024675000000000002,12.070347323232323,24.851248484848483,True,7,False,True,200,60,False
